Copyright 1986-2020 Xilinx, Inc. All Rights Reserved.
-----------------------------------------------------------------------------------------------------------------------------------------------------------------------------------------------------------
| Tool Version : Vivado v.2020.2 (win64) Build 3064766 Wed Nov 18 09:12:45 MST 2020
| Date         : Sat Jul 20 20:49:35 2024
| Host         : OGAS running 64-bit major release  (build 9200)
| Command      : report_timing_summary -max_paths 10 -file bd_0_wrapper_timing_summary_routed.rpt -pb bd_0_wrapper_timing_summary_routed.pb -rpx bd_0_wrapper_timing_summary_routed.rpx -warn_on_violation
| Design       : bd_0_wrapper
| Device       : 7z030-sbg485
| Speed File   : -3  PRODUCTION 1.12 2019-11-22
-----------------------------------------------------------------------------------------------------------------------------------------------------------------------------------------------------------

Timing Summary Report

------------------------------------------------------------------------------------------------
| Timer Settings
| --------------
------------------------------------------------------------------------------------------------

  Enable Multi Corner Analysis               :  Yes
  Enable Pessimism Removal                   :  Yes
  Pessimism Removal Resolution               :  Nearest Common Node
  Enable Input Delay Default Clock           :  No
  Enable Preset / Clear Arcs                 :  No
  Disable Flight Delays                      :  No
  Ignore I/O Paths                           :  No
  Timing Early Launch at Borrowing Latches   :  No
  Borrow Time for Max Delay Exceptions       :  Yes
  Merge Timing Exceptions                    :  Yes

  Corner  Analyze    Analyze    
  Name    Max Paths  Min Paths  
  ------  ---------  ---------  
  Slow    Yes        Yes        
  Fast    Yes        Yes        



check_timing report

Table of Contents
-----------------
1. checking no_clock (0)
2. checking constant_clock (0)
3. checking pulse_width_clock (0)
4. checking unconstrained_internal_endpoints (0)
5. checking no_input_delay (259)
6. checking no_output_delay (134)
7. checking multiple_clock (0)
8. checking generated_clocks (0)
9. checking loops (0)
10. checking partial_input_delay (0)
11. checking partial_output_delay (0)
12. checking latch_loops (0)

1. checking no_clock (0)
------------------------
 There are 0 register/latch pins with no clock.


2. checking constant_clock (0)
------------------------------
 There are 0 register/latch pins with constant_clock.


3. checking pulse_width_clock (0)
---------------------------------
 There are 0 register/latch pins which need pulse_width check


4. checking unconstrained_internal_endpoints (0)
------------------------------------------------
 There are 0 pins that are not constrained for maximum delay.

 There are 0 pins that are not constrained for maximum delay due to constant clock.


5. checking no_input_delay (259)
--------------------------------
 There are 259 input ports with no input delay specified. (HIGH)

 There are 0 input ports with no input delay but user has a false path constraint.


6. checking no_output_delay (134)
---------------------------------
 There are 134 ports with no output delay specified. (HIGH)

 There are 0 ports with no output delay but user has a false path constraint

 There are 0 ports with no output delay but with a timing clock defined on it or propagating through it


7. checking multiple_clock (0)
------------------------------
 There are 0 register/latch pins with multiple clocks.


8. checking generated_clocks (0)
--------------------------------
 There are 0 generated clocks that are not connected to a clock source.


9. checking loops (0)
---------------------
 There are 0 combinational loops in the design.


10. checking partial_input_delay (0)
------------------------------------
 There are 0 input ports with partial input delay specified.


11. checking partial_output_delay (0)
-------------------------------------
 There are 0 ports with partial output delay specified.


12. checking latch_loops (0)
----------------------------
 There are 0 combinational latch loops in the design through latch input



------------------------------------------------------------------------------------------------
| Design Timing Summary
| ---------------------
------------------------------------------------------------------------------------------------

    WNS(ns)      TNS(ns)  TNS Failing Endpoints  TNS Total Endpoints      WHS(ns)      THS(ns)  THS Failing Endpoints  THS Total Endpoints     WPWS(ns)     TPWS(ns)  TPWS Failing Endpoints  TPWS Total Endpoints  
    -------      -------  ---------------------  -------------------      -------      -------  ---------------------  -------------------     --------     --------  ----------------------  --------------------  
      2.004        0.000                      0                33016        0.049        0.000                      0                33016        4.326        0.000                       0                 16347  


All user specified timing constraints are met.


------------------------------------------------------------------------------------------------
| Clock Summary
| -------------
------------------------------------------------------------------------------------------------

Clock   Waveform(ns)       Period(ns)      Frequency(MHz)
-----   ------------       ----------      --------------
ap_clk  {0.000 5.000}      10.000          100.000         


------------------------------------------------------------------------------------------------
| Intra Clock Table
| -----------------
------------------------------------------------------------------------------------------------

Clock             WNS(ns)      TNS(ns)  TNS Failing Endpoints  TNS Total Endpoints      WHS(ns)      THS(ns)  THS Failing Endpoints  THS Total Endpoints     WPWS(ns)     TPWS(ns)  TPWS Failing Endpoints  TPWS Total Endpoints  
-----             -------      -------  ---------------------  -------------------      -------      -------  ---------------------  -------------------     --------     --------  ----------------------  --------------------  
ap_clk              2.004        0.000                      0                33016        0.049        0.000                      0                33016        4.326        0.000                       0                 16347  


------------------------------------------------------------------------------------------------
| Inter Clock Table
| -----------------
------------------------------------------------------------------------------------------------

From Clock    To Clock          WNS(ns)      TNS(ns)  TNS Failing Endpoints  TNS Total Endpoints      WHS(ns)      THS(ns)  THS Failing Endpoints  THS Total Endpoints  
----------    --------          -------      -------  ---------------------  -------------------      -------      -------  ---------------------  -------------------  


------------------------------------------------------------------------------------------------
| Other Path Groups Table
| -----------------------
------------------------------------------------------------------------------------------------

Path Group    From Clock    To Clock          WNS(ns)      TNS(ns)  TNS Failing Endpoints  TNS Total Endpoints      WHS(ns)      THS(ns)  THS Failing Endpoints  THS Total Endpoints  
----------    ----------    --------          -------      -------  ---------------------  -------------------      -------      -------  ---------------------  -------------------  


------------------------------------------------------------------------------------------------
| Timing Details
| --------------
------------------------------------------------------------------------------------------------


---------------------------------------------------------------------------------------------------
From Clock:  ap_clk
  To Clock:  ap_clk

Setup :            0  Failing Endpoints,  Worst Slack        2.004ns,  Total Violation        0.000ns
Hold  :            0  Failing Endpoints,  Worst Slack        0.049ns,  Total Violation        0.000ns
PW    :            0  Failing Endpoints,  Worst Slack        4.326ns,  Total Violation        0.000ns
---------------------------------------------------------------------------------------------------


Max Delay Paths
--------------------------------------------------------------------------------------
Slack (MET) :             2.004ns  (required time - arrival time)
  Source:                 bd_0_i/hls_inst/inst/grp_p_shadowquilt_main_loop_make_verticle_strip_fu_565/grp_makePatch_alignedToLine_fu_1322/grp_alignedtoline_per_layer_loop8_fu_183/mul_33s_25ns_58_1_1_U43/system_top_mul_33s_25ns_58_1_1_Multiplier_0_U/p__1/CLK
                            (rising edge-triggered cell DSP48E1 clocked by ap_clk  {rise@0.000ns fall@5.000ns period=10.000ns})
  Destination:            bd_0_i/hls_inst/inst/grp_p_shadowquilt_main_loop_make_verticle_strip_fu_565/grp_makePatch_alignedToLine_fu_1322/grp_alignedtoline_per_layer_loop8_fu_183/mul_78s_108ns_185_3_1_U44/system_top_mul_78s_108ns_185_3_1_Multiplier_1_U/buff0_reg__0/B[15]
                            (rising edge-triggered cell DSP48E1 clocked by ap_clk  {rise@0.000ns fall@5.000ns period=10.000ns})
  Path Group:             ap_clk
  Path Type:              Setup (Max at Slow Process Corner)
  Requirement:            10.000ns  (ap_clk rise@10.000ns - ap_clk rise@0.000ns)
  Data Path Delay:        7.586ns  (logic 4.265ns (56.224%)  route 3.321ns (43.776%))
  Logic Levels:           10  (CARRY4=8 DSP48E1=1 LUT2=1)
  Clock Path Skew:        -0.025ns (DCD - SCD + CPR)
    Destination Clock Delay (DCD):    0.483ns = ( 10.483 - 10.000 ) 
    Source Clock Delay      (SCD):    0.508ns
    Clock Pessimism Removal (CPR):    0.000ns
  Clock Uncertainty:      0.035ns  ((TSJ^2 + TIJ^2)^1/2 + DJ) / 2 + PE
    Total System Jitter     (TSJ):    0.071ns
    Total Input Jitter      (TIJ):    0.000ns
    Discrete Jitter          (DJ):    0.000ns
    Phase Error              (PE):    0.000ns

    Location             Delay type                Incr(ns)  Path(ns)    Netlist Resource(s)
  -------------------------------------------------------------------    -------------------
                         (clock ap_clk rise edge)     0.000     0.000 r  
                                                      0.000     0.000 r  ap_clk (IN)
                         net (fo=16362, unset)        0.508     0.508    bd_0_i/hls_inst/inst/grp_p_shadowquilt_main_loop_make_verticle_strip_fu_565/grp_makePatch_alignedToLine_fu_1322/grp_alignedtoline_per_layer_loop8_fu_183/mul_33s_25ns_58_1_1_U43/system_top_mul_33s_25ns_58_1_1_Multiplier_0_U/ap_clk
    DSP48_X5Y10          DSP48E1                                      r  bd_0_i/hls_inst/inst/grp_p_shadowquilt_main_loop_make_verticle_strip_fu_565/grp_makePatch_alignedToLine_fu_1322/grp_alignedtoline_per_layer_loop8_fu_183/mul_33s_25ns_58_1_1_U43/system_top_mul_33s_25ns_58_1_1_Multiplier_0_U/p__1/CLK
  -------------------------------------------------------------------    -------------------
    DSP48_X5Y10          DSP48E1 (Prop_dsp48e1_CLK_PCOUT[47])
                                                      2.626     3.134 r  bd_0_i/hls_inst/inst/grp_p_shadowquilt_main_loop_make_verticle_strip_fu_565/grp_makePatch_alignedToLine_fu_1322/grp_alignedtoline_per_layer_loop8_fu_183/mul_33s_25ns_58_1_1_U43/system_top_mul_33s_25ns_58_1_1_Multiplier_0_U/p__1/PCOUT[47]
                         net (fo=1, routed)           0.000     3.134    bd_0_i/hls_inst/inst/grp_p_shadowquilt_main_loop_make_verticle_strip_fu_565/grp_makePatch_alignedToLine_fu_1322/grp_alignedtoline_per_layer_loop8_fu_183/mul_33s_25ns_58_1_1_U43/system_top_mul_33s_25ns_58_1_1_Multiplier_0_U/p__1_n_123
    DSP48_X5Y11          DSP48E1 (Prop_dsp48e1_PCIN[47]_P[0])
                                                      0.938     4.072 r  bd_0_i/hls_inst/inst/grp_p_shadowquilt_main_loop_make_verticle_strip_fu_565/grp_makePatch_alignedToLine_fu_1322/grp_alignedtoline_per_layer_loop8_fu_183/mul_33s_25ns_58_1_1_U43/system_top_mul_33s_25ns_58_1_1_Multiplier_0_U/p__2/P[0]
                         net (fo=2, routed)           0.676     4.748    bd_0_i/hls_inst/inst/grp_p_shadowquilt_main_loop_make_verticle_strip_fu_565/grp_makePatch_alignedToLine_fu_1322/grp_alignedtoline_per_layer_loop8_fu_183/mul_33s_25ns_58_1_1_U43/system_top_mul_33s_25ns_58_1_1_Multiplier_0_U/p__2_0[0]
    SLICE_X105Y20        LUT2 (Prop_lut2_I0_O)        0.043     4.791 r  bd_0_i/hls_inst/inst/grp_p_shadowquilt_main_loop_make_verticle_strip_fu_565/grp_makePatch_alignedToLine_fu_1322/grp_alignedtoline_per_layer_loop8_fu_183/mul_33s_25ns_58_1_1_U43/system_top_mul_33s_25ns_58_1_1_Multiplier_0_U/tmp_product__0_i_19/O
                         net (fo=1, routed)           0.000     4.791    bd_0_i/hls_inst/inst/grp_p_shadowquilt_main_loop_make_verticle_strip_fu_565_n_19
    SLICE_X105Y20        CARRY4 (Prop_carry4_S[1]_CO[3])
                                                      0.257     5.048 r  bd_0_i/hls_inst/inst/mul_33s_25ns_58_1_1_U43/system_top_mul_33s_25ns_58_1_1_Multiplier_0_U/tmp_product__0_i_4/CO[3]
                         net (fo=1, routed)           0.000     5.048    bd_0_i/hls_inst/inst/mul_33s_25ns_58_1_1_U43/system_top_mul_33s_25ns_58_1_1_Multiplier_0_U/tmp_product__0_i_4_n_17
    SLICE_X105Y21        CARRY4 (Prop_carry4_CI_CO[3])
                                                      0.049     5.097 r  bd_0_i/hls_inst/inst/mul_33s_25ns_58_1_1_U43/system_top_mul_33s_25ns_58_1_1_Multiplier_0_U/tmp_product__0_i_3/CO[3]
                         net (fo=1, routed)           0.000     5.097    bd_0_i/hls_inst/inst/mul_33s_25ns_58_1_1_U43/system_top_mul_33s_25ns_58_1_1_Multiplier_0_U/tmp_product__0_i_3_n_17
    SLICE_X105Y22        CARRY4 (Prop_carry4_CI_CO[3])
                                                      0.049     5.146 r  bd_0_i/hls_inst/inst/mul_33s_25ns_58_1_1_U43/system_top_mul_33s_25ns_58_1_1_Multiplier_0_U/tmp_product__0_i_2/CO[3]
                         net (fo=1, routed)           0.000     5.146    bd_0_i/hls_inst/inst/mul_33s_25ns_58_1_1_U43/system_top_mul_33s_25ns_58_1_1_Multiplier_0_U/tmp_product__0_i_2_n_17
    SLICE_X105Y23        CARRY4 (Prop_carry4_CI_CO[3])
                                                      0.049     5.195 r  bd_0_i/hls_inst/inst/mul_33s_25ns_58_1_1_U43/system_top_mul_33s_25ns_58_1_1_Multiplier_0_U/tmp_product__0_i_1/CO[3]
                         net (fo=1, routed)           0.000     5.195    bd_0_i/hls_inst/inst/mul_33s_25ns_58_1_1_U43/system_top_mul_33s_25ns_58_1_1_Multiplier_0_U/tmp_product__0_i_1_n_17
    SLICE_X105Y24        CARRY4 (Prop_carry4_CI_CO[3])
                                                      0.049     5.244 r  bd_0_i/hls_inst/inst/mul_33s_25ns_58_1_1_U43/system_top_mul_33s_25ns_58_1_1_Multiplier_0_U/tmp_product__1_i_4/CO[3]
                         net (fo=1, routed)           0.007     5.251    bd_0_i/hls_inst/inst/mul_33s_25ns_58_1_1_U43/system_top_mul_33s_25ns_58_1_1_Multiplier_0_U/tmp_product__1_i_4_n_17
    SLICE_X105Y25        CARRY4 (Prop_carry4_CI_CO[3])
                                                      0.049     5.300 r  bd_0_i/hls_inst/inst/mul_33s_25ns_58_1_1_U43/system_top_mul_33s_25ns_58_1_1_Multiplier_0_U/tmp_product__1_i_3/CO[3]
                         net (fo=1, routed)           0.000     5.300    bd_0_i/hls_inst/inst/mul_33s_25ns_58_1_1_U43/system_top_mul_33s_25ns_58_1_1_Multiplier_0_U/tmp_product__1_i_3_n_17
    SLICE_X105Y26        CARRY4 (Prop_carry4_CI_CO[3])
                                                      0.049     5.349 r  bd_0_i/hls_inst/inst/mul_33s_25ns_58_1_1_U43/system_top_mul_33s_25ns_58_1_1_Multiplier_0_U/tmp_product__1_i_2/CO[3]
                         net (fo=1, routed)           0.000     5.349    bd_0_i/hls_inst/inst/mul_33s_25ns_58_1_1_U43/system_top_mul_33s_25ns_58_1_1_Multiplier_0_U/tmp_product__1_i_2_n_17
    SLICE_X105Y27        CARRY4 (Prop_carry4_CI_O[2])
                                                      0.107     5.456 r  bd_0_i/hls_inst/inst/mul_33s_25ns_58_1_1_U43/system_top_mul_33s_25ns_58_1_1_Multiplier_0_U/tmp_product__1_i_1/O[2]
                         net (fo=6, routed)           2.638     8.094    bd_0_i/hls_inst/inst/grp_p_shadowquilt_main_loop_make_verticle_strip_fu_565/grp_makePatch_alignedToLine_fu_1322/grp_alignedtoline_per_layer_loop8_fu_183/mul_78s_108ns_185_3_1_U44/system_top_mul_78s_108ns_185_3_1_Multiplier_1_U/tmp_product__1_0[30]
    DSP48_X3Y15          DSP48E1                                      r  bd_0_i/hls_inst/inst/grp_p_shadowquilt_main_loop_make_verticle_strip_fu_565/grp_makePatch_alignedToLine_fu_1322/grp_alignedtoline_per_layer_loop8_fu_183/mul_78s_108ns_185_3_1_U44/system_top_mul_78s_108ns_185_3_1_Multiplier_1_U/buff0_reg__0/B[15]
  -------------------------------------------------------------------    -------------------

                         (clock ap_clk rise edge)    10.000    10.000 r  
                                                      0.000    10.000 r  ap_clk (IN)
                         net (fo=16362, unset)        0.483    10.483    bd_0_i/hls_inst/inst/grp_p_shadowquilt_main_loop_make_verticle_strip_fu_565/grp_makePatch_alignedToLine_fu_1322/grp_alignedtoline_per_layer_loop8_fu_183/mul_78s_108ns_185_3_1_U44/system_top_mul_78s_108ns_185_3_1_Multiplier_1_U/ap_clk
    DSP48_X3Y15          DSP48E1                                      r  bd_0_i/hls_inst/inst/grp_p_shadowquilt_main_loop_make_verticle_strip_fu_565/grp_makePatch_alignedToLine_fu_1322/grp_alignedtoline_per_layer_loop8_fu_183/mul_78s_108ns_185_3_1_U44/system_top_mul_78s_108ns_185_3_1_Multiplier_1_U/buff0_reg__0/CLK
                         clock pessimism              0.000    10.483    
                         clock uncertainty           -0.035    10.447    
    DSP48_X3Y15          DSP48E1 (Setup_dsp48e1_CLK_B[15])
                                                     -0.350    10.097    bd_0_i/hls_inst/inst/grp_p_shadowquilt_main_loop_make_verticle_strip_fu_565/grp_makePatch_alignedToLine_fu_1322/grp_alignedtoline_per_layer_loop8_fu_183/mul_78s_108ns_185_3_1_U44/system_top_mul_78s_108ns_185_3_1_Multiplier_1_U/buff0_reg__0
  -------------------------------------------------------------------
                         required time                         10.097    
                         arrival time                          -8.094    
  -------------------------------------------------------------------
                         slack                                  2.004    

Slack (MET) :             2.146ns  (required time - arrival time)
  Source:                 bd_0_i/hls_inst/inst/grp_p_shadowquilt_main_loop_make_verticle_strip_fu_565/grp_makePatch_alignedToLine_fu_1322/grp_alignedtoline_per_layer_loop8_fu_183/mul_33s_25ns_58_1_1_U43/system_top_mul_33s_25ns_58_1_1_Multiplier_0_U/p__1/CLK
                            (rising edge-triggered cell DSP48E1 clocked by ap_clk  {rise@0.000ns fall@5.000ns period=10.000ns})
  Destination:            bd_0_i/hls_inst/inst/grp_p_shadowquilt_main_loop_make_verticle_strip_fu_565/grp_makePatch_alignedToLine_fu_1322/grp_alignedtoline_per_layer_loop8_fu_183/mul_78s_108ns_185_3_1_U44/system_top_mul_78s_108ns_185_3_1_Multiplier_1_U/tmp_product__13/A[8]
                            (rising edge-triggered cell DSP48E1 clocked by ap_clk  {rise@0.000ns fall@5.000ns period=10.000ns})
  Path Group:             ap_clk
  Path Type:              Setup (Max at Slow Process Corner)
  Requirement:            10.000ns  (ap_clk rise@10.000ns - ap_clk rise@0.000ns)
  Data Path Delay:        7.484ns  (logic 4.205ns (56.183%)  route 3.279ns (43.817%))
  Logic Levels:           8  (CARRY4=6 DSP48E1=1 LUT2=1)
  Clock Path Skew:        -0.025ns (DCD - SCD + CPR)
    Destination Clock Delay (DCD):    0.483ns = ( 10.483 - 10.000 ) 
    Source Clock Delay      (SCD):    0.508ns
    Clock Pessimism Removal (CPR):    0.000ns
  Clock Uncertainty:      0.035ns  ((TSJ^2 + TIJ^2)^1/2 + DJ) / 2 + PE
    Total System Jitter     (TSJ):    0.071ns
    Total Input Jitter      (TIJ):    0.000ns
    Discrete Jitter          (DJ):    0.000ns
    Phase Error              (PE):    0.000ns

    Location             Delay type                Incr(ns)  Path(ns)    Netlist Resource(s)
  -------------------------------------------------------------------    -------------------
                         (clock ap_clk rise edge)     0.000     0.000 r  
                                                      0.000     0.000 r  ap_clk (IN)
                         net (fo=16362, unset)        0.508     0.508    bd_0_i/hls_inst/inst/grp_p_shadowquilt_main_loop_make_verticle_strip_fu_565/grp_makePatch_alignedToLine_fu_1322/grp_alignedtoline_per_layer_loop8_fu_183/mul_33s_25ns_58_1_1_U43/system_top_mul_33s_25ns_58_1_1_Multiplier_0_U/ap_clk
    DSP48_X5Y10          DSP48E1                                      r  bd_0_i/hls_inst/inst/grp_p_shadowquilt_main_loop_make_verticle_strip_fu_565/grp_makePatch_alignedToLine_fu_1322/grp_alignedtoline_per_layer_loop8_fu_183/mul_33s_25ns_58_1_1_U43/system_top_mul_33s_25ns_58_1_1_Multiplier_0_U/p__1/CLK
  -------------------------------------------------------------------    -------------------
    DSP48_X5Y10          DSP48E1 (Prop_dsp48e1_CLK_PCOUT[47])
                                                      2.626     3.134 r  bd_0_i/hls_inst/inst/grp_p_shadowquilt_main_loop_make_verticle_strip_fu_565/grp_makePatch_alignedToLine_fu_1322/grp_alignedtoline_per_layer_loop8_fu_183/mul_33s_25ns_58_1_1_U43/system_top_mul_33s_25ns_58_1_1_Multiplier_0_U/p__1/PCOUT[47]
                         net (fo=1, routed)           0.000     3.134    bd_0_i/hls_inst/inst/grp_p_shadowquilt_main_loop_make_verticle_strip_fu_565/grp_makePatch_alignedToLine_fu_1322/grp_alignedtoline_per_layer_loop8_fu_183/mul_33s_25ns_58_1_1_U43/system_top_mul_33s_25ns_58_1_1_Multiplier_0_U/p__1_n_123
    DSP48_X5Y11          DSP48E1 (Prop_dsp48e1_PCIN[47]_P[0])
                                                      0.938     4.072 r  bd_0_i/hls_inst/inst/grp_p_shadowquilt_main_loop_make_verticle_strip_fu_565/grp_makePatch_alignedToLine_fu_1322/grp_alignedtoline_per_layer_loop8_fu_183/mul_33s_25ns_58_1_1_U43/system_top_mul_33s_25ns_58_1_1_Multiplier_0_U/p__2/P[0]
                         net (fo=2, routed)           0.676     4.748    bd_0_i/hls_inst/inst/grp_p_shadowquilt_main_loop_make_verticle_strip_fu_565/grp_makePatch_alignedToLine_fu_1322/grp_alignedtoline_per_layer_loop8_fu_183/mul_33s_25ns_58_1_1_U43/system_top_mul_33s_25ns_58_1_1_Multiplier_0_U/p__2_0[0]
    SLICE_X105Y20        LUT2 (Prop_lut2_I0_O)        0.043     4.791 r  bd_0_i/hls_inst/inst/grp_p_shadowquilt_main_loop_make_verticle_strip_fu_565/grp_makePatch_alignedToLine_fu_1322/grp_alignedtoline_per_layer_loop8_fu_183/mul_33s_25ns_58_1_1_U43/system_top_mul_33s_25ns_58_1_1_Multiplier_0_U/tmp_product__0_i_19/O
                         net (fo=1, routed)           0.000     4.791    bd_0_i/hls_inst/inst/grp_p_shadowquilt_main_loop_make_verticle_strip_fu_565_n_19
    SLICE_X105Y20        CARRY4 (Prop_carry4_S[1]_CO[3])
                                                      0.257     5.048 r  bd_0_i/hls_inst/inst/mul_33s_25ns_58_1_1_U43/system_top_mul_33s_25ns_58_1_1_Multiplier_0_U/tmp_product__0_i_4/CO[3]
                         net (fo=1, routed)           0.000     5.048    bd_0_i/hls_inst/inst/mul_33s_25ns_58_1_1_U43/system_top_mul_33s_25ns_58_1_1_Multiplier_0_U/tmp_product__0_i_4_n_17
    SLICE_X105Y21        CARRY4 (Prop_carry4_CI_CO[3])
                                                      0.049     5.097 r  bd_0_i/hls_inst/inst/mul_33s_25ns_58_1_1_U43/system_top_mul_33s_25ns_58_1_1_Multiplier_0_U/tmp_product__0_i_3/CO[3]
                         net (fo=1, routed)           0.000     5.097    bd_0_i/hls_inst/inst/mul_33s_25ns_58_1_1_U43/system_top_mul_33s_25ns_58_1_1_Multiplier_0_U/tmp_product__0_i_3_n_17
    SLICE_X105Y22        CARRY4 (Prop_carry4_CI_CO[3])
                                                      0.049     5.146 r  bd_0_i/hls_inst/inst/mul_33s_25ns_58_1_1_U43/system_top_mul_33s_25ns_58_1_1_Multiplier_0_U/tmp_product__0_i_2/CO[3]
                         net (fo=1, routed)           0.000     5.146    bd_0_i/hls_inst/inst/mul_33s_25ns_58_1_1_U43/system_top_mul_33s_25ns_58_1_1_Multiplier_0_U/tmp_product__0_i_2_n_17
    SLICE_X105Y23        CARRY4 (Prop_carry4_CI_CO[3])
                                                      0.049     5.195 r  bd_0_i/hls_inst/inst/mul_33s_25ns_58_1_1_U43/system_top_mul_33s_25ns_58_1_1_Multiplier_0_U/tmp_product__0_i_1/CO[3]
                         net (fo=1, routed)           0.000     5.195    bd_0_i/hls_inst/inst/mul_33s_25ns_58_1_1_U43/system_top_mul_33s_25ns_58_1_1_Multiplier_0_U/tmp_product__0_i_1_n_17
    SLICE_X105Y24        CARRY4 (Prop_carry4_CI_CO[3])
                                                      0.049     5.244 r  bd_0_i/hls_inst/inst/mul_33s_25ns_58_1_1_U43/system_top_mul_33s_25ns_58_1_1_Multiplier_0_U/tmp_product__1_i_4/CO[3]
                         net (fo=1, routed)           0.007     5.251    bd_0_i/hls_inst/inst/mul_33s_25ns_58_1_1_U43/system_top_mul_33s_25ns_58_1_1_Multiplier_0_U/tmp_product__1_i_4_n_17
    SLICE_X105Y25        CARRY4 (Prop_carry4_CI_O[3])
                                                      0.145     5.396 r  bd_0_i/hls_inst/inst/mul_33s_25ns_58_1_1_U43/system_top_mul_33s_25ns_58_1_1_Multiplier_0_U/tmp_product__1_i_3/O[3]
                         net (fo=6, routed)           2.597     7.992    bd_0_i/hls_inst/inst/grp_p_shadowquilt_main_loop_make_verticle_strip_fu_565/grp_makePatch_alignedToLine_fu_1322/grp_alignedtoline_per_layer_loop8_fu_183/mul_78s_108ns_185_3_1_U44/system_top_mul_78s_108ns_185_3_1_Multiplier_1_U/tmp_product__1_0[23]
    DSP48_X3Y9           DSP48E1                                      r  bd_0_i/hls_inst/inst/grp_p_shadowquilt_main_loop_make_verticle_strip_fu_565/grp_makePatch_alignedToLine_fu_1322/grp_alignedtoline_per_layer_loop8_fu_183/mul_78s_108ns_185_3_1_U44/system_top_mul_78s_108ns_185_3_1_Multiplier_1_U/tmp_product__13/A[8]
  -------------------------------------------------------------------    -------------------

                         (clock ap_clk rise edge)    10.000    10.000 r  
                                                      0.000    10.000 r  ap_clk (IN)
                         net (fo=16362, unset)        0.483    10.483    bd_0_i/hls_inst/inst/grp_p_shadowquilt_main_loop_make_verticle_strip_fu_565/grp_makePatch_alignedToLine_fu_1322/grp_alignedtoline_per_layer_loop8_fu_183/mul_78s_108ns_185_3_1_U44/system_top_mul_78s_108ns_185_3_1_Multiplier_1_U/ap_clk
    DSP48_X3Y9           DSP48E1                                      r  bd_0_i/hls_inst/inst/grp_p_shadowquilt_main_loop_make_verticle_strip_fu_565/grp_makePatch_alignedToLine_fu_1322/grp_alignedtoline_per_layer_loop8_fu_183/mul_78s_108ns_185_3_1_U44/system_top_mul_78s_108ns_185_3_1_Multiplier_1_U/tmp_product__13/CLK
                         clock pessimism              0.000    10.483    
                         clock uncertainty           -0.035    10.447    
    DSP48_X3Y9           DSP48E1 (Setup_dsp48e1_CLK_A[8])
                                                     -0.309    10.138    bd_0_i/hls_inst/inst/grp_p_shadowquilt_main_loop_make_verticle_strip_fu_565/grp_makePatch_alignedToLine_fu_1322/grp_alignedtoline_per_layer_loop8_fu_183/mul_78s_108ns_185_3_1_U44/system_top_mul_78s_108ns_185_3_1_Multiplier_1_U/tmp_product__13
  -------------------------------------------------------------------
                         required time                         10.138    
                         arrival time                          -7.992    
  -------------------------------------------------------------------
                         slack                                  2.146    

Slack (MET) :             2.261ns  (required time - arrival time)
  Source:                 bd_0_i/hls_inst/inst/grp_p_shadowquilt_main_loop_make_verticle_strip_fu_565/grp_makePatch_alignedToLine_fu_1322/grp_alignedtoline_per_layer_loop8_fu_183/grp_p_find_boundaries_and_starting_index_and_value9_fu_922/p_find_left_and_right_boundaries11_U0/trunc_ln565_2_reg_2793_reg[29]/C
                            (rising edge-triggered cell FDRE clocked by ap_clk  {rise@0.000ns fall@5.000ns period=10.000ns})
  Destination:            bd_0_i/hls_inst/inst/grp_p_shadowquilt_main_loop_make_verticle_strip_fu_565/grp_makePatch_alignedToLine_fu_1322/grp_alignedtoline_per_layer_loop8_fu_183/grp_p_find_boundaries_and_starting_index_and_value9_fu_922/p_find_left_and_right_boundaries11_U0/sub_ln947_3_reg_2537_reg[4]/D
                            (rising edge-triggered cell FDRE clocked by ap_clk  {rise@0.000ns fall@5.000ns period=10.000ns})
  Path Group:             ap_clk
  Path Type:              Setup (Max at Slow Process Corner)
  Requirement:            10.000ns  (ap_clk rise@10.000ns - ap_clk rise@0.000ns)
  Data Path Delay:        7.730ns  (logic 2.327ns (30.103%)  route 5.403ns (69.897%))
  Logic Levels:           22  (CARRY4=9 LUT1=2 LUT2=2 LUT5=5 LUT6=4)
  Clock Path Skew:        -0.025ns (DCD - SCD + CPR)
    Destination Clock Delay (DCD):    0.483ns = ( 10.483 - 10.000 ) 
    Source Clock Delay      (SCD):    0.508ns
    Clock Pessimism Removal (CPR):    0.000ns
  Clock Uncertainty:      0.035ns  ((TSJ^2 + TIJ^2)^1/2 + DJ) / 2 + PE
    Total System Jitter     (TSJ):    0.071ns
    Total Input Jitter      (TIJ):    0.000ns
    Discrete Jitter          (DJ):    0.000ns
    Phase Error              (PE):    0.000ns

    Location             Delay type                Incr(ns)  Path(ns)    Netlist Resource(s)
  -------------------------------------------------------------------    -------------------
                         (clock ap_clk rise edge)     0.000     0.000 r  
                                                      0.000     0.000 r  ap_clk (IN)
                         net (fo=16362, unset)        0.508     0.508    bd_0_i/hls_inst/inst/grp_p_shadowquilt_main_loop_make_verticle_strip_fu_565/grp_makePatch_alignedToLine_fu_1322/grp_alignedtoline_per_layer_loop8_fu_183/grp_p_find_boundaries_and_starting_index_and_value9_fu_922/p_find_left_and_right_boundaries11_U0/ap_clk
    SLICE_X109Y165       FDRE                                         r  bd_0_i/hls_inst/inst/grp_p_shadowquilt_main_loop_make_verticle_strip_fu_565/grp_makePatch_alignedToLine_fu_1322/grp_alignedtoline_per_layer_loop8_fu_183/grp_p_find_boundaries_and_starting_index_and_value9_fu_922/p_find_left_and_right_boundaries11_U0/trunc_ln565_2_reg_2793_reg[29]/C
  -------------------------------------------------------------------    -------------------
    SLICE_X109Y165       FDRE (Prop_fdre_C_Q)         0.216     0.724 f  bd_0_i/hls_inst/inst/grp_p_shadowquilt_main_loop_make_verticle_strip_fu_565/grp_makePatch_alignedToLine_fu_1322/grp_alignedtoline_per_layer_loop8_fu_183/grp_p_find_boundaries_and_starting_index_and_value9_fu_922/p_find_left_and_right_boundaries11_U0/trunc_ln565_2_reg_2793_reg[29]/Q
                         net (fo=6, routed)           0.311     1.035    bd_0_i/hls_inst/inst/grp_p_shadowquilt_main_loop_make_verticle_strip_fu_565/grp_makePatch_alignedToLine_fu_1322/grp_alignedtoline_per_layer_loop8_fu_183/grp_p_find_boundaries_and_starting_index_and_value9_fu_922/p_find_left_and_right_boundaries11_U0/zext_ln569_2_fu_2151_p1[29]
    SLICE_X111Y165       LUT1 (Prop_lut1_I0_O)        0.043     1.078 r  bd_0_i/hls_inst/inst/grp_p_shadowquilt_main_loop_make_verticle_strip_fu_565/grp_makePatch_alignedToLine_fu_1322/grp_alignedtoline_per_layer_loop8_fu_183/grp_p_find_boundaries_and_starting_index_and_value9_fu_922/p_find_left_and_right_boundaries11_U0/m_51_reg_2513[28]_i_24/O
                         net (fo=1, routed)           0.100     1.178    bd_0_i/hls_inst/inst/grp_p_shadowquilt_main_loop_make_verticle_strip_fu_565/grp_makePatch_alignedToLine_fu_1322/grp_alignedtoline_per_layer_loop8_fu_183/grp_p_find_boundaries_and_starting_index_and_value9_fu_922/p_find_left_and_right_boundaries11_U0/m_51_reg_2513[28]_i_24_n_17
    SLICE_X110Y165       CARRY4 (Prop_carry4_CYINIT_CO[3])
                                                      0.279     1.457 r  bd_0_i/hls_inst/inst/grp_p_shadowquilt_main_loop_make_verticle_strip_fu_565/grp_makePatch_alignedToLine_fu_1322/grp_alignedtoline_per_layer_loop8_fu_183/grp_p_find_boundaries_and_starting_index_and_value9_fu_922/p_find_left_and_right_boundaries11_U0/m_51_reg_2513_reg[28]_i_13/CO[3]
                         net (fo=1, routed)           0.000     1.457    bd_0_i/hls_inst/inst/grp_p_shadowquilt_main_loop_make_verticle_strip_fu_565/grp_makePatch_alignedToLine_fu_1322/grp_alignedtoline_per_layer_loop8_fu_183/grp_p_find_boundaries_and_starting_index_and_value9_fu_922/p_find_left_and_right_boundaries11_U0/m_51_reg_2513_reg[28]_i_13_n_17
    SLICE_X110Y166       CARRY4 (Prop_carry4_CI_CO[3])
                                                      0.049     1.506 r  bd_0_i/hls_inst/inst/grp_p_shadowquilt_main_loop_make_verticle_strip_fu_565/grp_makePatch_alignedToLine_fu_1322/grp_alignedtoline_per_layer_loop8_fu_183/grp_p_find_boundaries_and_starting_index_and_value9_fu_922/p_find_left_and_right_boundaries11_U0/m_51_reg_2513_reg[0]_i_44/CO[3]
                         net (fo=1, routed)           0.000     1.506    bd_0_i/hls_inst/inst/grp_p_shadowquilt_main_loop_make_verticle_strip_fu_565/grp_makePatch_alignedToLine_fu_1322/grp_alignedtoline_per_layer_loop8_fu_183/grp_p_find_boundaries_and_starting_index_and_value9_fu_922/p_find_left_and_right_boundaries11_U0/m_51_reg_2513_reg[0]_i_44_n_17
    SLICE_X110Y167       CARRY4 (Prop_carry4_CI_O[0])
                                                      0.104     1.610 f  bd_0_i/hls_inst/inst/grp_p_shadowquilt_main_loop_make_verticle_strip_fu_565/grp_makePatch_alignedToLine_fu_1322/grp_alignedtoline_per_layer_loop8_fu_183/grp_p_find_boundaries_and_starting_index_and_value9_fu_922/p_find_left_and_right_boundaries11_U0/m_51_reg_2513_reg[0]_i_41/O[0]
                         net (fo=4, routed)           0.435     2.045    bd_0_i/hls_inst/inst/grp_p_shadowquilt_main_loop_make_verticle_strip_fu_565/grp_makePatch_alignedToLine_fu_1322/grp_alignedtoline_per_layer_loop8_fu_183/grp_p_find_boundaries_and_starting_index_and_value9_fu_922/p_find_left_and_right_boundaries11_U0/man_V_9_fu_2155_p2[38]
    SLICE_X114Y169       LUT5 (Prop_lut5_I2_O)        0.128     2.173 f  bd_0_i/hls_inst/inst/grp_p_shadowquilt_main_loop_make_verticle_strip_fu_565/grp_makePatch_alignedToLine_fu_1322/grp_alignedtoline_per_layer_loop8_fu_183/grp_p_find_boundaries_and_starting_index_and_value9_fu_922/p_find_left_and_right_boundaries11_U0/lbVal_constprop[6]_i_4/O
                         net (fo=1, routed)           0.305     2.478    bd_0_i/hls_inst/inst/grp_p_shadowquilt_main_loop_make_verticle_strip_fu_565/grp_makePatch_alignedToLine_fu_1322/grp_alignedtoline_per_layer_loop8_fu_183/grp_p_find_boundaries_and_starting_index_and_value9_fu_922/p_find_left_and_right_boundaries11_U0/lbVal_constprop[6]_i_4_n_17
    SLICE_X116Y169       LUT6 (Prop_lut6_I5_O)        0.132     2.610 f  bd_0_i/hls_inst/inst/grp_p_shadowquilt_main_loop_make_verticle_strip_fu_565/grp_makePatch_alignedToLine_fu_1322/grp_alignedtoline_per_layer_loop8_fu_183/grp_p_find_boundaries_and_starting_index_and_value9_fu_922/p_find_left_and_right_boundaries11_U0/lbVal_constprop[6]_i_3/O
                         net (fo=4, routed)           0.257     2.867    bd_0_i/hls_inst/inst/grp_p_shadowquilt_main_loop_make_verticle_strip_fu_565/grp_makePatch_alignedToLine_fu_1322/grp_alignedtoline_per_layer_loop8_fu_183/grp_p_find_boundaries_and_starting_index_and_value9_fu_922/p_find_left_and_right_boundaries11_U0/lbVal_constprop[6]_i_3_n_17
    SLICE_X115Y169       LUT5 (Prop_lut5_I0_O)        0.043     2.910 f  bd_0_i/hls_inst/inst/grp_p_shadowquilt_main_loop_make_verticle_strip_fu_565/grp_makePatch_alignedToLine_fu_1322/grp_alignedtoline_per_layer_loop8_fu_183/grp_p_find_boundaries_and_starting_index_and_value9_fu_922/p_find_left_and_right_boundaries11_U0/m_51_reg_2513[0]_i_10/O
                         net (fo=1, routed)           0.286     3.197    bd_0_i/hls_inst/inst/grp_p_shadowquilt_main_loop_make_verticle_strip_fu_565/grp_makePatch_alignedToLine_fu_1322/grp_alignedtoline_per_layer_loop8_fu_183/grp_p_find_boundaries_and_starting_index_and_value9_fu_922/p_find_left_and_right_boundaries11_U0/m_51_reg_2513[0]_i_10_n_17
    SLICE_X115Y168       LUT6 (Prop_lut6_I5_O)        0.043     3.240 r  bd_0_i/hls_inst/inst/grp_p_shadowquilt_main_loop_make_verticle_strip_fu_565/grp_makePatch_alignedToLine_fu_1322/grp_alignedtoline_per_layer_loop8_fu_183/grp_p_find_boundaries_and_starting_index_and_value9_fu_922/p_find_left_and_right_boundaries11_U0/m_51_reg_2513[0]_i_3/O
                         net (fo=1, routed)           0.423     3.663    bd_0_i/hls_inst/inst/grp_p_shadowquilt_main_loop_make_verticle_strip_fu_565/grp_makePatch_alignedToLine_fu_1322/grp_alignedtoline_per_layer_loop8_fu_183/grp_p_find_boundaries_and_starting_index_and_value9_fu_922/p_find_left_and_right_boundaries11_U0/m_51_reg_2513[0]_i_3_n_17
    SLICE_X115Y162       LUT6 (Prop_lut6_I3_O)        0.043     3.706 f  bd_0_i/hls_inst/inst/grp_p_shadowquilt_main_loop_make_verticle_strip_fu_565/grp_makePatch_alignedToLine_fu_1322/grp_alignedtoline_per_layer_loop8_fu_183/grp_p_find_boundaries_and_starting_index_and_value9_fu_922/p_find_left_and_right_boundaries11_U0/m_51_reg_2513[0]_i_1/O
                         net (fo=9, routed)           0.394     4.100    bd_0_i/hls_inst/inst/grp_p_shadowquilt_main_loop_make_verticle_strip_fu_565/grp_makePatch_alignedToLine_fu_1322/grp_alignedtoline_per_layer_loop8_fu_183/grp_p_find_boundaries_and_starting_index_and_value9_fu_922/p_find_left_and_right_boundaries11_U0/lbVal_constprop_reg[0][0]
    SLICE_X117Y160       LUT1 (Prop_lut1_I0_O)        0.043     4.143 r  bd_0_i/hls_inst/inst/grp_p_shadowquilt_main_loop_make_verticle_strip_fu_565/grp_makePatch_alignedToLine_fu_1322/grp_alignedtoline_per_layer_loop8_fu_183/grp_p_find_boundaries_and_starting_index_and_value9_fu_922/p_find_left_and_right_boundaries11_U0/m_51_reg_2513[4]_i_4/O
                         net (fo=1, routed)           0.274     4.417    bd_0_i/hls_inst/inst/grp_p_shadowquilt_main_loop_make_verticle_strip_fu_565/grp_makePatch_alignedToLine_fu_1322/grp_alignedtoline_per_layer_loop8_fu_183/grp_p_find_boundaries_and_starting_index_and_value9_fu_922/p_find_left_and_right_boundaries11_U0/m_51_reg_2513[4]_i_4_n_17
    SLICE_X114Y157       CARRY4 (Prop_carry4_CYINIT_CO[3])
                                                      0.289     4.706 r  bd_0_i/hls_inst/inst/grp_p_shadowquilt_main_loop_make_verticle_strip_fu_565/grp_makePatch_alignedToLine_fu_1322/grp_alignedtoline_per_layer_loop8_fu_183/grp_p_find_boundaries_and_starting_index_and_value9_fu_922/p_find_left_and_right_boundaries11_U0/m_51_reg_2513_reg[4]_i_2/CO[3]
                         net (fo=1, routed)           0.000     4.706    bd_0_i/hls_inst/inst/grp_p_shadowquilt_main_loop_make_verticle_strip_fu_565/grp_makePatch_alignedToLine_fu_1322/grp_alignedtoline_per_layer_loop8_fu_183/grp_p_find_boundaries_and_starting_index_and_value9_fu_922/p_find_left_and_right_boundaries11_U0/m_51_reg_2513_reg[4]_i_2_n_17
    SLICE_X114Y158       CARRY4 (Prop_carry4_CI_CO[3])
                                                      0.050     4.756 r  bd_0_i/hls_inst/inst/grp_p_shadowquilt_main_loop_make_verticle_strip_fu_565/grp_makePatch_alignedToLine_fu_1322/grp_alignedtoline_per_layer_loop8_fu_183/grp_p_find_boundaries_and_starting_index_and_value9_fu_922/p_find_left_and_right_boundaries11_U0/m_51_reg_2513_reg[8]_i_2/CO[3]
                         net (fo=1, routed)           0.000     4.756    bd_0_i/hls_inst/inst/grp_p_shadowquilt_main_loop_make_verticle_strip_fu_565/grp_makePatch_alignedToLine_fu_1322/grp_alignedtoline_per_layer_loop8_fu_183/grp_p_find_boundaries_and_starting_index_and_value9_fu_922/p_find_left_and_right_boundaries11_U0/m_51_reg_2513_reg[8]_i_2_n_17
    SLICE_X114Y159       CARRY4 (Prop_carry4_CI_CO[3])
                                                      0.050     4.806 r  bd_0_i/hls_inst/inst/grp_p_shadowquilt_main_loop_make_verticle_strip_fu_565/grp_makePatch_alignedToLine_fu_1322/grp_alignedtoline_per_layer_loop8_fu_183/grp_p_find_boundaries_and_starting_index_and_value9_fu_922/p_find_left_and_right_boundaries11_U0/m_51_reg_2513_reg[12]_i_2/CO[3]
                         net (fo=1, routed)           0.000     4.806    bd_0_i/hls_inst/inst/grp_p_shadowquilt_main_loop_make_verticle_strip_fu_565/grp_makePatch_alignedToLine_fu_1322/grp_alignedtoline_per_layer_loop8_fu_183/grp_p_find_boundaries_and_starting_index_and_value9_fu_922/p_find_left_and_right_boundaries11_U0/m_51_reg_2513_reg[12]_i_2_n_17
    SLICE_X114Y160       CARRY4 (Prop_carry4_CI_CO[3])
                                                      0.050     4.856 r  bd_0_i/hls_inst/inst/grp_p_shadowquilt_main_loop_make_verticle_strip_fu_565/grp_makePatch_alignedToLine_fu_1322/grp_alignedtoline_per_layer_loop8_fu_183/grp_p_find_boundaries_and_starting_index_and_value9_fu_922/p_find_left_and_right_boundaries11_U0/m_51_reg_2513_reg[16]_i_2/CO[3]
                         net (fo=1, routed)           0.000     4.856    bd_0_i/hls_inst/inst/grp_p_shadowquilt_main_loop_make_verticle_strip_fu_565/grp_makePatch_alignedToLine_fu_1322/grp_alignedtoline_per_layer_loop8_fu_183/grp_p_find_boundaries_and_starting_index_and_value9_fu_922/p_find_left_and_right_boundaries11_U0/m_51_reg_2513_reg[16]_i_2_n_17
    SLICE_X114Y161       CARRY4 (Prop_carry4_CI_CO[3])
                                                      0.050     4.906 r  bd_0_i/hls_inst/inst/grp_p_shadowquilt_main_loop_make_verticle_strip_fu_565/grp_makePatch_alignedToLine_fu_1322/grp_alignedtoline_per_layer_loop8_fu_183/grp_p_find_boundaries_and_starting_index_and_value9_fu_922/p_find_left_and_right_boundaries11_U0/m_51_reg_2513_reg[20]_i_2/CO[3]
                         net (fo=1, routed)           0.000     4.906    bd_0_i/hls_inst/inst/grp_p_shadowquilt_main_loop_make_verticle_strip_fu_565/grp_makePatch_alignedToLine_fu_1322/grp_alignedtoline_per_layer_loop8_fu_183/grp_p_find_boundaries_and_starting_index_and_value9_fu_922/p_find_left_and_right_boundaries11_U0/m_51_reg_2513_reg[20]_i_2_n_17
    SLICE_X114Y162       CARRY4 (Prop_carry4_CI_O[0])
                                                      0.102     5.008 f  bd_0_i/hls_inst/inst/grp_p_shadowquilt_main_loop_make_verticle_strip_fu_565/grp_makePatch_alignedToLine_fu_1322/grp_alignedtoline_per_layer_loop8_fu_183/grp_p_find_boundaries_and_starting_index_and_value9_fu_922/p_find_left_and_right_boundaries11_U0/m_51_reg_2513_reg[24]_i_2/O[0]
                         net (fo=4, routed)           0.507     5.515    bd_0_i/hls_inst/inst/grp_p_shadowquilt_main_loop_make_verticle_strip_fu_565/grp_makePatch_alignedToLine_fu_1322/grp_alignedtoline_per_layer_loop8_fu_183/grp_p_find_boundaries_and_starting_index_and_value9_fu_922/p_find_left_and_right_boundaries11_U0/tmp_V_11_fu_915_p2[21]
    SLICE_X112Y160       LUT5 (Prop_lut5_I1_O)        0.124     5.639 f  bd_0_i/hls_inst/inst/grp_p_shadowquilt_main_loop_make_verticle_strip_fu_565/grp_makePatch_alignedToLine_fu_1322/grp_alignedtoline_per_layer_loop8_fu_183/grp_p_find_boundaries_and_starting_index_and_value9_fu_922/p_find_left_and_right_boundaries11_U0/sub_ln947_3_reg_2537[0]_i_7/O
                         net (fo=2, routed)           0.430     6.069    bd_0_i/hls_inst/inst/grp_p_shadowquilt_main_loop_make_verticle_strip_fu_565/grp_makePatch_alignedToLine_fu_1322/grp_alignedtoline_per_layer_loop8_fu_183/grp_p_find_boundaries_and_starting_index_and_value9_fu_922/p_find_left_and_right_boundaries11_U0/sub_ln947_3_reg_2537[0]_i_7_n_17
    SLICE_X113Y158       LUT5 (Prop_lut5_I3_O)        0.129     6.198 f  bd_0_i/hls_inst/inst/grp_p_shadowquilt_main_loop_make_verticle_strip_fu_565/grp_makePatch_alignedToLine_fu_1322/grp_alignedtoline_per_layer_loop8_fu_183/grp_p_find_boundaries_and_starting_index_and_value9_fu_922/p_find_left_and_right_boundaries11_U0/sub_ln947_3_reg_2537[0]_i_5/O
                         net (fo=2, routed)           0.355     6.553    bd_0_i/hls_inst/inst/grp_p_shadowquilt_main_loop_make_verticle_strip_fu_565/grp_makePatch_alignedToLine_fu_1322/grp_alignedtoline_per_layer_loop8_fu_183/grp_p_find_boundaries_and_starting_index_and_value9_fu_922/p_find_left_and_right_boundaries11_U0/sub_ln947_3_reg_2537[0]_i_5_n_17
    SLICE_X113Y159       LUT6 (Prop_lut6_I4_O)        0.043     6.596 r  bd_0_i/hls_inst/inst/grp_p_shadowquilt_main_loop_make_verticle_strip_fu_565/grp_makePatch_alignedToLine_fu_1322/grp_alignedtoline_per_layer_loop8_fu_183/grp_p_find_boundaries_and_starting_index_and_value9_fu_922/p_find_left_and_right_boundaries11_U0/trunc_ln943_3_reg_2548[0]_i_1/O
                         net (fo=9, routed)           0.606     7.202    bd_0_i/hls_inst/inst/grp_p_shadowquilt_main_loop_make_verticle_strip_fu_565/grp_makePatch_alignedToLine_fu_1322/grp_alignedtoline_per_layer_loop8_fu_183/grp_p_find_boundaries_and_starting_index_and_value9_fu_922/p_find_left_and_right_boundaries11_U0/trunc_ln943_3_reg_2548[0]_i_1_n_17
    SLICE_X113Y156       LUT2 (Prop_lut2_I1_O)        0.050     7.252 f  bd_0_i/hls_inst/inst/grp_p_shadowquilt_main_loop_make_verticle_strip_fu_565/grp_makePatch_alignedToLine_fu_1322/grp_alignedtoline_per_layer_loop8_fu_183/grp_p_find_boundaries_and_starting_index_and_value9_fu_922/p_find_left_and_right_boundaries11_U0/sub_ln944_3_reg_2519[1]_i_1/O
                         net (fo=5, routed)           0.307     7.558    bd_0_i/hls_inst/inst/grp_p_shadowquilt_main_loop_make_verticle_strip_fu_565/grp_makePatch_alignedToLine_fu_1322/grp_alignedtoline_per_layer_loop8_fu_183/grp_p_find_boundaries_and_starting_index_and_value9_fu_922/p_find_left_and_right_boundaries11_U0/sub_ln944_3_fu_947_p2[1]
    SLICE_X114Y156       LUT2 (Prop_lut2_I1_O)        0.133     7.691 r  bd_0_i/hls_inst/inst/grp_p_shadowquilt_main_loop_make_verticle_strip_fu_565/grp_makePatch_alignedToLine_fu_1322/grp_alignedtoline_per_layer_loop8_fu_183/grp_p_find_boundaries_and_starting_index_and_value9_fu_922/p_find_left_and_right_boundaries11_U0/sub_ln947_3_reg_2537[5]_i_2/O
                         net (fo=3, routed)           0.413     8.104    bd_0_i/hls_inst/inst/grp_p_shadowquilt_main_loop_make_verticle_strip_fu_565/grp_makePatch_alignedToLine_fu_1322/grp_alignedtoline_per_layer_loop8_fu_183/grp_p_find_boundaries_and_starting_index_and_value9_fu_922/p_find_left_and_right_boundaries11_U0/sub_ln947_3_reg_2537[5]_i_2_n_17
    SLICE_X112Y156       LUT5 (Prop_lut5_I2_O)        0.134     8.238 r  bd_0_i/hls_inst/inst/grp_p_shadowquilt_main_loop_make_verticle_strip_fu_565/grp_makePatch_alignedToLine_fu_1322/grp_alignedtoline_per_layer_loop8_fu_183/grp_p_find_boundaries_and_starting_index_and_value9_fu_922/p_find_left_and_right_boundaries11_U0/sub_ln947_3_reg_2537[4]_i_1/O
                         net (fo=1, routed)           0.000     8.238    bd_0_i/hls_inst/inst/grp_p_shadowquilt_main_loop_make_verticle_strip_fu_565/grp_makePatch_alignedToLine_fu_1322/grp_alignedtoline_per_layer_loop8_fu_183/grp_p_find_boundaries_and_starting_index_and_value9_fu_922/p_find_left_and_right_boundaries11_U0/sub_ln947_3_fu_973_p2[4]
    SLICE_X112Y156       FDRE                                         r  bd_0_i/hls_inst/inst/grp_p_shadowquilt_main_loop_make_verticle_strip_fu_565/grp_makePatch_alignedToLine_fu_1322/grp_alignedtoline_per_layer_loop8_fu_183/grp_p_find_boundaries_and_starting_index_and_value9_fu_922/p_find_left_and_right_boundaries11_U0/sub_ln947_3_reg_2537_reg[4]/D
  -------------------------------------------------------------------    -------------------

                         (clock ap_clk rise edge)    10.000    10.000 r  
                                                      0.000    10.000 r  ap_clk (IN)
                         net (fo=16362, unset)        0.483    10.483    bd_0_i/hls_inst/inst/grp_p_shadowquilt_main_loop_make_verticle_strip_fu_565/grp_makePatch_alignedToLine_fu_1322/grp_alignedtoline_per_layer_loop8_fu_183/grp_p_find_boundaries_and_starting_index_and_value9_fu_922/p_find_left_and_right_boundaries11_U0/ap_clk
    SLICE_X112Y156       FDRE                                         r  bd_0_i/hls_inst/inst/grp_p_shadowquilt_main_loop_make_verticle_strip_fu_565/grp_makePatch_alignedToLine_fu_1322/grp_alignedtoline_per_layer_loop8_fu_183/grp_p_find_boundaries_and_starting_index_and_value9_fu_922/p_find_left_and_right_boundaries11_U0/sub_ln947_3_reg_2537_reg[4]/C
                         clock pessimism              0.000    10.483    
                         clock uncertainty           -0.035    10.447    
    SLICE_X112Y156       FDRE (Setup_fdre_C_D)        0.052    10.499    bd_0_i/hls_inst/inst/grp_p_shadowquilt_main_loop_make_verticle_strip_fu_565/grp_makePatch_alignedToLine_fu_1322/grp_alignedtoline_per_layer_loop8_fu_183/grp_p_find_boundaries_and_starting_index_and_value9_fu_922/p_find_left_and_right_boundaries11_U0/sub_ln947_3_reg_2537_reg[4]
  -------------------------------------------------------------------
                         required time                         10.499    
                         arrival time                          -8.238    
  -------------------------------------------------------------------
                         slack                                  2.261    

Slack (MET) :             2.263ns  (required time - arrival time)
  Source:                 bd_0_i/hls_inst/inst/grp_p_shadowquilt_main_loop_make_verticle_strip_fu_565/grp_makePatch_alignedToLine_fu_1322/grp_alignedtoline_per_layer_loop8_fu_183/mul_33s_25ns_58_1_1_U43/system_top_mul_33s_25ns_58_1_1_Multiplier_0_U/p__1/CLK
                            (rising edge-triggered cell DSP48E1 clocked by ap_clk  {rise@0.000ns fall@5.000ns period=10.000ns})
  Destination:            bd_0_i/hls_inst/inst/grp_p_shadowquilt_main_loop_make_verticle_strip_fu_565/grp_makePatch_alignedToLine_fu_1322/grp_alignedtoline_per_layer_loop8_fu_183/mul_78s_108ns_185_3_1_U44/system_top_mul_78s_108ns_185_3_1_Multiplier_1_U/tmp_product__1/A[15]
                            (rising edge-triggered cell DSP48E1 clocked by ap_clk  {rise@0.000ns fall@5.000ns period=10.000ns})
  Path Group:             ap_clk
  Path Type:              Setup (Max at Slow Process Corner)
  Requirement:            10.000ns  (ap_clk rise@10.000ns - ap_clk rise@0.000ns)
  Data Path Delay:        7.369ns  (logic 4.265ns (57.874%)  route 3.104ns (42.126%))
  Logic Levels:           10  (CARRY4=8 DSP48E1=1 LUT2=1)
  Clock Path Skew:        -0.025ns (DCD - SCD + CPR)
    Destination Clock Delay (DCD):    0.483ns = ( 10.483 - 10.000 ) 
    Source Clock Delay      (SCD):    0.508ns
    Clock Pessimism Removal (CPR):    0.000ns
  Clock Uncertainty:      0.035ns  ((TSJ^2 + TIJ^2)^1/2 + DJ) / 2 + PE
    Total System Jitter     (TSJ):    0.071ns
    Total Input Jitter      (TIJ):    0.000ns
    Discrete Jitter          (DJ):    0.000ns
    Phase Error              (PE):    0.000ns

    Location             Delay type                Incr(ns)  Path(ns)    Netlist Resource(s)
  -------------------------------------------------------------------    -------------------
                         (clock ap_clk rise edge)     0.000     0.000 r  
                                                      0.000     0.000 r  ap_clk (IN)
                         net (fo=16362, unset)        0.508     0.508    bd_0_i/hls_inst/inst/grp_p_shadowquilt_main_loop_make_verticle_strip_fu_565/grp_makePatch_alignedToLine_fu_1322/grp_alignedtoline_per_layer_loop8_fu_183/mul_33s_25ns_58_1_1_U43/system_top_mul_33s_25ns_58_1_1_Multiplier_0_U/ap_clk
    DSP48_X5Y10          DSP48E1                                      r  bd_0_i/hls_inst/inst/grp_p_shadowquilt_main_loop_make_verticle_strip_fu_565/grp_makePatch_alignedToLine_fu_1322/grp_alignedtoline_per_layer_loop8_fu_183/mul_33s_25ns_58_1_1_U43/system_top_mul_33s_25ns_58_1_1_Multiplier_0_U/p__1/CLK
  -------------------------------------------------------------------    -------------------
    DSP48_X5Y10          DSP48E1 (Prop_dsp48e1_CLK_PCOUT[47])
                                                      2.626     3.134 r  bd_0_i/hls_inst/inst/grp_p_shadowquilt_main_loop_make_verticle_strip_fu_565/grp_makePatch_alignedToLine_fu_1322/grp_alignedtoline_per_layer_loop8_fu_183/mul_33s_25ns_58_1_1_U43/system_top_mul_33s_25ns_58_1_1_Multiplier_0_U/p__1/PCOUT[47]
                         net (fo=1, routed)           0.000     3.134    bd_0_i/hls_inst/inst/grp_p_shadowquilt_main_loop_make_verticle_strip_fu_565/grp_makePatch_alignedToLine_fu_1322/grp_alignedtoline_per_layer_loop8_fu_183/mul_33s_25ns_58_1_1_U43/system_top_mul_33s_25ns_58_1_1_Multiplier_0_U/p__1_n_123
    DSP48_X5Y11          DSP48E1 (Prop_dsp48e1_PCIN[47]_P[0])
                                                      0.938     4.072 r  bd_0_i/hls_inst/inst/grp_p_shadowquilt_main_loop_make_verticle_strip_fu_565/grp_makePatch_alignedToLine_fu_1322/grp_alignedtoline_per_layer_loop8_fu_183/mul_33s_25ns_58_1_1_U43/system_top_mul_33s_25ns_58_1_1_Multiplier_0_U/p__2/P[0]
                         net (fo=2, routed)           0.676     4.748    bd_0_i/hls_inst/inst/grp_p_shadowquilt_main_loop_make_verticle_strip_fu_565/grp_makePatch_alignedToLine_fu_1322/grp_alignedtoline_per_layer_loop8_fu_183/mul_33s_25ns_58_1_1_U43/system_top_mul_33s_25ns_58_1_1_Multiplier_0_U/p__2_0[0]
    SLICE_X105Y20        LUT2 (Prop_lut2_I0_O)        0.043     4.791 r  bd_0_i/hls_inst/inst/grp_p_shadowquilt_main_loop_make_verticle_strip_fu_565/grp_makePatch_alignedToLine_fu_1322/grp_alignedtoline_per_layer_loop8_fu_183/mul_33s_25ns_58_1_1_U43/system_top_mul_33s_25ns_58_1_1_Multiplier_0_U/tmp_product__0_i_19/O
                         net (fo=1, routed)           0.000     4.791    bd_0_i/hls_inst/inst/grp_p_shadowquilt_main_loop_make_verticle_strip_fu_565_n_19
    SLICE_X105Y20        CARRY4 (Prop_carry4_S[1]_CO[3])
                                                      0.257     5.048 r  bd_0_i/hls_inst/inst/mul_33s_25ns_58_1_1_U43/system_top_mul_33s_25ns_58_1_1_Multiplier_0_U/tmp_product__0_i_4/CO[3]
                         net (fo=1, routed)           0.000     5.048    bd_0_i/hls_inst/inst/mul_33s_25ns_58_1_1_U43/system_top_mul_33s_25ns_58_1_1_Multiplier_0_U/tmp_product__0_i_4_n_17
    SLICE_X105Y21        CARRY4 (Prop_carry4_CI_CO[3])
                                                      0.049     5.097 r  bd_0_i/hls_inst/inst/mul_33s_25ns_58_1_1_U43/system_top_mul_33s_25ns_58_1_1_Multiplier_0_U/tmp_product__0_i_3/CO[3]
                         net (fo=1, routed)           0.000     5.097    bd_0_i/hls_inst/inst/mul_33s_25ns_58_1_1_U43/system_top_mul_33s_25ns_58_1_1_Multiplier_0_U/tmp_product__0_i_3_n_17
    SLICE_X105Y22        CARRY4 (Prop_carry4_CI_CO[3])
                                                      0.049     5.146 r  bd_0_i/hls_inst/inst/mul_33s_25ns_58_1_1_U43/system_top_mul_33s_25ns_58_1_1_Multiplier_0_U/tmp_product__0_i_2/CO[3]
                         net (fo=1, routed)           0.000     5.146    bd_0_i/hls_inst/inst/mul_33s_25ns_58_1_1_U43/system_top_mul_33s_25ns_58_1_1_Multiplier_0_U/tmp_product__0_i_2_n_17
    SLICE_X105Y23        CARRY4 (Prop_carry4_CI_CO[3])
                                                      0.049     5.195 r  bd_0_i/hls_inst/inst/mul_33s_25ns_58_1_1_U43/system_top_mul_33s_25ns_58_1_1_Multiplier_0_U/tmp_product__0_i_1/CO[3]
                         net (fo=1, routed)           0.000     5.195    bd_0_i/hls_inst/inst/mul_33s_25ns_58_1_1_U43/system_top_mul_33s_25ns_58_1_1_Multiplier_0_U/tmp_product__0_i_1_n_17
    SLICE_X105Y24        CARRY4 (Prop_carry4_CI_CO[3])
                                                      0.049     5.244 r  bd_0_i/hls_inst/inst/mul_33s_25ns_58_1_1_U43/system_top_mul_33s_25ns_58_1_1_Multiplier_0_U/tmp_product__1_i_4/CO[3]
                         net (fo=1, routed)           0.007     5.251    bd_0_i/hls_inst/inst/mul_33s_25ns_58_1_1_U43/system_top_mul_33s_25ns_58_1_1_Multiplier_0_U/tmp_product__1_i_4_n_17
    SLICE_X105Y25        CARRY4 (Prop_carry4_CI_CO[3])
                                                      0.049     5.300 r  bd_0_i/hls_inst/inst/mul_33s_25ns_58_1_1_U43/system_top_mul_33s_25ns_58_1_1_Multiplier_0_U/tmp_product__1_i_3/CO[3]
                         net (fo=1, routed)           0.000     5.300    bd_0_i/hls_inst/inst/mul_33s_25ns_58_1_1_U43/system_top_mul_33s_25ns_58_1_1_Multiplier_0_U/tmp_product__1_i_3_n_17
    SLICE_X105Y26        CARRY4 (Prop_carry4_CI_CO[3])
                                                      0.049     5.349 r  bd_0_i/hls_inst/inst/mul_33s_25ns_58_1_1_U43/system_top_mul_33s_25ns_58_1_1_Multiplier_0_U/tmp_product__1_i_2/CO[3]
                         net (fo=1, routed)           0.000     5.349    bd_0_i/hls_inst/inst/mul_33s_25ns_58_1_1_U43/system_top_mul_33s_25ns_58_1_1_Multiplier_0_U/tmp_product__1_i_2_n_17
    SLICE_X105Y27        CARRY4 (Prop_carry4_CI_O[2])
                                                      0.107     5.456 r  bd_0_i/hls_inst/inst/mul_33s_25ns_58_1_1_U43/system_top_mul_33s_25ns_58_1_1_Multiplier_0_U/tmp_product__1_i_1/O[2]
                         net (fo=6, routed)           2.422     7.877    bd_0_i/hls_inst/inst/grp_p_shadowquilt_main_loop_make_verticle_strip_fu_565/grp_makePatch_alignedToLine_fu_1322/grp_alignedtoline_per_layer_loop8_fu_183/mul_78s_108ns_185_3_1_U44/system_top_mul_78s_108ns_185_3_1_Multiplier_1_U/tmp_product__1_0[30]
    DSP48_X3Y13          DSP48E1                                      r  bd_0_i/hls_inst/inst/grp_p_shadowquilt_main_loop_make_verticle_strip_fu_565/grp_makePatch_alignedToLine_fu_1322/grp_alignedtoline_per_layer_loop8_fu_183/mul_78s_108ns_185_3_1_U44/system_top_mul_78s_108ns_185_3_1_Multiplier_1_U/tmp_product__1/A[15]
  -------------------------------------------------------------------    -------------------

                         (clock ap_clk rise edge)    10.000    10.000 r  
                                                      0.000    10.000 r  ap_clk (IN)
                         net (fo=16362, unset)        0.483    10.483    bd_0_i/hls_inst/inst/grp_p_shadowquilt_main_loop_make_verticle_strip_fu_565/grp_makePatch_alignedToLine_fu_1322/grp_alignedtoline_per_layer_loop8_fu_183/mul_78s_108ns_185_3_1_U44/system_top_mul_78s_108ns_185_3_1_Multiplier_1_U/ap_clk
    DSP48_X3Y13          DSP48E1                                      r  bd_0_i/hls_inst/inst/grp_p_shadowquilt_main_loop_make_verticle_strip_fu_565/grp_makePatch_alignedToLine_fu_1322/grp_alignedtoline_per_layer_loop8_fu_183/mul_78s_108ns_185_3_1_U44/system_top_mul_78s_108ns_185_3_1_Multiplier_1_U/tmp_product__1/CLK
                         clock pessimism              0.000    10.483    
                         clock uncertainty           -0.035    10.447    
    DSP48_X3Y13          DSP48E1 (Setup_dsp48e1_CLK_A[15])
                                                     -0.307    10.140    bd_0_i/hls_inst/inst/grp_p_shadowquilt_main_loop_make_verticle_strip_fu_565/grp_makePatch_alignedToLine_fu_1322/grp_alignedtoline_per_layer_loop8_fu_183/mul_78s_108ns_185_3_1_U44/system_top_mul_78s_108ns_185_3_1_Multiplier_1_U/tmp_product__1
  -------------------------------------------------------------------
                         required time                         10.140    
                         arrival time                          -7.877    
  -------------------------------------------------------------------
                         slack                                  2.263    

Slack (MET) :             2.324ns  (required time - arrival time)
  Source:                 bd_0_i/hls_inst/inst/grp_p_shadowquilt_main_loop_make_verticle_strip_fu_565/grp_makePatch_alignedToLine_fu_1322/grp_alignedtoline_per_layer_loop8_fu_183/grp_p_find_boundaries_and_starting_index_and_value9_fu_922/p_find_left_and_right_boundaries11_U0/trunc_ln565_2_reg_2793_reg[29]/C
                            (rising edge-triggered cell FDRE clocked by ap_clk  {rise@0.000ns fall@5.000ns period=10.000ns})
  Destination:            bd_0_i/hls_inst/inst/grp_p_shadowquilt_main_loop_make_verticle_strip_fu_565/grp_makePatch_alignedToLine_fu_1322/grp_alignedtoline_per_layer_loop8_fu_183/grp_p_find_boundaries_and_starting_index_and_value9_fu_922/p_find_left_and_right_boundaries11_U0/p_Result_91_reg_2542_reg[0]/D
                            (rising edge-triggered cell FDRE clocked by ap_clk  {rise@0.000ns fall@5.000ns period=10.000ns})
  Path Group:             ap_clk
  Path Type:              Setup (Max at Slow Process Corner)
  Requirement:            10.000ns  (ap_clk rise@10.000ns - ap_clk rise@0.000ns)
  Data Path Delay:        7.646ns  (logic 2.229ns (29.152%)  route 5.417ns (70.848%))
  Logic Levels:           22  (CARRY4=9 LUT1=2 LUT2=1 LUT5=4 LUT6=6)
  Clock Path Skew:        -0.025ns (DCD - SCD + CPR)
    Destination Clock Delay (DCD):    0.483ns = ( 10.483 - 10.000 ) 
    Source Clock Delay      (SCD):    0.508ns
    Clock Pessimism Removal (CPR):    0.000ns
  Clock Uncertainty:      0.035ns  ((TSJ^2 + TIJ^2)^1/2 + DJ) / 2 + PE
    Total System Jitter     (TSJ):    0.071ns
    Total Input Jitter      (TIJ):    0.000ns
    Discrete Jitter          (DJ):    0.000ns
    Phase Error              (PE):    0.000ns

    Location             Delay type                Incr(ns)  Path(ns)    Netlist Resource(s)
  -------------------------------------------------------------------    -------------------
                         (clock ap_clk rise edge)     0.000     0.000 r  
                                                      0.000     0.000 r  ap_clk (IN)
                         net (fo=16362, unset)        0.508     0.508    bd_0_i/hls_inst/inst/grp_p_shadowquilt_main_loop_make_verticle_strip_fu_565/grp_makePatch_alignedToLine_fu_1322/grp_alignedtoline_per_layer_loop8_fu_183/grp_p_find_boundaries_and_starting_index_and_value9_fu_922/p_find_left_and_right_boundaries11_U0/ap_clk
    SLICE_X109Y165       FDRE                                         r  bd_0_i/hls_inst/inst/grp_p_shadowquilt_main_loop_make_verticle_strip_fu_565/grp_makePatch_alignedToLine_fu_1322/grp_alignedtoline_per_layer_loop8_fu_183/grp_p_find_boundaries_and_starting_index_and_value9_fu_922/p_find_left_and_right_boundaries11_U0/trunc_ln565_2_reg_2793_reg[29]/C
  -------------------------------------------------------------------    -------------------
    SLICE_X109Y165       FDRE (Prop_fdre_C_Q)         0.216     0.724 f  bd_0_i/hls_inst/inst/grp_p_shadowquilt_main_loop_make_verticle_strip_fu_565/grp_makePatch_alignedToLine_fu_1322/grp_alignedtoline_per_layer_loop8_fu_183/grp_p_find_boundaries_and_starting_index_and_value9_fu_922/p_find_left_and_right_boundaries11_U0/trunc_ln565_2_reg_2793_reg[29]/Q
                         net (fo=6, routed)           0.311     1.035    bd_0_i/hls_inst/inst/grp_p_shadowquilt_main_loop_make_verticle_strip_fu_565/grp_makePatch_alignedToLine_fu_1322/grp_alignedtoline_per_layer_loop8_fu_183/grp_p_find_boundaries_and_starting_index_and_value9_fu_922/p_find_left_and_right_boundaries11_U0/zext_ln569_2_fu_2151_p1[29]
    SLICE_X111Y165       LUT1 (Prop_lut1_I0_O)        0.043     1.078 r  bd_0_i/hls_inst/inst/grp_p_shadowquilt_main_loop_make_verticle_strip_fu_565/grp_makePatch_alignedToLine_fu_1322/grp_alignedtoline_per_layer_loop8_fu_183/grp_p_find_boundaries_and_starting_index_and_value9_fu_922/p_find_left_and_right_boundaries11_U0/m_51_reg_2513[28]_i_24/O
                         net (fo=1, routed)           0.100     1.178    bd_0_i/hls_inst/inst/grp_p_shadowquilt_main_loop_make_verticle_strip_fu_565/grp_makePatch_alignedToLine_fu_1322/grp_alignedtoline_per_layer_loop8_fu_183/grp_p_find_boundaries_and_starting_index_and_value9_fu_922/p_find_left_and_right_boundaries11_U0/m_51_reg_2513[28]_i_24_n_17
    SLICE_X110Y165       CARRY4 (Prop_carry4_CYINIT_CO[3])
                                                      0.279     1.457 r  bd_0_i/hls_inst/inst/grp_p_shadowquilt_main_loop_make_verticle_strip_fu_565/grp_makePatch_alignedToLine_fu_1322/grp_alignedtoline_per_layer_loop8_fu_183/grp_p_find_boundaries_and_starting_index_and_value9_fu_922/p_find_left_and_right_boundaries11_U0/m_51_reg_2513_reg[28]_i_13/CO[3]
                         net (fo=1, routed)           0.000     1.457    bd_0_i/hls_inst/inst/grp_p_shadowquilt_main_loop_make_verticle_strip_fu_565/grp_makePatch_alignedToLine_fu_1322/grp_alignedtoline_per_layer_loop8_fu_183/grp_p_find_boundaries_and_starting_index_and_value9_fu_922/p_find_left_and_right_boundaries11_U0/m_51_reg_2513_reg[28]_i_13_n_17
    SLICE_X110Y166       CARRY4 (Prop_carry4_CI_CO[3])
                                                      0.049     1.506 r  bd_0_i/hls_inst/inst/grp_p_shadowquilt_main_loop_make_verticle_strip_fu_565/grp_makePatch_alignedToLine_fu_1322/grp_alignedtoline_per_layer_loop8_fu_183/grp_p_find_boundaries_and_starting_index_and_value9_fu_922/p_find_left_and_right_boundaries11_U0/m_51_reg_2513_reg[0]_i_44/CO[3]
                         net (fo=1, routed)           0.000     1.506    bd_0_i/hls_inst/inst/grp_p_shadowquilt_main_loop_make_verticle_strip_fu_565/grp_makePatch_alignedToLine_fu_1322/grp_alignedtoline_per_layer_loop8_fu_183/grp_p_find_boundaries_and_starting_index_and_value9_fu_922/p_find_left_and_right_boundaries11_U0/m_51_reg_2513_reg[0]_i_44_n_17
    SLICE_X110Y167       CARRY4 (Prop_carry4_CI_O[0])
                                                      0.104     1.610 f  bd_0_i/hls_inst/inst/grp_p_shadowquilt_main_loop_make_verticle_strip_fu_565/grp_makePatch_alignedToLine_fu_1322/grp_alignedtoline_per_layer_loop8_fu_183/grp_p_find_boundaries_and_starting_index_and_value9_fu_922/p_find_left_and_right_boundaries11_U0/m_51_reg_2513_reg[0]_i_41/O[0]
                         net (fo=4, routed)           0.435     2.045    bd_0_i/hls_inst/inst/grp_p_shadowquilt_main_loop_make_verticle_strip_fu_565/grp_makePatch_alignedToLine_fu_1322/grp_alignedtoline_per_layer_loop8_fu_183/grp_p_find_boundaries_and_starting_index_and_value9_fu_922/p_find_left_and_right_boundaries11_U0/man_V_9_fu_2155_p2[38]
    SLICE_X114Y169       LUT5 (Prop_lut5_I2_O)        0.128     2.173 f  bd_0_i/hls_inst/inst/grp_p_shadowquilt_main_loop_make_verticle_strip_fu_565/grp_makePatch_alignedToLine_fu_1322/grp_alignedtoline_per_layer_loop8_fu_183/grp_p_find_boundaries_and_starting_index_and_value9_fu_922/p_find_left_and_right_boundaries11_U0/lbVal_constprop[6]_i_4/O
                         net (fo=1, routed)           0.305     2.478    bd_0_i/hls_inst/inst/grp_p_shadowquilt_main_loop_make_verticle_strip_fu_565/grp_makePatch_alignedToLine_fu_1322/grp_alignedtoline_per_layer_loop8_fu_183/grp_p_find_boundaries_and_starting_index_and_value9_fu_922/p_find_left_and_right_boundaries11_U0/lbVal_constprop[6]_i_4_n_17
    SLICE_X116Y169       LUT6 (Prop_lut6_I5_O)        0.132     2.610 f  bd_0_i/hls_inst/inst/grp_p_shadowquilt_main_loop_make_verticle_strip_fu_565/grp_makePatch_alignedToLine_fu_1322/grp_alignedtoline_per_layer_loop8_fu_183/grp_p_find_boundaries_and_starting_index_and_value9_fu_922/p_find_left_and_right_boundaries11_U0/lbVal_constprop[6]_i_3/O
                         net (fo=4, routed)           0.257     2.867    bd_0_i/hls_inst/inst/grp_p_shadowquilt_main_loop_make_verticle_strip_fu_565/grp_makePatch_alignedToLine_fu_1322/grp_alignedtoline_per_layer_loop8_fu_183/grp_p_find_boundaries_and_starting_index_and_value9_fu_922/p_find_left_and_right_boundaries11_U0/lbVal_constprop[6]_i_3_n_17
    SLICE_X115Y169       LUT5 (Prop_lut5_I0_O)        0.043     2.910 f  bd_0_i/hls_inst/inst/grp_p_shadowquilt_main_loop_make_verticle_strip_fu_565/grp_makePatch_alignedToLine_fu_1322/grp_alignedtoline_per_layer_loop8_fu_183/grp_p_find_boundaries_and_starting_index_and_value9_fu_922/p_find_left_and_right_boundaries11_U0/m_51_reg_2513[0]_i_10/O
                         net (fo=1, routed)           0.286     3.197    bd_0_i/hls_inst/inst/grp_p_shadowquilt_main_loop_make_verticle_strip_fu_565/grp_makePatch_alignedToLine_fu_1322/grp_alignedtoline_per_layer_loop8_fu_183/grp_p_find_boundaries_and_starting_index_and_value9_fu_922/p_find_left_and_right_boundaries11_U0/m_51_reg_2513[0]_i_10_n_17
    SLICE_X115Y168       LUT6 (Prop_lut6_I5_O)        0.043     3.240 r  bd_0_i/hls_inst/inst/grp_p_shadowquilt_main_loop_make_verticle_strip_fu_565/grp_makePatch_alignedToLine_fu_1322/grp_alignedtoline_per_layer_loop8_fu_183/grp_p_find_boundaries_and_starting_index_and_value9_fu_922/p_find_left_and_right_boundaries11_U0/m_51_reg_2513[0]_i_3/O
                         net (fo=1, routed)           0.423     3.663    bd_0_i/hls_inst/inst/grp_p_shadowquilt_main_loop_make_verticle_strip_fu_565/grp_makePatch_alignedToLine_fu_1322/grp_alignedtoline_per_layer_loop8_fu_183/grp_p_find_boundaries_and_starting_index_and_value9_fu_922/p_find_left_and_right_boundaries11_U0/m_51_reg_2513[0]_i_3_n_17
    SLICE_X115Y162       LUT6 (Prop_lut6_I3_O)        0.043     3.706 f  bd_0_i/hls_inst/inst/grp_p_shadowquilt_main_loop_make_verticle_strip_fu_565/grp_makePatch_alignedToLine_fu_1322/grp_alignedtoline_per_layer_loop8_fu_183/grp_p_find_boundaries_and_starting_index_and_value9_fu_922/p_find_left_and_right_boundaries11_U0/m_51_reg_2513[0]_i_1/O
                         net (fo=9, routed)           0.394     4.100    bd_0_i/hls_inst/inst/grp_p_shadowquilt_main_loop_make_verticle_strip_fu_565/grp_makePatch_alignedToLine_fu_1322/grp_alignedtoline_per_layer_loop8_fu_183/grp_p_find_boundaries_and_starting_index_and_value9_fu_922/p_find_left_and_right_boundaries11_U0/lbVal_constprop_reg[0][0]
    SLICE_X117Y160       LUT1 (Prop_lut1_I0_O)        0.043     4.143 r  bd_0_i/hls_inst/inst/grp_p_shadowquilt_main_loop_make_verticle_strip_fu_565/grp_makePatch_alignedToLine_fu_1322/grp_alignedtoline_per_layer_loop8_fu_183/grp_p_find_boundaries_and_starting_index_and_value9_fu_922/p_find_left_and_right_boundaries11_U0/m_51_reg_2513[4]_i_4/O
                         net (fo=1, routed)           0.274     4.417    bd_0_i/hls_inst/inst/grp_p_shadowquilt_main_loop_make_verticle_strip_fu_565/grp_makePatch_alignedToLine_fu_1322/grp_alignedtoline_per_layer_loop8_fu_183/grp_p_find_boundaries_and_starting_index_and_value9_fu_922/p_find_left_and_right_boundaries11_U0/m_51_reg_2513[4]_i_4_n_17
    SLICE_X114Y157       CARRY4 (Prop_carry4_CYINIT_CO[3])
                                                      0.289     4.706 r  bd_0_i/hls_inst/inst/grp_p_shadowquilt_main_loop_make_verticle_strip_fu_565/grp_makePatch_alignedToLine_fu_1322/grp_alignedtoline_per_layer_loop8_fu_183/grp_p_find_boundaries_and_starting_index_and_value9_fu_922/p_find_left_and_right_boundaries11_U0/m_51_reg_2513_reg[4]_i_2/CO[3]
                         net (fo=1, routed)           0.000     4.706    bd_0_i/hls_inst/inst/grp_p_shadowquilt_main_loop_make_verticle_strip_fu_565/grp_makePatch_alignedToLine_fu_1322/grp_alignedtoline_per_layer_loop8_fu_183/grp_p_find_boundaries_and_starting_index_and_value9_fu_922/p_find_left_and_right_boundaries11_U0/m_51_reg_2513_reg[4]_i_2_n_17
    SLICE_X114Y158       CARRY4 (Prop_carry4_CI_CO[3])
                                                      0.050     4.756 r  bd_0_i/hls_inst/inst/grp_p_shadowquilt_main_loop_make_verticle_strip_fu_565/grp_makePatch_alignedToLine_fu_1322/grp_alignedtoline_per_layer_loop8_fu_183/grp_p_find_boundaries_and_starting_index_and_value9_fu_922/p_find_left_and_right_boundaries11_U0/m_51_reg_2513_reg[8]_i_2/CO[3]
                         net (fo=1, routed)           0.000     4.756    bd_0_i/hls_inst/inst/grp_p_shadowquilt_main_loop_make_verticle_strip_fu_565/grp_makePatch_alignedToLine_fu_1322/grp_alignedtoline_per_layer_loop8_fu_183/grp_p_find_boundaries_and_starting_index_and_value9_fu_922/p_find_left_and_right_boundaries11_U0/m_51_reg_2513_reg[8]_i_2_n_17
    SLICE_X114Y159       CARRY4 (Prop_carry4_CI_CO[3])
                                                      0.050     4.806 r  bd_0_i/hls_inst/inst/grp_p_shadowquilt_main_loop_make_verticle_strip_fu_565/grp_makePatch_alignedToLine_fu_1322/grp_alignedtoline_per_layer_loop8_fu_183/grp_p_find_boundaries_and_starting_index_and_value9_fu_922/p_find_left_and_right_boundaries11_U0/m_51_reg_2513_reg[12]_i_2/CO[3]
                         net (fo=1, routed)           0.000     4.806    bd_0_i/hls_inst/inst/grp_p_shadowquilt_main_loop_make_verticle_strip_fu_565/grp_makePatch_alignedToLine_fu_1322/grp_alignedtoline_per_layer_loop8_fu_183/grp_p_find_boundaries_and_starting_index_and_value9_fu_922/p_find_left_and_right_boundaries11_U0/m_51_reg_2513_reg[12]_i_2_n_17
    SLICE_X114Y160       CARRY4 (Prop_carry4_CI_CO[3])
                                                      0.050     4.856 r  bd_0_i/hls_inst/inst/grp_p_shadowquilt_main_loop_make_verticle_strip_fu_565/grp_makePatch_alignedToLine_fu_1322/grp_alignedtoline_per_layer_loop8_fu_183/grp_p_find_boundaries_and_starting_index_and_value9_fu_922/p_find_left_and_right_boundaries11_U0/m_51_reg_2513_reg[16]_i_2/CO[3]
                         net (fo=1, routed)           0.000     4.856    bd_0_i/hls_inst/inst/grp_p_shadowquilt_main_loop_make_verticle_strip_fu_565/grp_makePatch_alignedToLine_fu_1322/grp_alignedtoline_per_layer_loop8_fu_183/grp_p_find_boundaries_and_starting_index_and_value9_fu_922/p_find_left_and_right_boundaries11_U0/m_51_reg_2513_reg[16]_i_2_n_17
    SLICE_X114Y161       CARRY4 (Prop_carry4_CI_CO[3])
                                                      0.050     4.906 r  bd_0_i/hls_inst/inst/grp_p_shadowquilt_main_loop_make_verticle_strip_fu_565/grp_makePatch_alignedToLine_fu_1322/grp_alignedtoline_per_layer_loop8_fu_183/grp_p_find_boundaries_and_starting_index_and_value9_fu_922/p_find_left_and_right_boundaries11_U0/m_51_reg_2513_reg[20]_i_2/CO[3]
                         net (fo=1, routed)           0.000     4.906    bd_0_i/hls_inst/inst/grp_p_shadowquilt_main_loop_make_verticle_strip_fu_565/grp_makePatch_alignedToLine_fu_1322/grp_alignedtoline_per_layer_loop8_fu_183/grp_p_find_boundaries_and_starting_index_and_value9_fu_922/p_find_left_and_right_boundaries11_U0/m_51_reg_2513_reg[20]_i_2_n_17
    SLICE_X114Y162       CARRY4 (Prop_carry4_CI_O[0])
                                                      0.102     5.008 f  bd_0_i/hls_inst/inst/grp_p_shadowquilt_main_loop_make_verticle_strip_fu_565/grp_makePatch_alignedToLine_fu_1322/grp_alignedtoline_per_layer_loop8_fu_183/grp_p_find_boundaries_and_starting_index_and_value9_fu_922/p_find_left_and_right_boundaries11_U0/m_51_reg_2513_reg[24]_i_2/O[0]
                         net (fo=4, routed)           0.507     5.515    bd_0_i/hls_inst/inst/grp_p_shadowquilt_main_loop_make_verticle_strip_fu_565/grp_makePatch_alignedToLine_fu_1322/grp_alignedtoline_per_layer_loop8_fu_183/grp_p_find_boundaries_and_starting_index_and_value9_fu_922/p_find_left_and_right_boundaries11_U0/tmp_V_11_fu_915_p2[21]
    SLICE_X112Y160       LUT5 (Prop_lut5_I1_O)        0.124     5.639 f  bd_0_i/hls_inst/inst/grp_p_shadowquilt_main_loop_make_verticle_strip_fu_565/grp_makePatch_alignedToLine_fu_1322/grp_alignedtoline_per_layer_loop8_fu_183/grp_p_find_boundaries_and_starting_index_and_value9_fu_922/p_find_left_and_right_boundaries11_U0/sub_ln947_3_reg_2537[0]_i_7/O
                         net (fo=2, routed)           0.430     6.069    bd_0_i/hls_inst/inst/grp_p_shadowquilt_main_loop_make_verticle_strip_fu_565/grp_makePatch_alignedToLine_fu_1322/grp_alignedtoline_per_layer_loop8_fu_183/grp_p_find_boundaries_and_starting_index_and_value9_fu_922/p_find_left_and_right_boundaries11_U0/sub_ln947_3_reg_2537[0]_i_7_n_17
    SLICE_X113Y158       LUT5 (Prop_lut5_I3_O)        0.129     6.198 f  bd_0_i/hls_inst/inst/grp_p_shadowquilt_main_loop_make_verticle_strip_fu_565/grp_makePatch_alignedToLine_fu_1322/grp_alignedtoline_per_layer_loop8_fu_183/grp_p_find_boundaries_and_starting_index_and_value9_fu_922/p_find_left_and_right_boundaries11_U0/sub_ln947_3_reg_2537[0]_i_5/O
                         net (fo=2, routed)           0.355     6.553    bd_0_i/hls_inst/inst/grp_p_shadowquilt_main_loop_make_verticle_strip_fu_565/grp_makePatch_alignedToLine_fu_1322/grp_alignedtoline_per_layer_loop8_fu_183/grp_p_find_boundaries_and_starting_index_and_value9_fu_922/p_find_left_and_right_boundaries11_U0/sub_ln947_3_reg_2537[0]_i_5_n_17
    SLICE_X113Y159       LUT6 (Prop_lut6_I4_O)        0.043     6.596 r  bd_0_i/hls_inst/inst/grp_p_shadowquilt_main_loop_make_verticle_strip_fu_565/grp_makePatch_alignedToLine_fu_1322/grp_alignedtoline_per_layer_loop8_fu_183/grp_p_find_boundaries_and_starting_index_and_value9_fu_922/p_find_left_and_right_boundaries11_U0/trunc_ln943_3_reg_2548[0]_i_1/O
                         net (fo=9, routed)           0.606     7.202    bd_0_i/hls_inst/inst/grp_p_shadowquilt_main_loop_make_verticle_strip_fu_565/grp_makePatch_alignedToLine_fu_1322/grp_alignedtoline_per_layer_loop8_fu_183/grp_p_find_boundaries_and_starting_index_and_value9_fu_922/p_find_left_and_right_boundaries11_U0/trunc_ln943_3_reg_2548[0]_i_1_n_17
    SLICE_X113Y156       LUT2 (Prop_lut2_I1_O)        0.050     7.252 r  bd_0_i/hls_inst/inst/grp_p_shadowquilt_main_loop_make_verticle_strip_fu_565/grp_makePatch_alignedToLine_fu_1322/grp_alignedtoline_per_layer_loop8_fu_183/grp_p_find_boundaries_and_starting_index_and_value9_fu_922/p_find_left_and_right_boundaries11_U0/sub_ln944_3_reg_2519[1]_i_1/O
                         net (fo=5, routed)           0.526     7.778    bd_0_i/hls_inst/inst/grp_p_shadowquilt_main_loop_make_verticle_strip_fu_565/grp_makePatch_alignedToLine_fu_1322/grp_alignedtoline_per_layer_loop8_fu_183/grp_p_find_boundaries_and_starting_index_and_value9_fu_922/p_find_left_and_right_boundaries11_U0/sub_ln944_3_fu_947_p2[1]
    SLICE_X114Y156       LUT6 (Prop_lut6_I4_O)        0.126     7.904 r  bd_0_i/hls_inst/inst/grp_p_shadowquilt_main_loop_make_verticle_strip_fu_565/grp_makePatch_alignedToLine_fu_1322/grp_alignedtoline_per_layer_loop8_fu_183/grp_p_find_boundaries_and_starting_index_and_value9_fu_922/p_find_left_and_right_boundaries11_U0/p_Result_91_reg_2542[0]_i_3/O
                         net (fo=1, routed)           0.207     8.111    bd_0_i/hls_inst/inst/grp_p_shadowquilt_main_loop_make_verticle_strip_fu_565/grp_makePatch_alignedToLine_fu_1322/grp_alignedtoline_per_layer_loop8_fu_183/grp_p_find_boundaries_and_starting_index_and_value9_fu_922/p_find_left_and_right_boundaries11_U0/p_Result_91_reg_2542[0]_i_3_n_17
    SLICE_X113Y156       LUT6 (Prop_lut6_I2_O)        0.043     8.154 r  bd_0_i/hls_inst/inst/grp_p_shadowquilt_main_loop_make_verticle_strip_fu_565/grp_makePatch_alignedToLine_fu_1322/grp_alignedtoline_per_layer_loop8_fu_183/grp_p_find_boundaries_and_starting_index_and_value9_fu_922/p_find_left_and_right_boundaries11_U0/p_Result_91_reg_2542[0]_i_1/O
                         net (fo=1, routed)           0.000     8.154    bd_0_i/hls_inst/inst/grp_p_shadowquilt_main_loop_make_verticle_strip_fu_565/grp_makePatch_alignedToLine_fu_1322/grp_alignedtoline_per_layer_loop8_fu_183/grp_p_find_boundaries_and_starting_index_and_value9_fu_922/p_find_left_and_right_boundaries11_U0/p_Result_91_fu_979_p3
    SLICE_X113Y156       FDRE                                         r  bd_0_i/hls_inst/inst/grp_p_shadowquilt_main_loop_make_verticle_strip_fu_565/grp_makePatch_alignedToLine_fu_1322/grp_alignedtoline_per_layer_loop8_fu_183/grp_p_find_boundaries_and_starting_index_and_value9_fu_922/p_find_left_and_right_boundaries11_U0/p_Result_91_reg_2542_reg[0]/D
  -------------------------------------------------------------------    -------------------

                         (clock ap_clk rise edge)    10.000    10.000 r  
                                                      0.000    10.000 r  ap_clk (IN)
                         net (fo=16362, unset)        0.483    10.483    bd_0_i/hls_inst/inst/grp_p_shadowquilt_main_loop_make_verticle_strip_fu_565/grp_makePatch_alignedToLine_fu_1322/grp_alignedtoline_per_layer_loop8_fu_183/grp_p_find_boundaries_and_starting_index_and_value9_fu_922/p_find_left_and_right_boundaries11_U0/ap_clk
    SLICE_X113Y156       FDRE                                         r  bd_0_i/hls_inst/inst/grp_p_shadowquilt_main_loop_make_verticle_strip_fu_565/grp_makePatch_alignedToLine_fu_1322/grp_alignedtoline_per_layer_loop8_fu_183/grp_p_find_boundaries_and_starting_index_and_value9_fu_922/p_find_left_and_right_boundaries11_U0/p_Result_91_reg_2542_reg[0]/C
                         clock pessimism              0.000    10.483    
                         clock uncertainty           -0.035    10.447    
    SLICE_X113Y156       FDRE (Setup_fdre_C_D)        0.031    10.478    bd_0_i/hls_inst/inst/grp_p_shadowquilt_main_loop_make_verticle_strip_fu_565/grp_makePatch_alignedToLine_fu_1322/grp_alignedtoline_per_layer_loop8_fu_183/grp_p_find_boundaries_and_starting_index_and_value9_fu_922/p_find_left_and_right_boundaries11_U0/p_Result_91_reg_2542_reg[0]
  -------------------------------------------------------------------
                         required time                         10.478    
                         arrival time                          -8.154    
  -------------------------------------------------------------------
                         slack                                  2.324    

Slack (MET) :             2.375ns  (required time - arrival time)
  Source:                 bd_0_i/hls_inst/inst/grp_p_shadowquilt_main_loop_make_verticle_strip_fu_565/grp_makePatch_alignedToLine_fu_1322/grp_alignedtoline_per_layer_loop8_fu_183/grp_p_find_boundaries_and_starting_index_and_value9_fu_922/p_find_left_and_right_boundaries11_U0/trunc_ln565_2_reg_2793_reg[29]/C
                            (rising edge-triggered cell FDRE clocked by ap_clk  {rise@0.000ns fall@5.000ns period=10.000ns})
  Destination:            bd_0_i/hls_inst/inst/grp_p_shadowquilt_main_loop_make_verticle_strip_fu_565/grp_makePatch_alignedToLine_fu_1322/grp_alignedtoline_per_layer_loop8_fu_183/grp_p_find_boundaries_and_starting_index_and_value9_fu_922/p_find_left_and_right_boundaries11_U0/sub_ln947_3_reg_2537_reg[3]/D
                            (rising edge-triggered cell FDRE clocked by ap_clk  {rise@0.000ns fall@5.000ns period=10.000ns})
  Path Group:             ap_clk
  Path Type:              Setup (Max at Slow Process Corner)
  Requirement:            10.000ns  (ap_clk rise@10.000ns - ap_clk rise@0.000ns)
  Data Path Delay:        7.616ns  (logic 2.330ns (30.592%)  route 5.286ns (69.408%))
  Logic Levels:           22  (CARRY4=9 LUT1=2 LUT2=2 LUT4=1 LUT5=4 LUT6=4)
  Clock Path Skew:        -0.025ns (DCD - SCD + CPR)
    Destination Clock Delay (DCD):    0.483ns = ( 10.483 - 10.000 ) 
    Source Clock Delay      (SCD):    0.508ns
    Clock Pessimism Removal (CPR):    0.000ns
  Clock Uncertainty:      0.035ns  ((TSJ^2 + TIJ^2)^1/2 + DJ) / 2 + PE
    Total System Jitter     (TSJ):    0.071ns
    Total Input Jitter      (TIJ):    0.000ns
    Discrete Jitter          (DJ):    0.000ns
    Phase Error              (PE):    0.000ns

    Location             Delay type                Incr(ns)  Path(ns)    Netlist Resource(s)
  -------------------------------------------------------------------    -------------------
                         (clock ap_clk rise edge)     0.000     0.000 r  
                                                      0.000     0.000 r  ap_clk (IN)
                         net (fo=16362, unset)        0.508     0.508    bd_0_i/hls_inst/inst/grp_p_shadowquilt_main_loop_make_verticle_strip_fu_565/grp_makePatch_alignedToLine_fu_1322/grp_alignedtoline_per_layer_loop8_fu_183/grp_p_find_boundaries_and_starting_index_and_value9_fu_922/p_find_left_and_right_boundaries11_U0/ap_clk
    SLICE_X109Y165       FDRE                                         r  bd_0_i/hls_inst/inst/grp_p_shadowquilt_main_loop_make_verticle_strip_fu_565/grp_makePatch_alignedToLine_fu_1322/grp_alignedtoline_per_layer_loop8_fu_183/grp_p_find_boundaries_and_starting_index_and_value9_fu_922/p_find_left_and_right_boundaries11_U0/trunc_ln565_2_reg_2793_reg[29]/C
  -------------------------------------------------------------------    -------------------
    SLICE_X109Y165       FDRE (Prop_fdre_C_Q)         0.216     0.724 f  bd_0_i/hls_inst/inst/grp_p_shadowquilt_main_loop_make_verticle_strip_fu_565/grp_makePatch_alignedToLine_fu_1322/grp_alignedtoline_per_layer_loop8_fu_183/grp_p_find_boundaries_and_starting_index_and_value9_fu_922/p_find_left_and_right_boundaries11_U0/trunc_ln565_2_reg_2793_reg[29]/Q
                         net (fo=6, routed)           0.311     1.035    bd_0_i/hls_inst/inst/grp_p_shadowquilt_main_loop_make_verticle_strip_fu_565/grp_makePatch_alignedToLine_fu_1322/grp_alignedtoline_per_layer_loop8_fu_183/grp_p_find_boundaries_and_starting_index_and_value9_fu_922/p_find_left_and_right_boundaries11_U0/zext_ln569_2_fu_2151_p1[29]
    SLICE_X111Y165       LUT1 (Prop_lut1_I0_O)        0.043     1.078 r  bd_0_i/hls_inst/inst/grp_p_shadowquilt_main_loop_make_verticle_strip_fu_565/grp_makePatch_alignedToLine_fu_1322/grp_alignedtoline_per_layer_loop8_fu_183/grp_p_find_boundaries_and_starting_index_and_value9_fu_922/p_find_left_and_right_boundaries11_U0/m_51_reg_2513[28]_i_24/O
                         net (fo=1, routed)           0.100     1.178    bd_0_i/hls_inst/inst/grp_p_shadowquilt_main_loop_make_verticle_strip_fu_565/grp_makePatch_alignedToLine_fu_1322/grp_alignedtoline_per_layer_loop8_fu_183/grp_p_find_boundaries_and_starting_index_and_value9_fu_922/p_find_left_and_right_boundaries11_U0/m_51_reg_2513[28]_i_24_n_17
    SLICE_X110Y165       CARRY4 (Prop_carry4_CYINIT_CO[3])
                                                      0.279     1.457 r  bd_0_i/hls_inst/inst/grp_p_shadowquilt_main_loop_make_verticle_strip_fu_565/grp_makePatch_alignedToLine_fu_1322/grp_alignedtoline_per_layer_loop8_fu_183/grp_p_find_boundaries_and_starting_index_and_value9_fu_922/p_find_left_and_right_boundaries11_U0/m_51_reg_2513_reg[28]_i_13/CO[3]
                         net (fo=1, routed)           0.000     1.457    bd_0_i/hls_inst/inst/grp_p_shadowquilt_main_loop_make_verticle_strip_fu_565/grp_makePatch_alignedToLine_fu_1322/grp_alignedtoline_per_layer_loop8_fu_183/grp_p_find_boundaries_and_starting_index_and_value9_fu_922/p_find_left_and_right_boundaries11_U0/m_51_reg_2513_reg[28]_i_13_n_17
    SLICE_X110Y166       CARRY4 (Prop_carry4_CI_CO[3])
                                                      0.049     1.506 r  bd_0_i/hls_inst/inst/grp_p_shadowquilt_main_loop_make_verticle_strip_fu_565/grp_makePatch_alignedToLine_fu_1322/grp_alignedtoline_per_layer_loop8_fu_183/grp_p_find_boundaries_and_starting_index_and_value9_fu_922/p_find_left_and_right_boundaries11_U0/m_51_reg_2513_reg[0]_i_44/CO[3]
                         net (fo=1, routed)           0.000     1.506    bd_0_i/hls_inst/inst/grp_p_shadowquilt_main_loop_make_verticle_strip_fu_565/grp_makePatch_alignedToLine_fu_1322/grp_alignedtoline_per_layer_loop8_fu_183/grp_p_find_boundaries_and_starting_index_and_value9_fu_922/p_find_left_and_right_boundaries11_U0/m_51_reg_2513_reg[0]_i_44_n_17
    SLICE_X110Y167       CARRY4 (Prop_carry4_CI_O[0])
                                                      0.104     1.610 f  bd_0_i/hls_inst/inst/grp_p_shadowquilt_main_loop_make_verticle_strip_fu_565/grp_makePatch_alignedToLine_fu_1322/grp_alignedtoline_per_layer_loop8_fu_183/grp_p_find_boundaries_and_starting_index_and_value9_fu_922/p_find_left_and_right_boundaries11_U0/m_51_reg_2513_reg[0]_i_41/O[0]
                         net (fo=4, routed)           0.435     2.045    bd_0_i/hls_inst/inst/grp_p_shadowquilt_main_loop_make_verticle_strip_fu_565/grp_makePatch_alignedToLine_fu_1322/grp_alignedtoline_per_layer_loop8_fu_183/grp_p_find_boundaries_and_starting_index_and_value9_fu_922/p_find_left_and_right_boundaries11_U0/man_V_9_fu_2155_p2[38]
    SLICE_X114Y169       LUT5 (Prop_lut5_I2_O)        0.128     2.173 f  bd_0_i/hls_inst/inst/grp_p_shadowquilt_main_loop_make_verticle_strip_fu_565/grp_makePatch_alignedToLine_fu_1322/grp_alignedtoline_per_layer_loop8_fu_183/grp_p_find_boundaries_and_starting_index_and_value9_fu_922/p_find_left_and_right_boundaries11_U0/lbVal_constprop[6]_i_4/O
                         net (fo=1, routed)           0.305     2.478    bd_0_i/hls_inst/inst/grp_p_shadowquilt_main_loop_make_verticle_strip_fu_565/grp_makePatch_alignedToLine_fu_1322/grp_alignedtoline_per_layer_loop8_fu_183/grp_p_find_boundaries_and_starting_index_and_value9_fu_922/p_find_left_and_right_boundaries11_U0/lbVal_constprop[6]_i_4_n_17
    SLICE_X116Y169       LUT6 (Prop_lut6_I5_O)        0.132     2.610 f  bd_0_i/hls_inst/inst/grp_p_shadowquilt_main_loop_make_verticle_strip_fu_565/grp_makePatch_alignedToLine_fu_1322/grp_alignedtoline_per_layer_loop8_fu_183/grp_p_find_boundaries_and_starting_index_and_value9_fu_922/p_find_left_and_right_boundaries11_U0/lbVal_constprop[6]_i_3/O
                         net (fo=4, routed)           0.257     2.867    bd_0_i/hls_inst/inst/grp_p_shadowquilt_main_loop_make_verticle_strip_fu_565/grp_makePatch_alignedToLine_fu_1322/grp_alignedtoline_per_layer_loop8_fu_183/grp_p_find_boundaries_and_starting_index_and_value9_fu_922/p_find_left_and_right_boundaries11_U0/lbVal_constprop[6]_i_3_n_17
    SLICE_X115Y169       LUT5 (Prop_lut5_I0_O)        0.043     2.910 f  bd_0_i/hls_inst/inst/grp_p_shadowquilt_main_loop_make_verticle_strip_fu_565/grp_makePatch_alignedToLine_fu_1322/grp_alignedtoline_per_layer_loop8_fu_183/grp_p_find_boundaries_and_starting_index_and_value9_fu_922/p_find_left_and_right_boundaries11_U0/m_51_reg_2513[0]_i_10/O
                         net (fo=1, routed)           0.286     3.197    bd_0_i/hls_inst/inst/grp_p_shadowquilt_main_loop_make_verticle_strip_fu_565/grp_makePatch_alignedToLine_fu_1322/grp_alignedtoline_per_layer_loop8_fu_183/grp_p_find_boundaries_and_starting_index_and_value9_fu_922/p_find_left_and_right_boundaries11_U0/m_51_reg_2513[0]_i_10_n_17
    SLICE_X115Y168       LUT6 (Prop_lut6_I5_O)        0.043     3.240 r  bd_0_i/hls_inst/inst/grp_p_shadowquilt_main_loop_make_verticle_strip_fu_565/grp_makePatch_alignedToLine_fu_1322/grp_alignedtoline_per_layer_loop8_fu_183/grp_p_find_boundaries_and_starting_index_and_value9_fu_922/p_find_left_and_right_boundaries11_U0/m_51_reg_2513[0]_i_3/O
                         net (fo=1, routed)           0.423     3.663    bd_0_i/hls_inst/inst/grp_p_shadowquilt_main_loop_make_verticle_strip_fu_565/grp_makePatch_alignedToLine_fu_1322/grp_alignedtoline_per_layer_loop8_fu_183/grp_p_find_boundaries_and_starting_index_and_value9_fu_922/p_find_left_and_right_boundaries11_U0/m_51_reg_2513[0]_i_3_n_17
    SLICE_X115Y162       LUT6 (Prop_lut6_I3_O)        0.043     3.706 f  bd_0_i/hls_inst/inst/grp_p_shadowquilt_main_loop_make_verticle_strip_fu_565/grp_makePatch_alignedToLine_fu_1322/grp_alignedtoline_per_layer_loop8_fu_183/grp_p_find_boundaries_and_starting_index_and_value9_fu_922/p_find_left_and_right_boundaries11_U0/m_51_reg_2513[0]_i_1/O
                         net (fo=9, routed)           0.394     4.100    bd_0_i/hls_inst/inst/grp_p_shadowquilt_main_loop_make_verticle_strip_fu_565/grp_makePatch_alignedToLine_fu_1322/grp_alignedtoline_per_layer_loop8_fu_183/grp_p_find_boundaries_and_starting_index_and_value9_fu_922/p_find_left_and_right_boundaries11_U0/lbVal_constprop_reg[0][0]
    SLICE_X117Y160       LUT1 (Prop_lut1_I0_O)        0.043     4.143 r  bd_0_i/hls_inst/inst/grp_p_shadowquilt_main_loop_make_verticle_strip_fu_565/grp_makePatch_alignedToLine_fu_1322/grp_alignedtoline_per_layer_loop8_fu_183/grp_p_find_boundaries_and_starting_index_and_value9_fu_922/p_find_left_and_right_boundaries11_U0/m_51_reg_2513[4]_i_4/O
                         net (fo=1, routed)           0.274     4.417    bd_0_i/hls_inst/inst/grp_p_shadowquilt_main_loop_make_verticle_strip_fu_565/grp_makePatch_alignedToLine_fu_1322/grp_alignedtoline_per_layer_loop8_fu_183/grp_p_find_boundaries_and_starting_index_and_value9_fu_922/p_find_left_and_right_boundaries11_U0/m_51_reg_2513[4]_i_4_n_17
    SLICE_X114Y157       CARRY4 (Prop_carry4_CYINIT_CO[3])
                                                      0.289     4.706 r  bd_0_i/hls_inst/inst/grp_p_shadowquilt_main_loop_make_verticle_strip_fu_565/grp_makePatch_alignedToLine_fu_1322/grp_alignedtoline_per_layer_loop8_fu_183/grp_p_find_boundaries_and_starting_index_and_value9_fu_922/p_find_left_and_right_boundaries11_U0/m_51_reg_2513_reg[4]_i_2/CO[3]
                         net (fo=1, routed)           0.000     4.706    bd_0_i/hls_inst/inst/grp_p_shadowquilt_main_loop_make_verticle_strip_fu_565/grp_makePatch_alignedToLine_fu_1322/grp_alignedtoline_per_layer_loop8_fu_183/grp_p_find_boundaries_and_starting_index_and_value9_fu_922/p_find_left_and_right_boundaries11_U0/m_51_reg_2513_reg[4]_i_2_n_17
    SLICE_X114Y158       CARRY4 (Prop_carry4_CI_CO[3])
                                                      0.050     4.756 r  bd_0_i/hls_inst/inst/grp_p_shadowquilt_main_loop_make_verticle_strip_fu_565/grp_makePatch_alignedToLine_fu_1322/grp_alignedtoline_per_layer_loop8_fu_183/grp_p_find_boundaries_and_starting_index_and_value9_fu_922/p_find_left_and_right_boundaries11_U0/m_51_reg_2513_reg[8]_i_2/CO[3]
                         net (fo=1, routed)           0.000     4.756    bd_0_i/hls_inst/inst/grp_p_shadowquilt_main_loop_make_verticle_strip_fu_565/grp_makePatch_alignedToLine_fu_1322/grp_alignedtoline_per_layer_loop8_fu_183/grp_p_find_boundaries_and_starting_index_and_value9_fu_922/p_find_left_and_right_boundaries11_U0/m_51_reg_2513_reg[8]_i_2_n_17
    SLICE_X114Y159       CARRY4 (Prop_carry4_CI_CO[3])
                                                      0.050     4.806 r  bd_0_i/hls_inst/inst/grp_p_shadowquilt_main_loop_make_verticle_strip_fu_565/grp_makePatch_alignedToLine_fu_1322/grp_alignedtoline_per_layer_loop8_fu_183/grp_p_find_boundaries_and_starting_index_and_value9_fu_922/p_find_left_and_right_boundaries11_U0/m_51_reg_2513_reg[12]_i_2/CO[3]
                         net (fo=1, routed)           0.000     4.806    bd_0_i/hls_inst/inst/grp_p_shadowquilt_main_loop_make_verticle_strip_fu_565/grp_makePatch_alignedToLine_fu_1322/grp_alignedtoline_per_layer_loop8_fu_183/grp_p_find_boundaries_and_starting_index_and_value9_fu_922/p_find_left_and_right_boundaries11_U0/m_51_reg_2513_reg[12]_i_2_n_17
    SLICE_X114Y160       CARRY4 (Prop_carry4_CI_CO[3])
                                                      0.050     4.856 r  bd_0_i/hls_inst/inst/grp_p_shadowquilt_main_loop_make_verticle_strip_fu_565/grp_makePatch_alignedToLine_fu_1322/grp_alignedtoline_per_layer_loop8_fu_183/grp_p_find_boundaries_and_starting_index_and_value9_fu_922/p_find_left_and_right_boundaries11_U0/m_51_reg_2513_reg[16]_i_2/CO[3]
                         net (fo=1, routed)           0.000     4.856    bd_0_i/hls_inst/inst/grp_p_shadowquilt_main_loop_make_verticle_strip_fu_565/grp_makePatch_alignedToLine_fu_1322/grp_alignedtoline_per_layer_loop8_fu_183/grp_p_find_boundaries_and_starting_index_and_value9_fu_922/p_find_left_and_right_boundaries11_U0/m_51_reg_2513_reg[16]_i_2_n_17
    SLICE_X114Y161       CARRY4 (Prop_carry4_CI_CO[3])
                                                      0.050     4.906 r  bd_0_i/hls_inst/inst/grp_p_shadowquilt_main_loop_make_verticle_strip_fu_565/grp_makePatch_alignedToLine_fu_1322/grp_alignedtoline_per_layer_loop8_fu_183/grp_p_find_boundaries_and_starting_index_and_value9_fu_922/p_find_left_and_right_boundaries11_U0/m_51_reg_2513_reg[20]_i_2/CO[3]
                         net (fo=1, routed)           0.000     4.906    bd_0_i/hls_inst/inst/grp_p_shadowquilt_main_loop_make_verticle_strip_fu_565/grp_makePatch_alignedToLine_fu_1322/grp_alignedtoline_per_layer_loop8_fu_183/grp_p_find_boundaries_and_starting_index_and_value9_fu_922/p_find_left_and_right_boundaries11_U0/m_51_reg_2513_reg[20]_i_2_n_17
    SLICE_X114Y162       CARRY4 (Prop_carry4_CI_O[0])
                                                      0.102     5.008 f  bd_0_i/hls_inst/inst/grp_p_shadowquilt_main_loop_make_verticle_strip_fu_565/grp_makePatch_alignedToLine_fu_1322/grp_alignedtoline_per_layer_loop8_fu_183/grp_p_find_boundaries_and_starting_index_and_value9_fu_922/p_find_left_and_right_boundaries11_U0/m_51_reg_2513_reg[24]_i_2/O[0]
                         net (fo=4, routed)           0.507     5.515    bd_0_i/hls_inst/inst/grp_p_shadowquilt_main_loop_make_verticle_strip_fu_565/grp_makePatch_alignedToLine_fu_1322/grp_alignedtoline_per_layer_loop8_fu_183/grp_p_find_boundaries_and_starting_index_and_value9_fu_922/p_find_left_and_right_boundaries11_U0/tmp_V_11_fu_915_p2[21]
    SLICE_X112Y160       LUT5 (Prop_lut5_I1_O)        0.124     5.639 f  bd_0_i/hls_inst/inst/grp_p_shadowquilt_main_loop_make_verticle_strip_fu_565/grp_makePatch_alignedToLine_fu_1322/grp_alignedtoline_per_layer_loop8_fu_183/grp_p_find_boundaries_and_starting_index_and_value9_fu_922/p_find_left_and_right_boundaries11_U0/sub_ln947_3_reg_2537[0]_i_7/O
                         net (fo=2, routed)           0.430     6.069    bd_0_i/hls_inst/inst/grp_p_shadowquilt_main_loop_make_verticle_strip_fu_565/grp_makePatch_alignedToLine_fu_1322/grp_alignedtoline_per_layer_loop8_fu_183/grp_p_find_boundaries_and_starting_index_and_value9_fu_922/p_find_left_and_right_boundaries11_U0/sub_ln947_3_reg_2537[0]_i_7_n_17
    SLICE_X113Y158       LUT5 (Prop_lut5_I3_O)        0.129     6.198 f  bd_0_i/hls_inst/inst/grp_p_shadowquilt_main_loop_make_verticle_strip_fu_565/grp_makePatch_alignedToLine_fu_1322/grp_alignedtoline_per_layer_loop8_fu_183/grp_p_find_boundaries_and_starting_index_and_value9_fu_922/p_find_left_and_right_boundaries11_U0/sub_ln947_3_reg_2537[0]_i_5/O
                         net (fo=2, routed)           0.355     6.553    bd_0_i/hls_inst/inst/grp_p_shadowquilt_main_loop_make_verticle_strip_fu_565/grp_makePatch_alignedToLine_fu_1322/grp_alignedtoline_per_layer_loop8_fu_183/grp_p_find_boundaries_and_starting_index_and_value9_fu_922/p_find_left_and_right_boundaries11_U0/sub_ln947_3_reg_2537[0]_i_5_n_17
    SLICE_X113Y159       LUT6 (Prop_lut6_I4_O)        0.043     6.596 r  bd_0_i/hls_inst/inst/grp_p_shadowquilt_main_loop_make_verticle_strip_fu_565/grp_makePatch_alignedToLine_fu_1322/grp_alignedtoline_per_layer_loop8_fu_183/grp_p_find_boundaries_and_starting_index_and_value9_fu_922/p_find_left_and_right_boundaries11_U0/trunc_ln943_3_reg_2548[0]_i_1/O
                         net (fo=9, routed)           0.606     7.202    bd_0_i/hls_inst/inst/grp_p_shadowquilt_main_loop_make_verticle_strip_fu_565/grp_makePatch_alignedToLine_fu_1322/grp_alignedtoline_per_layer_loop8_fu_183/grp_p_find_boundaries_and_starting_index_and_value9_fu_922/p_find_left_and_right_boundaries11_U0/trunc_ln943_3_reg_2548[0]_i_1_n_17
    SLICE_X113Y156       LUT2 (Prop_lut2_I1_O)        0.050     7.252 f  bd_0_i/hls_inst/inst/grp_p_shadowquilt_main_loop_make_verticle_strip_fu_565/grp_makePatch_alignedToLine_fu_1322/grp_alignedtoline_per_layer_loop8_fu_183/grp_p_find_boundaries_and_starting_index_and_value9_fu_922/p_find_left_and_right_boundaries11_U0/sub_ln944_3_reg_2519[1]_i_1/O
                         net (fo=5, routed)           0.307     7.558    bd_0_i/hls_inst/inst/grp_p_shadowquilt_main_loop_make_verticle_strip_fu_565/grp_makePatch_alignedToLine_fu_1322/grp_alignedtoline_per_layer_loop8_fu_183/grp_p_find_boundaries_and_starting_index_and_value9_fu_922/p_find_left_and_right_boundaries11_U0/sub_ln944_3_fu_947_p2[1]
    SLICE_X114Y156       LUT2 (Prop_lut2_I1_O)        0.133     7.691 r  bd_0_i/hls_inst/inst/grp_p_shadowquilt_main_loop_make_verticle_strip_fu_565/grp_makePatch_alignedToLine_fu_1322/grp_alignedtoline_per_layer_loop8_fu_183/grp_p_find_boundaries_and_starting_index_and_value9_fu_922/p_find_left_and_right_boundaries11_U0/sub_ln947_3_reg_2537[5]_i_2/O
                         net (fo=3, routed)           0.296     7.987    bd_0_i/hls_inst/inst/grp_p_shadowquilt_main_loop_make_verticle_strip_fu_565/grp_makePatch_alignedToLine_fu_1322/grp_alignedtoline_per_layer_loop8_fu_183/grp_p_find_boundaries_and_starting_index_and_value9_fu_922/p_find_left_and_right_boundaries11_U0/sub_ln947_3_reg_2537[5]_i_2_n_17
    SLICE_X112Y156       LUT4 (Prop_lut4_I2_O)        0.137     8.124 r  bd_0_i/hls_inst/inst/grp_p_shadowquilt_main_loop_make_verticle_strip_fu_565/grp_makePatch_alignedToLine_fu_1322/grp_alignedtoline_per_layer_loop8_fu_183/grp_p_find_boundaries_and_starting_index_and_value9_fu_922/p_find_left_and_right_boundaries11_U0/sub_ln947_3_reg_2537[3]_i_1/O
                         net (fo=1, routed)           0.000     8.124    bd_0_i/hls_inst/inst/grp_p_shadowquilt_main_loop_make_verticle_strip_fu_565/grp_makePatch_alignedToLine_fu_1322/grp_alignedtoline_per_layer_loop8_fu_183/grp_p_find_boundaries_and_starting_index_and_value9_fu_922/p_find_left_and_right_boundaries11_U0/sub_ln947_3_fu_973_p2[3]
    SLICE_X112Y156       FDRE                                         r  bd_0_i/hls_inst/inst/grp_p_shadowquilt_main_loop_make_verticle_strip_fu_565/grp_makePatch_alignedToLine_fu_1322/grp_alignedtoline_per_layer_loop8_fu_183/grp_p_find_boundaries_and_starting_index_and_value9_fu_922/p_find_left_and_right_boundaries11_U0/sub_ln947_3_reg_2537_reg[3]/D
  -------------------------------------------------------------------    -------------------

                         (clock ap_clk rise edge)    10.000    10.000 r  
                                                      0.000    10.000 r  ap_clk (IN)
                         net (fo=16362, unset)        0.483    10.483    bd_0_i/hls_inst/inst/grp_p_shadowquilt_main_loop_make_verticle_strip_fu_565/grp_makePatch_alignedToLine_fu_1322/grp_alignedtoline_per_layer_loop8_fu_183/grp_p_find_boundaries_and_starting_index_and_value9_fu_922/p_find_left_and_right_boundaries11_U0/ap_clk
    SLICE_X112Y156       FDRE                                         r  bd_0_i/hls_inst/inst/grp_p_shadowquilt_main_loop_make_verticle_strip_fu_565/grp_makePatch_alignedToLine_fu_1322/grp_alignedtoline_per_layer_loop8_fu_183/grp_p_find_boundaries_and_starting_index_and_value9_fu_922/p_find_left_and_right_boundaries11_U0/sub_ln947_3_reg_2537_reg[3]/C
                         clock pessimism              0.000    10.483    
                         clock uncertainty           -0.035    10.447    
    SLICE_X112Y156       FDRE (Setup_fdre_C_D)        0.052    10.499    bd_0_i/hls_inst/inst/grp_p_shadowquilt_main_loop_make_verticle_strip_fu_565/grp_makePatch_alignedToLine_fu_1322/grp_alignedtoline_per_layer_loop8_fu_183/grp_p_find_boundaries_and_starting_index_and_value9_fu_922/p_find_left_and_right_boundaries11_U0/sub_ln947_3_reg_2537_reg[3]
  -------------------------------------------------------------------
                         required time                         10.499    
                         arrival time                          -8.124    
  -------------------------------------------------------------------
                         slack                                  2.375    

Slack (MET) :             2.390ns  (required time - arrival time)
  Source:                 bd_0_i/hls_inst/inst/grp_p_shadowquilt_main_loop_make_verticle_strip_fu_565/grp_makePatch_alignedToLine_fu_1322/grp_alignedtoline_per_layer_loop8_fu_183/mul_33s_25ns_58_1_1_U43/system_top_mul_33s_25ns_58_1_1_Multiplier_0_U/p__1/CLK
                            (rising edge-triggered cell DSP48E1 clocked by ap_clk  {rise@0.000ns fall@5.000ns period=10.000ns})
  Destination:            bd_0_i/hls_inst/inst/grp_p_shadowquilt_main_loop_make_verticle_strip_fu_565/grp_makePatch_alignedToLine_fu_1322/grp_alignedtoline_per_layer_loop8_fu_183/mul_78s_108ns_185_3_1_U44/system_top_mul_78s_108ns_185_3_1_Multiplier_1_U/buff0_reg__0/B[14]
                            (rising edge-triggered cell DSP48E1 clocked by ap_clk  {rise@0.000ns fall@5.000ns period=10.000ns})
  Path Group:             ap_clk
  Path Type:              Setup (Max at Slow Process Corner)
  Requirement:            10.000ns  (ap_clk rise@10.000ns - ap_clk rise@0.000ns)
  Data Path Delay:        7.199ns  (logic 4.311ns (59.886%)  route 2.888ns (40.114%))
  Logic Levels:           10  (CARRY4=8 DSP48E1=1 LUT2=1)
  Clock Path Skew:        -0.025ns (DCD - SCD + CPR)
    Destination Clock Delay (DCD):    0.483ns = ( 10.483 - 10.000 ) 
    Source Clock Delay      (SCD):    0.508ns
    Clock Pessimism Removal (CPR):    0.000ns
  Clock Uncertainty:      0.035ns  ((TSJ^2 + TIJ^2)^1/2 + DJ) / 2 + PE
    Total System Jitter     (TSJ):    0.071ns
    Total Input Jitter      (TIJ):    0.000ns
    Discrete Jitter          (DJ):    0.000ns
    Phase Error              (PE):    0.000ns

    Location             Delay type                Incr(ns)  Path(ns)    Netlist Resource(s)
  -------------------------------------------------------------------    -------------------
                         (clock ap_clk rise edge)     0.000     0.000 r  
                                                      0.000     0.000 r  ap_clk (IN)
                         net (fo=16362, unset)        0.508     0.508    bd_0_i/hls_inst/inst/grp_p_shadowquilt_main_loop_make_verticle_strip_fu_565/grp_makePatch_alignedToLine_fu_1322/grp_alignedtoline_per_layer_loop8_fu_183/mul_33s_25ns_58_1_1_U43/system_top_mul_33s_25ns_58_1_1_Multiplier_0_U/ap_clk
    DSP48_X5Y10          DSP48E1                                      r  bd_0_i/hls_inst/inst/grp_p_shadowquilt_main_loop_make_verticle_strip_fu_565/grp_makePatch_alignedToLine_fu_1322/grp_alignedtoline_per_layer_loop8_fu_183/mul_33s_25ns_58_1_1_U43/system_top_mul_33s_25ns_58_1_1_Multiplier_0_U/p__1/CLK
  -------------------------------------------------------------------    -------------------
    DSP48_X5Y10          DSP48E1 (Prop_dsp48e1_CLK_PCOUT[47])
                                                      2.626     3.134 r  bd_0_i/hls_inst/inst/grp_p_shadowquilt_main_loop_make_verticle_strip_fu_565/grp_makePatch_alignedToLine_fu_1322/grp_alignedtoline_per_layer_loop8_fu_183/mul_33s_25ns_58_1_1_U43/system_top_mul_33s_25ns_58_1_1_Multiplier_0_U/p__1/PCOUT[47]
                         net (fo=1, routed)           0.000     3.134    bd_0_i/hls_inst/inst/grp_p_shadowquilt_main_loop_make_verticle_strip_fu_565/grp_makePatch_alignedToLine_fu_1322/grp_alignedtoline_per_layer_loop8_fu_183/mul_33s_25ns_58_1_1_U43/system_top_mul_33s_25ns_58_1_1_Multiplier_0_U/p__1_n_123
    DSP48_X5Y11          DSP48E1 (Prop_dsp48e1_PCIN[47]_P[0])
                                                      0.938     4.072 r  bd_0_i/hls_inst/inst/grp_p_shadowquilt_main_loop_make_verticle_strip_fu_565/grp_makePatch_alignedToLine_fu_1322/grp_alignedtoline_per_layer_loop8_fu_183/mul_33s_25ns_58_1_1_U43/system_top_mul_33s_25ns_58_1_1_Multiplier_0_U/p__2/P[0]
                         net (fo=2, routed)           0.676     4.748    bd_0_i/hls_inst/inst/grp_p_shadowquilt_main_loop_make_verticle_strip_fu_565/grp_makePatch_alignedToLine_fu_1322/grp_alignedtoline_per_layer_loop8_fu_183/mul_33s_25ns_58_1_1_U43/system_top_mul_33s_25ns_58_1_1_Multiplier_0_U/p__2_0[0]
    SLICE_X105Y20        LUT2 (Prop_lut2_I0_O)        0.043     4.791 r  bd_0_i/hls_inst/inst/grp_p_shadowquilt_main_loop_make_verticle_strip_fu_565/grp_makePatch_alignedToLine_fu_1322/grp_alignedtoline_per_layer_loop8_fu_183/mul_33s_25ns_58_1_1_U43/system_top_mul_33s_25ns_58_1_1_Multiplier_0_U/tmp_product__0_i_19/O
                         net (fo=1, routed)           0.000     4.791    bd_0_i/hls_inst/inst/grp_p_shadowquilt_main_loop_make_verticle_strip_fu_565_n_19
    SLICE_X105Y20        CARRY4 (Prop_carry4_S[1]_CO[3])
                                                      0.257     5.048 r  bd_0_i/hls_inst/inst/mul_33s_25ns_58_1_1_U43/system_top_mul_33s_25ns_58_1_1_Multiplier_0_U/tmp_product__0_i_4/CO[3]
                         net (fo=1, routed)           0.000     5.048    bd_0_i/hls_inst/inst/mul_33s_25ns_58_1_1_U43/system_top_mul_33s_25ns_58_1_1_Multiplier_0_U/tmp_product__0_i_4_n_17
    SLICE_X105Y21        CARRY4 (Prop_carry4_CI_CO[3])
                                                      0.049     5.097 r  bd_0_i/hls_inst/inst/mul_33s_25ns_58_1_1_U43/system_top_mul_33s_25ns_58_1_1_Multiplier_0_U/tmp_product__0_i_3/CO[3]
                         net (fo=1, routed)           0.000     5.097    bd_0_i/hls_inst/inst/mul_33s_25ns_58_1_1_U43/system_top_mul_33s_25ns_58_1_1_Multiplier_0_U/tmp_product__0_i_3_n_17
    SLICE_X105Y22        CARRY4 (Prop_carry4_CI_CO[3])
                                                      0.049     5.146 r  bd_0_i/hls_inst/inst/mul_33s_25ns_58_1_1_U43/system_top_mul_33s_25ns_58_1_1_Multiplier_0_U/tmp_product__0_i_2/CO[3]
                         net (fo=1, routed)           0.000     5.146    bd_0_i/hls_inst/inst/mul_33s_25ns_58_1_1_U43/system_top_mul_33s_25ns_58_1_1_Multiplier_0_U/tmp_product__0_i_2_n_17
    SLICE_X105Y23        CARRY4 (Prop_carry4_CI_CO[3])
                                                      0.049     5.195 r  bd_0_i/hls_inst/inst/mul_33s_25ns_58_1_1_U43/system_top_mul_33s_25ns_58_1_1_Multiplier_0_U/tmp_product__0_i_1/CO[3]
                         net (fo=1, routed)           0.000     5.195    bd_0_i/hls_inst/inst/mul_33s_25ns_58_1_1_U43/system_top_mul_33s_25ns_58_1_1_Multiplier_0_U/tmp_product__0_i_1_n_17
    SLICE_X105Y24        CARRY4 (Prop_carry4_CI_CO[3])
                                                      0.049     5.244 r  bd_0_i/hls_inst/inst/mul_33s_25ns_58_1_1_U43/system_top_mul_33s_25ns_58_1_1_Multiplier_0_U/tmp_product__1_i_4/CO[3]
                         net (fo=1, routed)           0.007     5.251    bd_0_i/hls_inst/inst/mul_33s_25ns_58_1_1_U43/system_top_mul_33s_25ns_58_1_1_Multiplier_0_U/tmp_product__1_i_4_n_17
    SLICE_X105Y25        CARRY4 (Prop_carry4_CI_CO[3])
                                                      0.049     5.300 r  bd_0_i/hls_inst/inst/mul_33s_25ns_58_1_1_U43/system_top_mul_33s_25ns_58_1_1_Multiplier_0_U/tmp_product__1_i_3/CO[3]
                         net (fo=1, routed)           0.000     5.300    bd_0_i/hls_inst/inst/mul_33s_25ns_58_1_1_U43/system_top_mul_33s_25ns_58_1_1_Multiplier_0_U/tmp_product__1_i_3_n_17
    SLICE_X105Y26        CARRY4 (Prop_carry4_CI_CO[3])
                                                      0.049     5.349 r  bd_0_i/hls_inst/inst/mul_33s_25ns_58_1_1_U43/system_top_mul_33s_25ns_58_1_1_Multiplier_0_U/tmp_product__1_i_2/CO[3]
                         net (fo=1, routed)           0.000     5.349    bd_0_i/hls_inst/inst/mul_33s_25ns_58_1_1_U43/system_top_mul_33s_25ns_58_1_1_Multiplier_0_U/tmp_product__1_i_2_n_17
    SLICE_X105Y27        CARRY4 (Prop_carry4_CI_O[1])
                                                      0.153     5.502 r  bd_0_i/hls_inst/inst/mul_33s_25ns_58_1_1_U43/system_top_mul_33s_25ns_58_1_1_Multiplier_0_U/tmp_product__1_i_1/O[1]
                         net (fo=6, routed)           2.205     7.707    bd_0_i/hls_inst/inst/grp_p_shadowquilt_main_loop_make_verticle_strip_fu_565/grp_makePatch_alignedToLine_fu_1322/grp_alignedtoline_per_layer_loop8_fu_183/mul_78s_108ns_185_3_1_U44/system_top_mul_78s_108ns_185_3_1_Multiplier_1_U/tmp_product__1_0[29]
    DSP48_X3Y15          DSP48E1                                      r  bd_0_i/hls_inst/inst/grp_p_shadowquilt_main_loop_make_verticle_strip_fu_565/grp_makePatch_alignedToLine_fu_1322/grp_alignedtoline_per_layer_loop8_fu_183/mul_78s_108ns_185_3_1_U44/system_top_mul_78s_108ns_185_3_1_Multiplier_1_U/buff0_reg__0/B[14]
  -------------------------------------------------------------------    -------------------

                         (clock ap_clk rise edge)    10.000    10.000 r  
                                                      0.000    10.000 r  ap_clk (IN)
                         net (fo=16362, unset)        0.483    10.483    bd_0_i/hls_inst/inst/grp_p_shadowquilt_main_loop_make_verticle_strip_fu_565/grp_makePatch_alignedToLine_fu_1322/grp_alignedtoline_per_layer_loop8_fu_183/mul_78s_108ns_185_3_1_U44/system_top_mul_78s_108ns_185_3_1_Multiplier_1_U/ap_clk
    DSP48_X3Y15          DSP48E1                                      r  bd_0_i/hls_inst/inst/grp_p_shadowquilt_main_loop_make_verticle_strip_fu_565/grp_makePatch_alignedToLine_fu_1322/grp_alignedtoline_per_layer_loop8_fu_183/mul_78s_108ns_185_3_1_U44/system_top_mul_78s_108ns_185_3_1_Multiplier_1_U/buff0_reg__0/CLK
                         clock pessimism              0.000    10.483    
                         clock uncertainty           -0.035    10.447    
    DSP48_X3Y15          DSP48E1 (Setup_dsp48e1_CLK_B[14])
                                                     -0.351    10.096    bd_0_i/hls_inst/inst/grp_p_shadowquilt_main_loop_make_verticle_strip_fu_565/grp_makePatch_alignedToLine_fu_1322/grp_alignedtoline_per_layer_loop8_fu_183/mul_78s_108ns_185_3_1_U44/system_top_mul_78s_108ns_185_3_1_Multiplier_1_U/buff0_reg__0
  -------------------------------------------------------------------
                         required time                         10.096    
                         arrival time                          -7.707    
  -------------------------------------------------------------------
                         slack                                  2.390    

Slack (MET) :             2.407ns  (required time - arrival time)
  Source:                 bd_0_i/hls_inst/inst/grp_p_shadowquilt_main_loop_make_verticle_strip_fu_565/grp_makePatch_alignedToLine_fu_1322/grp_alignedtoline_per_layer_loop8_fu_183/mul_33s_25ns_58_1_1_U43/system_top_mul_33s_25ns_58_1_1_Multiplier_0_U/p__1/CLK
                            (rising edge-triggered cell DSP48E1 clocked by ap_clk  {rise@0.000ns fall@5.000ns period=10.000ns})
  Destination:            bd_0_i/hls_inst/inst/grp_p_shadowquilt_main_loop_make_verticle_strip_fu_565/grp_makePatch_alignedToLine_fu_1322/grp_alignedtoline_per_layer_loop8_fu_183/mul_78s_108ns_185_3_1_U44/system_top_mul_78s_108ns_185_3_1_Multiplier_1_U/tmp_product__13/A[14]
                            (rising edge-triggered cell DSP48E1 clocked by ap_clk  {rise@0.000ns fall@5.000ns period=10.000ns})
  Path Group:             ap_clk
  Path Type:              Setup (Max at Slow Process Corner)
  Requirement:            10.000ns  (ap_clk rise@10.000ns - ap_clk rise@0.000ns)
  Data Path Delay:        7.225ns  (logic 4.311ns (59.670%)  route 2.914ns (40.330%))
  Logic Levels:           10  (CARRY4=8 DSP48E1=1 LUT2=1)
  Clock Path Skew:        -0.025ns (DCD - SCD + CPR)
    Destination Clock Delay (DCD):    0.483ns = ( 10.483 - 10.000 ) 
    Source Clock Delay      (SCD):    0.508ns
    Clock Pessimism Removal (CPR):    0.000ns
  Clock Uncertainty:      0.035ns  ((TSJ^2 + TIJ^2)^1/2 + DJ) / 2 + PE
    Total System Jitter     (TSJ):    0.071ns
    Total Input Jitter      (TIJ):    0.000ns
    Discrete Jitter          (DJ):    0.000ns
    Phase Error              (PE):    0.000ns

    Location             Delay type                Incr(ns)  Path(ns)    Netlist Resource(s)
  -------------------------------------------------------------------    -------------------
                         (clock ap_clk rise edge)     0.000     0.000 r  
                                                      0.000     0.000 r  ap_clk (IN)
                         net (fo=16362, unset)        0.508     0.508    bd_0_i/hls_inst/inst/grp_p_shadowquilt_main_loop_make_verticle_strip_fu_565/grp_makePatch_alignedToLine_fu_1322/grp_alignedtoline_per_layer_loop8_fu_183/mul_33s_25ns_58_1_1_U43/system_top_mul_33s_25ns_58_1_1_Multiplier_0_U/ap_clk
    DSP48_X5Y10          DSP48E1                                      r  bd_0_i/hls_inst/inst/grp_p_shadowquilt_main_loop_make_verticle_strip_fu_565/grp_makePatch_alignedToLine_fu_1322/grp_alignedtoline_per_layer_loop8_fu_183/mul_33s_25ns_58_1_1_U43/system_top_mul_33s_25ns_58_1_1_Multiplier_0_U/p__1/CLK
  -------------------------------------------------------------------    -------------------
    DSP48_X5Y10          DSP48E1 (Prop_dsp48e1_CLK_PCOUT[47])
                                                      2.626     3.134 r  bd_0_i/hls_inst/inst/grp_p_shadowquilt_main_loop_make_verticle_strip_fu_565/grp_makePatch_alignedToLine_fu_1322/grp_alignedtoline_per_layer_loop8_fu_183/mul_33s_25ns_58_1_1_U43/system_top_mul_33s_25ns_58_1_1_Multiplier_0_U/p__1/PCOUT[47]
                         net (fo=1, routed)           0.000     3.134    bd_0_i/hls_inst/inst/grp_p_shadowquilt_main_loop_make_verticle_strip_fu_565/grp_makePatch_alignedToLine_fu_1322/grp_alignedtoline_per_layer_loop8_fu_183/mul_33s_25ns_58_1_1_U43/system_top_mul_33s_25ns_58_1_1_Multiplier_0_U/p__1_n_123
    DSP48_X5Y11          DSP48E1 (Prop_dsp48e1_PCIN[47]_P[0])
                                                      0.938     4.072 r  bd_0_i/hls_inst/inst/grp_p_shadowquilt_main_loop_make_verticle_strip_fu_565/grp_makePatch_alignedToLine_fu_1322/grp_alignedtoline_per_layer_loop8_fu_183/mul_33s_25ns_58_1_1_U43/system_top_mul_33s_25ns_58_1_1_Multiplier_0_U/p__2/P[0]
                         net (fo=2, routed)           0.676     4.748    bd_0_i/hls_inst/inst/grp_p_shadowquilt_main_loop_make_verticle_strip_fu_565/grp_makePatch_alignedToLine_fu_1322/grp_alignedtoline_per_layer_loop8_fu_183/mul_33s_25ns_58_1_1_U43/system_top_mul_33s_25ns_58_1_1_Multiplier_0_U/p__2_0[0]
    SLICE_X105Y20        LUT2 (Prop_lut2_I0_O)        0.043     4.791 r  bd_0_i/hls_inst/inst/grp_p_shadowquilt_main_loop_make_verticle_strip_fu_565/grp_makePatch_alignedToLine_fu_1322/grp_alignedtoline_per_layer_loop8_fu_183/mul_33s_25ns_58_1_1_U43/system_top_mul_33s_25ns_58_1_1_Multiplier_0_U/tmp_product__0_i_19/O
                         net (fo=1, routed)           0.000     4.791    bd_0_i/hls_inst/inst/grp_p_shadowquilt_main_loop_make_verticle_strip_fu_565_n_19
    SLICE_X105Y20        CARRY4 (Prop_carry4_S[1]_CO[3])
                                                      0.257     5.048 r  bd_0_i/hls_inst/inst/mul_33s_25ns_58_1_1_U43/system_top_mul_33s_25ns_58_1_1_Multiplier_0_U/tmp_product__0_i_4/CO[3]
                         net (fo=1, routed)           0.000     5.048    bd_0_i/hls_inst/inst/mul_33s_25ns_58_1_1_U43/system_top_mul_33s_25ns_58_1_1_Multiplier_0_U/tmp_product__0_i_4_n_17
    SLICE_X105Y21        CARRY4 (Prop_carry4_CI_CO[3])
                                                      0.049     5.097 r  bd_0_i/hls_inst/inst/mul_33s_25ns_58_1_1_U43/system_top_mul_33s_25ns_58_1_1_Multiplier_0_U/tmp_product__0_i_3/CO[3]
                         net (fo=1, routed)           0.000     5.097    bd_0_i/hls_inst/inst/mul_33s_25ns_58_1_1_U43/system_top_mul_33s_25ns_58_1_1_Multiplier_0_U/tmp_product__0_i_3_n_17
    SLICE_X105Y22        CARRY4 (Prop_carry4_CI_CO[3])
                                                      0.049     5.146 r  bd_0_i/hls_inst/inst/mul_33s_25ns_58_1_1_U43/system_top_mul_33s_25ns_58_1_1_Multiplier_0_U/tmp_product__0_i_2/CO[3]
                         net (fo=1, routed)           0.000     5.146    bd_0_i/hls_inst/inst/mul_33s_25ns_58_1_1_U43/system_top_mul_33s_25ns_58_1_1_Multiplier_0_U/tmp_product__0_i_2_n_17
    SLICE_X105Y23        CARRY4 (Prop_carry4_CI_CO[3])
                                                      0.049     5.195 r  bd_0_i/hls_inst/inst/mul_33s_25ns_58_1_1_U43/system_top_mul_33s_25ns_58_1_1_Multiplier_0_U/tmp_product__0_i_1/CO[3]
                         net (fo=1, routed)           0.000     5.195    bd_0_i/hls_inst/inst/mul_33s_25ns_58_1_1_U43/system_top_mul_33s_25ns_58_1_1_Multiplier_0_U/tmp_product__0_i_1_n_17
    SLICE_X105Y24        CARRY4 (Prop_carry4_CI_CO[3])
                                                      0.049     5.244 r  bd_0_i/hls_inst/inst/mul_33s_25ns_58_1_1_U43/system_top_mul_33s_25ns_58_1_1_Multiplier_0_U/tmp_product__1_i_4/CO[3]
                         net (fo=1, routed)           0.007     5.251    bd_0_i/hls_inst/inst/mul_33s_25ns_58_1_1_U43/system_top_mul_33s_25ns_58_1_1_Multiplier_0_U/tmp_product__1_i_4_n_17
    SLICE_X105Y25        CARRY4 (Prop_carry4_CI_CO[3])
                                                      0.049     5.300 r  bd_0_i/hls_inst/inst/mul_33s_25ns_58_1_1_U43/system_top_mul_33s_25ns_58_1_1_Multiplier_0_U/tmp_product__1_i_3/CO[3]
                         net (fo=1, routed)           0.000     5.300    bd_0_i/hls_inst/inst/mul_33s_25ns_58_1_1_U43/system_top_mul_33s_25ns_58_1_1_Multiplier_0_U/tmp_product__1_i_3_n_17
    SLICE_X105Y26        CARRY4 (Prop_carry4_CI_CO[3])
                                                      0.049     5.349 r  bd_0_i/hls_inst/inst/mul_33s_25ns_58_1_1_U43/system_top_mul_33s_25ns_58_1_1_Multiplier_0_U/tmp_product__1_i_2/CO[3]
                         net (fo=1, routed)           0.000     5.349    bd_0_i/hls_inst/inst/mul_33s_25ns_58_1_1_U43/system_top_mul_33s_25ns_58_1_1_Multiplier_0_U/tmp_product__1_i_2_n_17
    SLICE_X105Y27        CARRY4 (Prop_carry4_CI_O[1])
                                                      0.153     5.502 r  bd_0_i/hls_inst/inst/mul_33s_25ns_58_1_1_U43/system_top_mul_33s_25ns_58_1_1_Multiplier_0_U/tmp_product__1_i_1/O[1]
                         net (fo=6, routed)           2.231     7.733    bd_0_i/hls_inst/inst/grp_p_shadowquilt_main_loop_make_verticle_strip_fu_565/grp_makePatch_alignedToLine_fu_1322/grp_alignedtoline_per_layer_loop8_fu_183/mul_78s_108ns_185_3_1_U44/system_top_mul_78s_108ns_185_3_1_Multiplier_1_U/tmp_product__1_0[29]
    DSP48_X3Y9           DSP48E1                                      r  bd_0_i/hls_inst/inst/grp_p_shadowquilt_main_loop_make_verticle_strip_fu_565/grp_makePatch_alignedToLine_fu_1322/grp_alignedtoline_per_layer_loop8_fu_183/mul_78s_108ns_185_3_1_U44/system_top_mul_78s_108ns_185_3_1_Multiplier_1_U/tmp_product__13/A[14]
  -------------------------------------------------------------------    -------------------

                         (clock ap_clk rise edge)    10.000    10.000 r  
                                                      0.000    10.000 r  ap_clk (IN)
                         net (fo=16362, unset)        0.483    10.483    bd_0_i/hls_inst/inst/grp_p_shadowquilt_main_loop_make_verticle_strip_fu_565/grp_makePatch_alignedToLine_fu_1322/grp_alignedtoline_per_layer_loop8_fu_183/mul_78s_108ns_185_3_1_U44/system_top_mul_78s_108ns_185_3_1_Multiplier_1_U/ap_clk
    DSP48_X3Y9           DSP48E1                                      r  bd_0_i/hls_inst/inst/grp_p_shadowquilt_main_loop_make_verticle_strip_fu_565/grp_makePatch_alignedToLine_fu_1322/grp_alignedtoline_per_layer_loop8_fu_183/mul_78s_108ns_185_3_1_U44/system_top_mul_78s_108ns_185_3_1_Multiplier_1_U/tmp_product__13/CLK
                         clock pessimism              0.000    10.483    
                         clock uncertainty           -0.035    10.447    
    DSP48_X3Y9           DSP48E1 (Setup_dsp48e1_CLK_A[14])
                                                     -0.308    10.139    bd_0_i/hls_inst/inst/grp_p_shadowquilt_main_loop_make_verticle_strip_fu_565/grp_makePatch_alignedToLine_fu_1322/grp_alignedtoline_per_layer_loop8_fu_183/mul_78s_108ns_185_3_1_U44/system_top_mul_78s_108ns_185_3_1_Multiplier_1_U/tmp_product__13
  -------------------------------------------------------------------
                         required time                         10.139    
                         arrival time                          -7.733    
  -------------------------------------------------------------------
                         slack                                  2.407    

Slack (MET) :             2.419ns  (required time - arrival time)
  Source:                 bd_0_i/hls_inst/inst/grp_p_shadowquilt_main_loop_make_verticle_strip_fu_565/grp_makePatch_alignedToLine_fu_1322/grp_alignedtoline_per_layer_loop8_fu_183/grp_p_find_boundaries_and_starting_index_and_value9_fu_922/p_find_left_and_right_boundaries11_U0/icmp_ln581_3_reg_2730_reg[0]/C
                            (rising edge-triggered cell FDRE clocked by ap_clk  {rise@0.000ns fall@5.000ns period=10.000ns})
  Destination:            bd_0_i/hls_inst/inst/grp_p_shadowquilt_main_loop_make_verticle_strip_fu_565/grp_makePatch_alignedToLine_fu_1322/grp_alignedtoline_per_layer_loop8_fu_183/grp_p_find_boundaries_and_starting_index_and_value9_fu_922/p_find_left_and_right_boundaries11_U0/p_Result_98_reg_2472_reg[0]/D
                            (rising edge-triggered cell FDRE clocked by ap_clk  {rise@0.000ns fall@5.000ns period=10.000ns})
  Path Group:             ap_clk
  Path Type:              Setup (Max at Slow Process Corner)
  Requirement:            10.000ns  (ap_clk rise@10.000ns - ap_clk rise@0.000ns)
  Data Path Delay:        7.601ns  (logic 1.758ns (23.128%)  route 5.843ns (76.872%))
  Logic Levels:           21  (CARRY4=8 LUT1=1 LUT3=2 LUT4=1 LUT5=3 LUT6=6)
  Clock Path Skew:        -0.025ns (DCD - SCD + CPR)
    Destination Clock Delay (DCD):    0.483ns = ( 10.483 - 10.000 ) 
    Source Clock Delay      (SCD):    0.508ns
    Clock Pessimism Removal (CPR):    0.000ns
  Clock Uncertainty:      0.035ns  ((TSJ^2 + TIJ^2)^1/2 + DJ) / 2 + PE
    Total System Jitter     (TSJ):    0.071ns
    Total Input Jitter      (TIJ):    0.000ns
    Discrete Jitter          (DJ):    0.000ns
    Phase Error              (PE):    0.000ns

    Location             Delay type                Incr(ns)  Path(ns)    Netlist Resource(s)
  -------------------------------------------------------------------    -------------------
                         (clock ap_clk rise edge)     0.000     0.000 r  
                                                      0.000     0.000 r  ap_clk (IN)
                         net (fo=16362, unset)        0.508     0.508    bd_0_i/hls_inst/inst/grp_p_shadowquilt_main_loop_make_verticle_strip_fu_565/grp_makePatch_alignedToLine_fu_1322/grp_alignedtoline_per_layer_loop8_fu_183/grp_p_find_boundaries_and_starting_index_and_value9_fu_922/p_find_left_and_right_boundaries11_U0/ap_clk
    SLICE_X101Y160       FDRE                                         r  bd_0_i/hls_inst/inst/grp_p_shadowquilt_main_loop_make_verticle_strip_fu_565/grp_makePatch_alignedToLine_fu_1322/grp_alignedtoline_per_layer_loop8_fu_183/grp_p_find_boundaries_and_starting_index_and_value9_fu_922/p_find_left_and_right_boundaries11_U0/icmp_ln581_3_reg_2730_reg[0]/C
  -------------------------------------------------------------------    -------------------
    SLICE_X101Y160       FDRE (Prop_fdre_C_Q)         0.216     0.724 r  bd_0_i/hls_inst/inst/grp_p_shadowquilt_main_loop_make_verticle_strip_fu_565/grp_makePatch_alignedToLine_fu_1322/grp_alignedtoline_per_layer_loop8_fu_183/grp_p_find_boundaries_and_starting_index_and_value9_fu_922/p_find_left_and_right_boundaries11_U0/icmp_ln581_3_reg_2730_reg[0]/Q
                         net (fo=78, routed)          0.546     1.270    bd_0_i/hls_inst/inst/grp_p_shadowquilt_main_loop_make_verticle_strip_fu_565/grp_makePatch_alignedToLine_fu_1322/grp_alignedtoline_per_layer_loop8_fu_183/grp_p_find_boundaries_and_starting_index_and_value9_fu_922/p_find_left_and_right_boundaries11_U0/icmp_ln581_3_reg_2730
    SLICE_X102Y160       LUT3 (Prop_lut3_I1_O)        0.049     1.319 f  bd_0_i/hls_inst/inst/grp_p_shadowquilt_main_loop_make_verticle_strip_fu_565/grp_makePatch_alignedToLine_fu_1322/grp_alignedtoline_per_layer_loop8_fu_183/grp_p_find_boundaries_and_starting_index_and_value9_fu_922/p_find_left_and_right_boundaries11_U0/m_53_reg_2443[21]_i_19/O
                         net (fo=1, routed)           0.246     1.565    bd_0_i/hls_inst/inst/grp_p_shadowquilt_main_loop_make_verticle_strip_fu_565/grp_makePatch_alignedToLine_fu_1322/grp_alignedtoline_per_layer_loop8_fu_183/grp_p_find_boundaries_and_starting_index_and_value9_fu_922/p_find_left_and_right_boundaries11_U0/m_53_reg_2443[21]_i_19_n_17
    SLICE_X103Y160       LUT6 (Prop_lut6_I2_O)        0.126     1.691 f  bd_0_i/hls_inst/inst/grp_p_shadowquilt_main_loop_make_verticle_strip_fu_565/grp_makePatch_alignedToLine_fu_1322/grp_alignedtoline_per_layer_loop8_fu_183/grp_p_find_boundaries_and_starting_index_and_value9_fu_922/p_find_left_and_right_boundaries11_U0/m_53_reg_2443[21]_i_16/O
                         net (fo=1, routed)           0.209     1.900    bd_0_i/hls_inst/inst/grp_p_shadowquilt_main_loop_make_verticle_strip_fu_565/grp_makePatch_alignedToLine_fu_1322/grp_alignedtoline_per_layer_loop8_fu_183/grp_p_find_boundaries_and_starting_index_and_value9_fu_922/p_find_left_and_right_boundaries11_U0/m_53_reg_2443[21]_i_16_n_17
    SLICE_X103Y159       LUT6 (Prop_lut6_I5_O)        0.043     1.943 f  bd_0_i/hls_inst/inst/grp_p_shadowquilt_main_loop_make_verticle_strip_fu_565/grp_makePatch_alignedToLine_fu_1322/grp_alignedtoline_per_layer_loop8_fu_183/grp_p_find_boundaries_and_starting_index_and_value9_fu_922/p_find_left_and_right_boundaries11_U0/m_53_reg_2443[21]_i_9/O
                         net (fo=5, routed)           0.415     2.358    bd_0_i/hls_inst/inst/grp_p_shadowquilt_main_loop_make_verticle_strip_fu_565/grp_makePatch_alignedToLine_fu_1322/grp_alignedtoline_per_layer_loop8_fu_183/grp_p_find_boundaries_and_starting_index_and_value9_fu_922/p_find_left_and_right_boundaries11_U0/m_53_reg_2443[21]_i_9_n_17
    SLICE_X101Y157       LUT4 (Prop_lut4_I3_O)        0.043     2.401 r  bd_0_i/hls_inst/inst/grp_p_shadowquilt_main_loop_make_verticle_strip_fu_565/grp_makePatch_alignedToLine_fu_1322/grp_alignedtoline_per_layer_loop8_fu_183/grp_p_find_boundaries_and_starting_index_and_value9_fu_922/p_find_left_and_right_boundaries11_U0/m_53_reg_2443[21]_i_7/O
                         net (fo=5, routed)           0.421     2.822    bd_0_i/hls_inst/inst/grp_p_shadowquilt_main_loop_make_verticle_strip_fu_565/grp_makePatch_alignedToLine_fu_1322/grp_alignedtoline_per_layer_loop8_fu_183/grp_p_find_boundaries_and_starting_index_and_value9_fu_922/p_find_left_and_right_boundaries11_U0/m_53_reg_2443[21]_i_7_n_17
    SLICE_X101Y157       LUT5 (Prop_lut5_I3_O)        0.043     2.865 r  bd_0_i/hls_inst/inst/grp_p_shadowquilt_main_loop_make_verticle_strip_fu_565/grp_makePatch_alignedToLine_fu_1322/grp_alignedtoline_per_layer_loop8_fu_183/grp_p_find_boundaries_and_starting_index_and_value9_fu_922/p_find_left_and_right_boundaries11_U0/m_53_reg_2443[0]_i_2/O
                         net (fo=51, routed)          0.486     3.351    bd_0_i/hls_inst/inst/grp_p_shadowquilt_main_loop_make_verticle_strip_fu_565/grp_makePatch_alignedToLine_fu_1322/grp_alignedtoline_per_layer_loop8_fu_183/grp_p_find_boundaries_and_starting_index_and_value9_fu_922/p_find_left_and_right_boundaries11_U0/m_53_reg_2443[0]_i_2_n_17
    SLICE_X103Y154       LUT6 (Prop_lut6_I2_O)        0.043     3.394 f  bd_0_i/hls_inst/inst/grp_p_shadowquilt_main_loop_make_verticle_strip_fu_565/grp_makePatch_alignedToLine_fu_1322/grp_alignedtoline_per_layer_loop8_fu_183/grp_p_find_boundaries_and_starting_index_and_value9_fu_922/p_find_left_and_right_boundaries11_U0/m_53_reg_2443[0]_i_1/O
                         net (fo=8, routed)           0.393     3.788    bd_0_i/hls_inst/inst/grp_p_shadowquilt_main_loop_make_verticle_strip_fu_565/grp_makePatch_alignedToLine_fu_1322/grp_alignedtoline_per_layer_loop8_fu_183/grp_p_find_boundaries_and_starting_index_and_value9_fu_922/p_find_left_and_right_boundaries11_U0/rbVal_constprop_reg[0][0]
    SLICE_X102Y145       LUT1 (Prop_lut1_I0_O)        0.043     3.831 r  bd_0_i/hls_inst/inst/grp_p_shadowquilt_main_loop_make_verticle_strip_fu_565/grp_makePatch_alignedToLine_fu_1322/grp_alignedtoline_per_layer_loop8_fu_183/grp_p_find_boundaries_and_starting_index_and_value9_fu_922/p_find_left_and_right_boundaries11_U0/m_53_reg_2443[4]_i_4/O
                         net (fo=1, routed)           0.292     4.122    bd_0_i/hls_inst/inst/grp_p_shadowquilt_main_loop_make_verticle_strip_fu_565/grp_makePatch_alignedToLine_fu_1322/grp_alignedtoline_per_layer_loop8_fu_183/grp_p_find_boundaries_and_starting_index_and_value9_fu_922/p_find_left_and_right_boundaries11_U0/m_53_reg_2443[4]_i_4_n_17
    SLICE_X101Y145       CARRY4 (Prop_carry4_CYINIT_CO[3])
                                                      0.279     4.401 r  bd_0_i/hls_inst/inst/grp_p_shadowquilt_main_loop_make_verticle_strip_fu_565/grp_makePatch_alignedToLine_fu_1322/grp_alignedtoline_per_layer_loop8_fu_183/grp_p_find_boundaries_and_starting_index_and_value9_fu_922/p_find_left_and_right_boundaries11_U0/m_53_reg_2443_reg[4]_i_2/CO[3]
                         net (fo=1, routed)           0.000     4.401    bd_0_i/hls_inst/inst/grp_p_shadowquilt_main_loop_make_verticle_strip_fu_565/grp_makePatch_alignedToLine_fu_1322/grp_alignedtoline_per_layer_loop8_fu_183/grp_p_find_boundaries_and_starting_index_and_value9_fu_922/p_find_left_and_right_boundaries11_U0/m_53_reg_2443_reg[4]_i_2_n_17
    SLICE_X101Y146       CARRY4 (Prop_carry4_CI_CO[3])
                                                      0.049     4.450 r  bd_0_i/hls_inst/inst/grp_p_shadowquilt_main_loop_make_verticle_strip_fu_565/grp_makePatch_alignedToLine_fu_1322/grp_alignedtoline_per_layer_loop8_fu_183/grp_p_find_boundaries_and_starting_index_and_value9_fu_922/p_find_left_and_right_boundaries11_U0/m_53_reg_2443_reg[8]_i_2/CO[3]
                         net (fo=1, routed)           0.000     4.450    bd_0_i/hls_inst/inst/grp_p_shadowquilt_main_loop_make_verticle_strip_fu_565/grp_makePatch_alignedToLine_fu_1322/grp_alignedtoline_per_layer_loop8_fu_183/grp_p_find_boundaries_and_starting_index_and_value9_fu_922/p_find_left_and_right_boundaries11_U0/m_53_reg_2443_reg[8]_i_2_n_17
    SLICE_X101Y147       CARRY4 (Prop_carry4_CI_CO[3])
                                                      0.049     4.499 r  bd_0_i/hls_inst/inst/grp_p_shadowquilt_main_loop_make_verticle_strip_fu_565/grp_makePatch_alignedToLine_fu_1322/grp_alignedtoline_per_layer_loop8_fu_183/grp_p_find_boundaries_and_starting_index_and_value9_fu_922/p_find_left_and_right_boundaries11_U0/m_53_reg_2443_reg[12]_i_2/CO[3]
                         net (fo=1, routed)           0.000     4.499    bd_0_i/hls_inst/inst/grp_p_shadowquilt_main_loop_make_verticle_strip_fu_565/grp_makePatch_alignedToLine_fu_1322/grp_alignedtoline_per_layer_loop8_fu_183/grp_p_find_boundaries_and_starting_index_and_value9_fu_922/p_find_left_and_right_boundaries11_U0/m_53_reg_2443_reg[12]_i_2_n_17
    SLICE_X101Y148       CARRY4 (Prop_carry4_CI_CO[3])
                                                      0.049     4.548 r  bd_0_i/hls_inst/inst/grp_p_shadowquilt_main_loop_make_verticle_strip_fu_565/grp_makePatch_alignedToLine_fu_1322/grp_alignedtoline_per_layer_loop8_fu_183/grp_p_find_boundaries_and_starting_index_and_value9_fu_922/p_find_left_and_right_boundaries11_U0/m_53_reg_2443_reg[16]_i_2/CO[3]
                         net (fo=1, routed)           0.000     4.548    bd_0_i/hls_inst/inst/grp_p_shadowquilt_main_loop_make_verticle_strip_fu_565/grp_makePatch_alignedToLine_fu_1322/grp_alignedtoline_per_layer_loop8_fu_183/grp_p_find_boundaries_and_starting_index_and_value9_fu_922/p_find_left_and_right_boundaries11_U0/m_53_reg_2443_reg[16]_i_2_n_17
    SLICE_X101Y149       CARRY4 (Prop_carry4_CI_CO[3])
                                                      0.049     4.597 r  bd_0_i/hls_inst/inst/grp_p_shadowquilt_main_loop_make_verticle_strip_fu_565/grp_makePatch_alignedToLine_fu_1322/grp_alignedtoline_per_layer_loop8_fu_183/grp_p_find_boundaries_and_starting_index_and_value9_fu_922/p_find_left_and_right_boundaries11_U0/m_53_reg_2443_reg[20]_i_2/CO[3]
                         net (fo=1, routed)           0.001     4.598    bd_0_i/hls_inst/inst/grp_p_shadowquilt_main_loop_make_verticle_strip_fu_565/grp_makePatch_alignedToLine_fu_1322/grp_alignedtoline_per_layer_loop8_fu_183/grp_p_find_boundaries_and_starting_index_and_value9_fu_922/p_find_left_and_right_boundaries11_U0/m_53_reg_2443_reg[20]_i_2_n_17
    SLICE_X101Y150       CARRY4 (Prop_carry4_CI_CO[3])
                                                      0.049     4.647 r  bd_0_i/hls_inst/inst/grp_p_shadowquilt_main_loop_make_verticle_strip_fu_565/grp_makePatch_alignedToLine_fu_1322/grp_alignedtoline_per_layer_loop8_fu_183/grp_p_find_boundaries_and_starting_index_and_value9_fu_922/p_find_left_and_right_boundaries11_U0/m_53_reg_2443_reg[24]_i_3/CO[3]
                         net (fo=1, routed)           0.000     4.647    bd_0_i/hls_inst/inst/grp_p_shadowquilt_main_loop_make_verticle_strip_fu_565/grp_makePatch_alignedToLine_fu_1322/grp_alignedtoline_per_layer_loop8_fu_183/grp_p_find_boundaries_and_starting_index_and_value9_fu_922/p_find_left_and_right_boundaries11_U0/m_53_reg_2443_reg[24]_i_3_n_17
    SLICE_X101Y151       CARRY4 (Prop_carry4_CI_CO[3])
                                                      0.049     4.696 r  bd_0_i/hls_inst/inst/grp_p_shadowquilt_main_loop_make_verticle_strip_fu_565/grp_makePatch_alignedToLine_fu_1322/grp_alignedtoline_per_layer_loop8_fu_183/grp_p_find_boundaries_and_starting_index_and_value9_fu_922/p_find_left_and_right_boundaries11_U0/m_53_reg_2443_reg[28]_i_3/CO[3]
                         net (fo=1, routed)           0.000     4.696    bd_0_i/hls_inst/inst/grp_p_shadowquilt_main_loop_make_verticle_strip_fu_565/grp_makePatch_alignedToLine_fu_1322/grp_alignedtoline_per_layer_loop8_fu_183/grp_p_find_boundaries_and_starting_index_and_value9_fu_922/p_find_left_and_right_boundaries11_U0/m_53_reg_2443_reg[28]_i_3_n_17
    SLICE_X101Y152       CARRY4 (Prop_carry4_CI_O[1])
                                                      0.153     4.849 f  bd_0_i/hls_inst/inst/grp_p_shadowquilt_main_loop_make_verticle_strip_fu_565/grp_makePatch_alignedToLine_fu_1322/grp_alignedtoline_per_layer_loop8_fu_183/grp_p_find_boundaries_and_starting_index_and_value9_fu_922/p_find_left_and_right_boundaries11_U0/m_53_reg_2443_reg[30]_i_2/O[1]
                         net (fo=1, routed)           0.335     5.183    bd_0_i/hls_inst/inst/grp_p_shadowquilt_main_loop_make_verticle_strip_fu_565/grp_makePatch_alignedToLine_fu_1322/grp_alignedtoline_per_layer_loop8_fu_183/grp_p_find_boundaries_and_starting_index_and_value9_fu_922/p_find_left_and_right_boundaries11_U0/tmp_V_14_fu_615_p2[30]
    SLICE_X100Y152       LUT3 (Prop_lut3_I0_O)        0.119     5.302 f  bd_0_i/hls_inst/inst/grp_p_shadowquilt_main_loop_make_verticle_strip_fu_565/grp_makePatch_alignedToLine_fu_1322/grp_alignedtoline_per_layer_loop8_fu_183/grp_p_find_boundaries_and_starting_index_and_value9_fu_922/p_find_left_and_right_boundaries11_U0/m_53_reg_2443[30]_i_1/O
                         net (fo=4, routed)           0.427     5.730    bd_0_i/hls_inst/inst/grp_p_shadowquilt_main_loop_make_verticle_strip_fu_565/grp_makePatch_alignedToLine_fu_1322/grp_alignedtoline_per_layer_loop8_fu_183/grp_p_find_boundaries_and_starting_index_and_value9_fu_922/p_find_left_and_right_boundaries11_U0/m_53_fu_621_p3[30]
    SLICE_X99Y151        LUT5 (Prop_lut5_I3_O)        0.049     5.779 f  bd_0_i/hls_inst/inst/grp_p_shadowquilt_main_loop_make_verticle_strip_fu_565/grp_makePatch_alignedToLine_fu_1322/grp_alignedtoline_per_layer_loop8_fu_183/grp_p_find_boundaries_and_starting_index_and_value9_fu_922/p_find_left_and_right_boundaries11_U0/sub_ln947_4_reg_2467[0]_i_2/O
                         net (fo=2, routed)           0.651     6.430    bd_0_i/hls_inst/inst/grp_p_shadowquilt_main_loop_make_verticle_strip_fu_565/grp_makePatch_alignedToLine_fu_1322/grp_alignedtoline_per_layer_loop8_fu_183/grp_p_find_boundaries_and_starting_index_and_value9_fu_922/p_find_left_and_right_boundaries11_U0/sub_ln947_4_reg_2467[0]_i_2_n_17
    SLICE_X98Y145        LUT6 (Prop_lut6_I1_O)        0.129     6.559 r  bd_0_i/hls_inst/inst/grp_p_shadowquilt_main_loop_make_verticle_strip_fu_565/grp_makePatch_alignedToLine_fu_1322/grp_alignedtoline_per_layer_loop8_fu_183/grp_p_find_boundaries_and_starting_index_and_value9_fu_922/p_find_left_and_right_boundaries11_U0/sub_ln947_4_reg_2467[0]_i_1/O
                         net (fo=3, routed)           0.432     6.991    bd_0_i/hls_inst/inst/grp_p_shadowquilt_main_loop_make_verticle_strip_fu_565/grp_makePatch_alignedToLine_fu_1322/grp_alignedtoline_per_layer_loop8_fu_183/grp_p_find_boundaries_and_starting_index_and_value9_fu_922/p_find_left_and_right_boundaries11_U0/sub_ln947_4_reg_2467[0]_i_1_n_17
    SLICE_X102Y146       LUT6 (Prop_lut6_I3_O)        0.043     7.034 r  bd_0_i/hls_inst/inst/grp_p_shadowquilt_main_loop_make_verticle_strip_fu_565/grp_makePatch_alignedToLine_fu_1322/grp_alignedtoline_per_layer_loop8_fu_183/grp_p_find_boundaries_and_starting_index_and_value9_fu_922/p_find_left_and_right_boundaries11_U0/p_Result_98_reg_2472[0]_i_9/O
                         net (fo=1, routed)           0.551     7.585    bd_0_i/hls_inst/inst/grp_p_shadowquilt_main_loop_make_verticle_strip_fu_565/grp_makePatch_alignedToLine_fu_1322/grp_alignedtoline_per_layer_loop8_fu_183/grp_p_find_boundaries_and_starting_index_and_value9_fu_922/p_find_left_and_right_boundaries11_U0/p_Result_98_reg_2472[0]_i_9_n_17
    SLICE_X98Y146        LUT6 (Prop_lut6_I1_O)        0.043     7.628 r  bd_0_i/hls_inst/inst/grp_p_shadowquilt_main_loop_make_verticle_strip_fu_565/grp_makePatch_alignedToLine_fu_1322/grp_alignedtoline_per_layer_loop8_fu_183/grp_p_find_boundaries_and_starting_index_and_value9_fu_922/p_find_left_and_right_boundaries11_U0/p_Result_98_reg_2472[0]_i_3/O
                         net (fo=1, routed)           0.438     8.066    bd_0_i/hls_inst/inst/grp_p_shadowquilt_main_loop_make_verticle_strip_fu_565/grp_makePatch_alignedToLine_fu_1322/grp_alignedtoline_per_layer_loop8_fu_183/grp_p_find_boundaries_and_starting_index_and_value9_fu_922/p_find_left_and_right_boundaries11_U0/p_Result_98_reg_2472[0]_i_3_n_17
    SLICE_X96Y146        LUT5 (Prop_lut5_I0_O)        0.043     8.109 r  bd_0_i/hls_inst/inst/grp_p_shadowquilt_main_loop_make_verticle_strip_fu_565/grp_makePatch_alignedToLine_fu_1322/grp_alignedtoline_per_layer_loop8_fu_183/grp_p_find_boundaries_and_starting_index_and_value9_fu_922/p_find_left_and_right_boundaries11_U0/p_Result_98_reg_2472[0]_i_2/O
                         net (fo=1, routed)           0.000     8.109    bd_0_i/hls_inst/inst/grp_p_shadowquilt_main_loop_make_verticle_strip_fu_565/grp_makePatch_alignedToLine_fu_1322/grp_alignedtoline_per_layer_loop8_fu_183/grp_p_find_boundaries_and_starting_index_and_value9_fu_922/p_find_left_and_right_boundaries11_U0/p_Result_98_fu_679_p3
    SLICE_X96Y146        FDRE                                         r  bd_0_i/hls_inst/inst/grp_p_shadowquilt_main_loop_make_verticle_strip_fu_565/grp_makePatch_alignedToLine_fu_1322/grp_alignedtoline_per_layer_loop8_fu_183/grp_p_find_boundaries_and_starting_index_and_value9_fu_922/p_find_left_and_right_boundaries11_U0/p_Result_98_reg_2472_reg[0]/D
  -------------------------------------------------------------------    -------------------

                         (clock ap_clk rise edge)    10.000    10.000 r  
                                                      0.000    10.000 r  ap_clk (IN)
                         net (fo=16362, unset)        0.483    10.483    bd_0_i/hls_inst/inst/grp_p_shadowquilt_main_loop_make_verticle_strip_fu_565/grp_makePatch_alignedToLine_fu_1322/grp_alignedtoline_per_layer_loop8_fu_183/grp_p_find_boundaries_and_starting_index_and_value9_fu_922/p_find_left_and_right_boundaries11_U0/ap_clk
    SLICE_X96Y146        FDRE                                         r  bd_0_i/hls_inst/inst/grp_p_shadowquilt_main_loop_make_verticle_strip_fu_565/grp_makePatch_alignedToLine_fu_1322/grp_alignedtoline_per_layer_loop8_fu_183/grp_p_find_boundaries_and_starting_index_and_value9_fu_922/p_find_left_and_right_boundaries11_U0/p_Result_98_reg_2472_reg[0]/C
                         clock pessimism              0.000    10.483    
                         clock uncertainty           -0.035    10.447    
    SLICE_X96Y146        FDRE (Setup_fdre_C_D)        0.081    10.528    bd_0_i/hls_inst/inst/grp_p_shadowquilt_main_loop_make_verticle_strip_fu_565/grp_makePatch_alignedToLine_fu_1322/grp_alignedtoline_per_layer_loop8_fu_183/grp_p_find_boundaries_and_starting_index_and_value9_fu_922/p_find_left_and_right_boundaries11_U0/p_Result_98_reg_2472_reg[0]
  -------------------------------------------------------------------
                         required time                         10.528    
                         arrival time                          -8.109    
  -------------------------------------------------------------------
                         slack                                  2.419    

Slack (MET) :             2.442ns  (required time - arrival time)
  Source:                 bd_0_i/hls_inst/inst/grp_p_shadowquilt_main_loop_make_verticle_strip_fu_565/grp_makePatch_alignedToLine_fu_1322/grp_alignedtoline_per_layer_loop8_fu_183/mul_33s_25ns_58_1_1_U43/system_top_mul_33s_25ns_58_1_1_Multiplier_0_U/p__1/CLK
                            (rising edge-triggered cell DSP48E1 clocked by ap_clk  {rise@0.000ns fall@5.000ns period=10.000ns})
  Destination:            bd_0_i/hls_inst/inst/grp_p_shadowquilt_main_loop_make_verticle_strip_fu_565/grp_makePatch_alignedToLine_fu_1322/grp_alignedtoline_per_layer_loop8_fu_183/mul_78s_108ns_185_3_1_U44/system_top_mul_78s_108ns_185_3_1_Multiplier_1_U/tmp_product__2/B[11]
                            (rising edge-triggered cell DSP48E1 clocked by ap_clk  {rise@0.000ns fall@5.000ns period=10.000ns})
  Path Group:             ap_clk
  Path Type:              Setup (Max at Slow Process Corner)
  Requirement:            10.000ns  (ap_clk rise@10.000ns - ap_clk rise@0.000ns)
  Data Path Delay:        7.146ns  (logic 4.464ns (62.471%)  route 2.682ns (37.529%))
  Logic Levels:           13  (CARRY4=11 DSP48E1=1 LUT2=1)
  Clock Path Skew:        -0.025ns (DCD - SCD + CPR)
    Destination Clock Delay (DCD):    0.483ns = ( 10.483 - 10.000 ) 
    Source Clock Delay      (SCD):    0.508ns
    Clock Pessimism Removal (CPR):    0.000ns
  Clock Uncertainty:      0.035ns  ((TSJ^2 + TIJ^2)^1/2 + DJ) / 2 + PE
    Total System Jitter     (TSJ):    0.071ns
    Total Input Jitter      (TIJ):    0.000ns
    Discrete Jitter          (DJ):    0.000ns
    Phase Error              (PE):    0.000ns

    Location             Delay type                Incr(ns)  Path(ns)    Netlist Resource(s)
  -------------------------------------------------------------------    -------------------
                         (clock ap_clk rise edge)     0.000     0.000 r  
                                                      0.000     0.000 r  ap_clk (IN)
                         net (fo=16362, unset)        0.508     0.508    bd_0_i/hls_inst/inst/grp_p_shadowquilt_main_loop_make_verticle_strip_fu_565/grp_makePatch_alignedToLine_fu_1322/grp_alignedtoline_per_layer_loop8_fu_183/mul_33s_25ns_58_1_1_U43/system_top_mul_33s_25ns_58_1_1_Multiplier_0_U/ap_clk
    DSP48_X5Y10          DSP48E1                                      r  bd_0_i/hls_inst/inst/grp_p_shadowquilt_main_loop_make_verticle_strip_fu_565/grp_makePatch_alignedToLine_fu_1322/grp_alignedtoline_per_layer_loop8_fu_183/mul_33s_25ns_58_1_1_U43/system_top_mul_33s_25ns_58_1_1_Multiplier_0_U/p__1/CLK
  -------------------------------------------------------------------    -------------------
    DSP48_X5Y10          DSP48E1 (Prop_dsp48e1_CLK_PCOUT[47])
                                                      2.626     3.134 r  bd_0_i/hls_inst/inst/grp_p_shadowquilt_main_loop_make_verticle_strip_fu_565/grp_makePatch_alignedToLine_fu_1322/grp_alignedtoline_per_layer_loop8_fu_183/mul_33s_25ns_58_1_1_U43/system_top_mul_33s_25ns_58_1_1_Multiplier_0_U/p__1/PCOUT[47]
                         net (fo=1, routed)           0.000     3.134    bd_0_i/hls_inst/inst/grp_p_shadowquilt_main_loop_make_verticle_strip_fu_565/grp_makePatch_alignedToLine_fu_1322/grp_alignedtoline_per_layer_loop8_fu_183/mul_33s_25ns_58_1_1_U43/system_top_mul_33s_25ns_58_1_1_Multiplier_0_U/p__1_n_123
    DSP48_X5Y11          DSP48E1 (Prop_dsp48e1_PCIN[47]_P[0])
                                                      0.938     4.072 r  bd_0_i/hls_inst/inst/grp_p_shadowquilt_main_loop_make_verticle_strip_fu_565/grp_makePatch_alignedToLine_fu_1322/grp_alignedtoline_per_layer_loop8_fu_183/mul_33s_25ns_58_1_1_U43/system_top_mul_33s_25ns_58_1_1_Multiplier_0_U/p__2/P[0]
                         net (fo=2, routed)           0.676     4.748    bd_0_i/hls_inst/inst/grp_p_shadowquilt_main_loop_make_verticle_strip_fu_565/grp_makePatch_alignedToLine_fu_1322/grp_alignedtoline_per_layer_loop8_fu_183/mul_33s_25ns_58_1_1_U43/system_top_mul_33s_25ns_58_1_1_Multiplier_0_U/p__2_0[0]
    SLICE_X105Y20        LUT2 (Prop_lut2_I0_O)        0.043     4.791 r  bd_0_i/hls_inst/inst/grp_p_shadowquilt_main_loop_make_verticle_strip_fu_565/grp_makePatch_alignedToLine_fu_1322/grp_alignedtoline_per_layer_loop8_fu_183/mul_33s_25ns_58_1_1_U43/system_top_mul_33s_25ns_58_1_1_Multiplier_0_U/tmp_product__0_i_19/O
                         net (fo=1, routed)           0.000     4.791    bd_0_i/hls_inst/inst/grp_p_shadowquilt_main_loop_make_verticle_strip_fu_565_n_19
    SLICE_X105Y20        CARRY4 (Prop_carry4_S[1]_CO[3])
                                                      0.257     5.048 r  bd_0_i/hls_inst/inst/mul_33s_25ns_58_1_1_U43/system_top_mul_33s_25ns_58_1_1_Multiplier_0_U/tmp_product__0_i_4/CO[3]
                         net (fo=1, routed)           0.000     5.048    bd_0_i/hls_inst/inst/mul_33s_25ns_58_1_1_U43/system_top_mul_33s_25ns_58_1_1_Multiplier_0_U/tmp_product__0_i_4_n_17
    SLICE_X105Y21        CARRY4 (Prop_carry4_CI_CO[3])
                                                      0.049     5.097 r  bd_0_i/hls_inst/inst/mul_33s_25ns_58_1_1_U43/system_top_mul_33s_25ns_58_1_1_Multiplier_0_U/tmp_product__0_i_3/CO[3]
                         net (fo=1, routed)           0.000     5.097    bd_0_i/hls_inst/inst/mul_33s_25ns_58_1_1_U43/system_top_mul_33s_25ns_58_1_1_Multiplier_0_U/tmp_product__0_i_3_n_17
    SLICE_X105Y22        CARRY4 (Prop_carry4_CI_CO[3])
                                                      0.049     5.146 r  bd_0_i/hls_inst/inst/mul_33s_25ns_58_1_1_U43/system_top_mul_33s_25ns_58_1_1_Multiplier_0_U/tmp_product__0_i_2/CO[3]
                         net (fo=1, routed)           0.000     5.146    bd_0_i/hls_inst/inst/mul_33s_25ns_58_1_1_U43/system_top_mul_33s_25ns_58_1_1_Multiplier_0_U/tmp_product__0_i_2_n_17
    SLICE_X105Y23        CARRY4 (Prop_carry4_CI_CO[3])
                                                      0.049     5.195 r  bd_0_i/hls_inst/inst/mul_33s_25ns_58_1_1_U43/system_top_mul_33s_25ns_58_1_1_Multiplier_0_U/tmp_product__0_i_1/CO[3]
                         net (fo=1, routed)           0.000     5.195    bd_0_i/hls_inst/inst/mul_33s_25ns_58_1_1_U43/system_top_mul_33s_25ns_58_1_1_Multiplier_0_U/tmp_product__0_i_1_n_17
    SLICE_X105Y24        CARRY4 (Prop_carry4_CI_CO[3])
                                                      0.049     5.244 r  bd_0_i/hls_inst/inst/mul_33s_25ns_58_1_1_U43/system_top_mul_33s_25ns_58_1_1_Multiplier_0_U/tmp_product__1_i_4/CO[3]
                         net (fo=1, routed)           0.007     5.251    bd_0_i/hls_inst/inst/mul_33s_25ns_58_1_1_U43/system_top_mul_33s_25ns_58_1_1_Multiplier_0_U/tmp_product__1_i_4_n_17
    SLICE_X105Y25        CARRY4 (Prop_carry4_CI_CO[3])
                                                      0.049     5.300 r  bd_0_i/hls_inst/inst/mul_33s_25ns_58_1_1_U43/system_top_mul_33s_25ns_58_1_1_Multiplier_0_U/tmp_product__1_i_3/CO[3]
                         net (fo=1, routed)           0.000     5.300    bd_0_i/hls_inst/inst/mul_33s_25ns_58_1_1_U43/system_top_mul_33s_25ns_58_1_1_Multiplier_0_U/tmp_product__1_i_3_n_17
    SLICE_X105Y26        CARRY4 (Prop_carry4_CI_CO[3])
                                                      0.049     5.349 r  bd_0_i/hls_inst/inst/mul_33s_25ns_58_1_1_U43/system_top_mul_33s_25ns_58_1_1_Multiplier_0_U/tmp_product__1_i_2/CO[3]
                         net (fo=1, routed)           0.000     5.349    bd_0_i/hls_inst/inst/mul_33s_25ns_58_1_1_U43/system_top_mul_33s_25ns_58_1_1_Multiplier_0_U/tmp_product__1_i_2_n_17
    SLICE_X105Y27        CARRY4 (Prop_carry4_CI_CO[3])
                                                      0.049     5.398 r  bd_0_i/hls_inst/inst/mul_33s_25ns_58_1_1_U43/system_top_mul_33s_25ns_58_1_1_Multiplier_0_U/tmp_product__1_i_1/CO[3]
                         net (fo=1, routed)           0.000     5.398    bd_0_i/hls_inst/inst/mul_33s_25ns_58_1_1_U43/system_top_mul_33s_25ns_58_1_1_Multiplier_0_U/tmp_product__1_i_1_n_17
    SLICE_X105Y28        CARRY4 (Prop_carry4_CI_CO[3])
                                                      0.049     5.447 r  bd_0_i/hls_inst/inst/mul_33s_25ns_58_1_1_U43/system_top_mul_33s_25ns_58_1_1_Multiplier_0_U/tmp_product_i_2/CO[3]
                         net (fo=1, routed)           0.000     5.447    bd_0_i/hls_inst/inst/mul_33s_25ns_58_1_1_U43/system_top_mul_33s_25ns_58_1_1_Multiplier_0_U/tmp_product_i_2_n_17
    SLICE_X105Y29        CARRY4 (Prop_carry4_CI_CO[3])
                                                      0.049     5.496 r  bd_0_i/hls_inst/inst/mul_33s_25ns_58_1_1_U43/system_top_mul_33s_25ns_58_1_1_Multiplier_0_U/tmp_product_i_1/CO[3]
                         net (fo=1, routed)           0.000     5.496    bd_0_i/hls_inst/inst/grp_p_shadowquilt_main_loop_make_verticle_strip_fu_565/grp_makePatch_alignedToLine_fu_1322/grp_alignedtoline_per_layer_loop8_fu_183/mul_33s_25ns_58_1_1_U43/system_top_mul_33s_25ns_58_1_1_Multiplier_0_U/tmp_product__11[0]
    SLICE_X105Y30        CARRY4 (Prop_carry4_CI_O[1])
                                                      0.159     5.655 r  bd_0_i/hls_inst/inst/grp_p_shadowquilt_main_loop_make_verticle_strip_fu_565/grp_makePatch_alignedToLine_fu_1322/grp_alignedtoline_per_layer_loop8_fu_183/mul_33s_25ns_58_1_1_U43/system_top_mul_33s_25ns_58_1_1_Multiplier_0_U/tmp_25_reg_4588_reg[0]_i_1/O[1]
                         net (fo=55, routed)          1.999     7.654    bd_0_i/hls_inst/inst/grp_p_shadowquilt_main_loop_make_verticle_strip_fu_565/grp_makePatch_alignedToLine_fu_1322/grp_alignedtoline_per_layer_loop8_fu_183/mul_78s_108ns_185_3_1_U44/system_top_mul_78s_108ns_185_3_1_Multiplier_1_U/B[9]
    DSP48_X3Y14          DSP48E1                                      r  bd_0_i/hls_inst/inst/grp_p_shadowquilt_main_loop_make_verticle_strip_fu_565/grp_makePatch_alignedToLine_fu_1322/grp_alignedtoline_per_layer_loop8_fu_183/mul_78s_108ns_185_3_1_U44/system_top_mul_78s_108ns_185_3_1_Multiplier_1_U/tmp_product__2/B[11]
  -------------------------------------------------------------------    -------------------

                         (clock ap_clk rise edge)    10.000    10.000 r  
                                                      0.000    10.000 r  ap_clk (IN)
                         net (fo=16362, unset)        0.483    10.483    bd_0_i/hls_inst/inst/grp_p_shadowquilt_main_loop_make_verticle_strip_fu_565/grp_makePatch_alignedToLine_fu_1322/grp_alignedtoline_per_layer_loop8_fu_183/mul_78s_108ns_185_3_1_U44/system_top_mul_78s_108ns_185_3_1_Multiplier_1_U/ap_clk
    DSP48_X3Y14          DSP48E1                                      r  bd_0_i/hls_inst/inst/grp_p_shadowquilt_main_loop_make_verticle_strip_fu_565/grp_makePatch_alignedToLine_fu_1322/grp_alignedtoline_per_layer_loop8_fu_183/mul_78s_108ns_185_3_1_U44/system_top_mul_78s_108ns_185_3_1_Multiplier_1_U/tmp_product__2/CLK
                         clock pessimism              0.000    10.483    
                         clock uncertainty           -0.035    10.447    
    DSP48_X3Y14          DSP48E1 (Setup_dsp48e1_CLK_B[11])
                                                     -0.351    10.096    bd_0_i/hls_inst/inst/grp_p_shadowquilt_main_loop_make_verticle_strip_fu_565/grp_makePatch_alignedToLine_fu_1322/grp_alignedtoline_per_layer_loop8_fu_183/mul_78s_108ns_185_3_1_U44/system_top_mul_78s_108ns_185_3_1_Multiplier_1_U/tmp_product__2
  -------------------------------------------------------------------
                         required time                         10.096    
                         arrival time                          -7.654    
  -------------------------------------------------------------------
                         slack                                  2.442    





Min Delay Paths
--------------------------------------------------------------------------------------
Slack (MET) :             0.049ns  (arrival time - required time)
  Source:                 bd_0_i/hls_inst/inst/shadow_bottomL_jR_V_U/system_top_shadow_bottomL_jR_V_ram_U/q0_reg[27]/C
                            (rising edge-triggered cell FDRE clocked by ap_clk  {rise@0.000ns fall@5.000ns period=10.000ns})
  Destination:            bd_0_i/hls_inst/inst/grp_p_shadowquilt_main_loop_make_verticle_strip_fu_565/grp_get_acceptanceCorners_fu_1445/a_corner_list_V_U/system_top_get_acceptanceCorners_a_corner_list_V_ram_U/ram_reg/DIADI[27]
                            (rising edge-triggered cell RAMB36E1 clocked by ap_clk  {rise@0.000ns fall@5.000ns period=10.000ns})
  Path Group:             ap_clk
  Path Type:              Hold (Min at Fast Process Corner)
  Requirement:            0.000ns  (ap_clk rise@0.000ns - ap_clk rise@0.000ns)
  Data Path Delay:        0.220ns  (logic 0.118ns (53.746%)  route 0.102ns (46.254%))
  Logic Levels:           0  
  Clock Path Skew:        0.016ns (DCD - SCD - CPR)
    Destination Clock Delay (DCD):    0.312ns
    Source Clock Delay      (SCD):    0.296ns
    Clock Pessimism Removal (CPR):    -0.000ns

    Location             Delay type                Incr(ns)  Path(ns)    Netlist Resource(s)
  -------------------------------------------------------------------    -------------------
                         (clock ap_clk rise edge)     0.000     0.000 r  
                                                      0.000     0.000 r  ap_clk (IN)
                         net (fo=16362, unset)        0.296     0.296    bd_0_i/hls_inst/inst/shadow_bottomL_jR_V_U/system_top_shadow_bottomL_jR_V_ram_U/ap_clk
    SLICE_X34Y59         FDRE                                         r  bd_0_i/hls_inst/inst/shadow_bottomL_jR_V_U/system_top_shadow_bottomL_jR_V_ram_U/q0_reg[27]/C
  -------------------------------------------------------------------    -------------------
    SLICE_X34Y59         FDRE (Prop_fdre_C_Q)         0.118     0.414 r  bd_0_i/hls_inst/inst/shadow_bottomL_jR_V_U/system_top_shadow_bottomL_jR_V_ram_U/q0_reg[27]/Q
                         net (fo=2, routed)           0.102     0.516    bd_0_i/hls_inst/inst/grp_p_shadowquilt_main_loop_make_verticle_strip_fu_565/grp_get_acceptanceCorners_fu_1445/a_corner_list_V_U/system_top_get_acceptanceCorners_a_corner_list_V_ram_U/ram_reg_0[27]
    RAMB36_X2Y11         RAMB36E1                                     r  bd_0_i/hls_inst/inst/grp_p_shadowquilt_main_loop_make_verticle_strip_fu_565/grp_get_acceptanceCorners_fu_1445/a_corner_list_V_U/system_top_get_acceptanceCorners_a_corner_list_V_ram_U/ram_reg/DIADI[27]
  -------------------------------------------------------------------    -------------------

                         (clock ap_clk rise edge)     0.000     0.000 r  
                                                      0.000     0.000 r  ap_clk (IN)
                         net (fo=16362, unset)        0.312     0.312    bd_0_i/hls_inst/inst/grp_p_shadowquilt_main_loop_make_verticle_strip_fu_565/grp_get_acceptanceCorners_fu_1445/a_corner_list_V_U/system_top_get_acceptanceCorners_a_corner_list_V_ram_U/ap_clk
    RAMB36_X2Y11         RAMB36E1                                     r  bd_0_i/hls_inst/inst/grp_p_shadowquilt_main_loop_make_verticle_strip_fu_565/grp_get_acceptanceCorners_fu_1445/a_corner_list_V_U/system_top_get_acceptanceCorners_a_corner_list_V_ram_U/ram_reg/CLKARDCLK
                         clock pessimism              0.000     0.312    
    RAMB36_X2Y11         RAMB36E1 (Hold_ramb36e1_CLKARDCLK_DIADI[27])
                                                      0.155     0.467    bd_0_i/hls_inst/inst/grp_p_shadowquilt_main_loop_make_verticle_strip_fu_565/grp_get_acceptanceCorners_fu_1445/a_corner_list_V_U/system_top_get_acceptanceCorners_a_corner_list_V_ram_U/ram_reg
  -------------------------------------------------------------------
                         required time                         -0.467    
                         arrival time                           0.516    
  -------------------------------------------------------------------
                         slack                                  0.049    

Slack (MET) :             0.072ns  (arrival time - required time)
  Source:                 bd_0_i/hls_inst/inst/shadow_bottomL_jL_V_U/system_top_shadow_bottomL_jR_V_ram_U/q0_reg[3]/C
                            (rising edge-triggered cell FDRE clocked by ap_clk  {rise@0.000ns fall@5.000ns period=10.000ns})
  Destination:            bd_0_i/hls_inst/inst/grp_p_shadowquilt_main_loop_make_verticle_strip_fu_565/grp_get_acceptanceCorners_fu_1445/c_corner_list_V_U/system_top_get_acceptanceCorners_a_corner_list_V_ram_U/ram_reg/DIADI[3]
                            (rising edge-triggered cell RAMB36E1 clocked by ap_clk  {rise@0.000ns fall@5.000ns period=10.000ns})
  Path Group:             ap_clk
  Path Type:              Hold (Min at Fast Process Corner)
  Requirement:            0.000ns  (ap_clk rise@0.000ns - ap_clk rise@0.000ns)
  Data Path Delay:        0.199ns  (logic 0.107ns (53.859%)  route 0.092ns (46.141%))
  Logic Levels:           0  
  Clock Path Skew:        0.016ns (DCD - SCD - CPR)
    Destination Clock Delay (DCD):    0.312ns
    Source Clock Delay      (SCD):    0.296ns
    Clock Pessimism Removal (CPR):    -0.000ns

    Location             Delay type                Incr(ns)  Path(ns)    Netlist Resource(s)
  -------------------------------------------------------------------    -------------------
                         (clock ap_clk rise edge)     0.000     0.000 r  
                                                      0.000     0.000 r  ap_clk (IN)
                         net (fo=16362, unset)        0.296     0.296    bd_0_i/hls_inst/inst/shadow_bottomL_jL_V_U/system_top_shadow_bottomL_jR_V_ram_U/ap_clk
    SLICE_X22Y58         FDRE                                         r  bd_0_i/hls_inst/inst/shadow_bottomL_jL_V_U/system_top_shadow_bottomL_jR_V_ram_U/q0_reg[3]/C
  -------------------------------------------------------------------    -------------------
    SLICE_X22Y58         FDRE (Prop_fdre_C_Q)         0.107     0.403 r  bd_0_i/hls_inst/inst/shadow_bottomL_jL_V_U/system_top_shadow_bottomL_jR_V_ram_U/q0_reg[3]/Q
                         net (fo=2, routed)           0.092     0.495    bd_0_i/hls_inst/inst/grp_p_shadowquilt_main_loop_make_verticle_strip_fu_565/grp_get_acceptanceCorners_fu_1445/c_corner_list_V_U/system_top_get_acceptanceCorners_a_corner_list_V_ram_U/ram_reg_0[3]
    RAMB36_X1Y11         RAMB36E1                                     r  bd_0_i/hls_inst/inst/grp_p_shadowquilt_main_loop_make_verticle_strip_fu_565/grp_get_acceptanceCorners_fu_1445/c_corner_list_V_U/system_top_get_acceptanceCorners_a_corner_list_V_ram_U/ram_reg/DIADI[3]
  -------------------------------------------------------------------    -------------------

                         (clock ap_clk rise edge)     0.000     0.000 r  
                                                      0.000     0.000 r  ap_clk (IN)
                         net (fo=16362, unset)        0.312     0.312    bd_0_i/hls_inst/inst/grp_p_shadowquilt_main_loop_make_verticle_strip_fu_565/grp_get_acceptanceCorners_fu_1445/c_corner_list_V_U/system_top_get_acceptanceCorners_a_corner_list_V_ram_U/ap_clk
    RAMB36_X1Y11         RAMB36E1                                     r  bd_0_i/hls_inst/inst/grp_p_shadowquilt_main_loop_make_verticle_strip_fu_565/grp_get_acceptanceCorners_fu_1445/c_corner_list_V_U/system_top_get_acceptanceCorners_a_corner_list_V_ram_U/ram_reg/CLKARDCLK
                         clock pessimism              0.000     0.312    
    RAMB36_X1Y11         RAMB36E1 (Hold_ramb36e1_CLKARDCLK_DIADI[3])
                                                      0.111     0.423    bd_0_i/hls_inst/inst/grp_p_shadowquilt_main_loop_make_verticle_strip_fu_565/grp_get_acceptanceCorners_fu_1445/c_corner_list_V_U/system_top_get_acceptanceCorners_a_corner_list_V_ram_U/ram_reg
  -------------------------------------------------------------------
                         required time                         -0.423    
                         arrival time                           0.495    
  -------------------------------------------------------------------
                         slack                                  0.072    

Slack (MET) :             0.079ns  (arrival time - required time)
  Source:                 bd_0_i/hls_inst/inst/shadow_bottomL_jL_V_U/system_top_shadow_bottomL_jR_V_ram_U/q0_reg[5]/C
                            (rising edge-triggered cell FDRE clocked by ap_clk  {rise@0.000ns fall@5.000ns period=10.000ns})
  Destination:            bd_0_i/hls_inst/inst/grp_p_shadowquilt_main_loop_make_verticle_strip_fu_565/grp_get_acceptanceCorners_fu_1445/c_corner_list_V_U/system_top_get_acceptanceCorners_a_corner_list_V_ram_U/ram_reg/DIADI[5]
                            (rising edge-triggered cell RAMB36E1 clocked by ap_clk  {rise@0.000ns fall@5.000ns period=10.000ns})
  Path Group:             ap_clk
  Path Type:              Hold (Min at Fast Process Corner)
  Requirement:            0.000ns  (ap_clk rise@0.000ns - ap_clk rise@0.000ns)
  Data Path Delay:        0.250ns  (logic 0.118ns (47.283%)  route 0.132ns (52.717%))
  Logic Levels:           0  
  Clock Path Skew:        0.016ns (DCD - SCD - CPR)
    Destination Clock Delay (DCD):    0.312ns
    Source Clock Delay      (SCD):    0.296ns
    Clock Pessimism Removal (CPR):    -0.000ns

    Location             Delay type                Incr(ns)  Path(ns)    Netlist Resource(s)
  -------------------------------------------------------------------    -------------------
                         (clock ap_clk rise edge)     0.000     0.000 r  
                                                      0.000     0.000 r  ap_clk (IN)
                         net (fo=16362, unset)        0.296     0.296    bd_0_i/hls_inst/inst/shadow_bottomL_jL_V_U/system_top_shadow_bottomL_jR_V_ram_U/ap_clk
    SLICE_X22Y58         FDRE                                         r  bd_0_i/hls_inst/inst/shadow_bottomL_jL_V_U/system_top_shadow_bottomL_jR_V_ram_U/q0_reg[5]/C
  -------------------------------------------------------------------    -------------------
    SLICE_X22Y58         FDRE (Prop_fdre_C_Q)         0.118     0.414 r  bd_0_i/hls_inst/inst/shadow_bottomL_jL_V_U/system_top_shadow_bottomL_jR_V_ram_U/q0_reg[5]/Q
                         net (fo=2, routed)           0.132     0.546    bd_0_i/hls_inst/inst/grp_p_shadowquilt_main_loop_make_verticle_strip_fu_565/grp_get_acceptanceCorners_fu_1445/c_corner_list_V_U/system_top_get_acceptanceCorners_a_corner_list_V_ram_U/ram_reg_0[5]
    RAMB36_X1Y11         RAMB36E1                                     r  bd_0_i/hls_inst/inst/grp_p_shadowquilt_main_loop_make_verticle_strip_fu_565/grp_get_acceptanceCorners_fu_1445/c_corner_list_V_U/system_top_get_acceptanceCorners_a_corner_list_V_ram_U/ram_reg/DIADI[5]
  -------------------------------------------------------------------    -------------------

                         (clock ap_clk rise edge)     0.000     0.000 r  
                                                      0.000     0.000 r  ap_clk (IN)
                         net (fo=16362, unset)        0.312     0.312    bd_0_i/hls_inst/inst/grp_p_shadowquilt_main_loop_make_verticle_strip_fu_565/grp_get_acceptanceCorners_fu_1445/c_corner_list_V_U/system_top_get_acceptanceCorners_a_corner_list_V_ram_U/ap_clk
    RAMB36_X1Y11         RAMB36E1                                     r  bd_0_i/hls_inst/inst/grp_p_shadowquilt_main_loop_make_verticle_strip_fu_565/grp_get_acceptanceCorners_fu_1445/c_corner_list_V_U/system_top_get_acceptanceCorners_a_corner_list_V_ram_U/ram_reg/CLKARDCLK
                         clock pessimism              0.000     0.312    
    RAMB36_X1Y11         RAMB36E1 (Hold_ramb36e1_CLKARDCLK_DIADI[5])
                                                      0.155     0.467    bd_0_i/hls_inst/inst/grp_p_shadowquilt_main_loop_make_verticle_strip_fu_565/grp_get_acceptanceCorners_fu_1445/c_corner_list_V_U/system_top_get_acceptanceCorners_a_corner_list_V_ram_U/ram_reg
  -------------------------------------------------------------------
                         required time                         -0.467    
                         arrival time                           0.546    
  -------------------------------------------------------------------
                         slack                                  0.079    

Slack (MET) :             0.079ns  (arrival time - required time)
  Source:                 bd_0_i/hls_inst/inst/grp_p_shadowquilt_main_loop_make_verticle_strip_fu_565/grp_makePatch_alignedToLine_fu_1322/grp_alignedtoline_per_layer_loop8_fu_183/grp_p_find_boundaries_and_starting_index_and_value9_fu_922/projectionToRow_c_U/U_system_top_fifo_w32_d2_S_ram/SRL_SIG_reg[1][30]/C
                            (rising edge-triggered cell FDRE clocked by ap_clk  {rise@0.000ns fall@5.000ns period=10.000ns})
  Destination:            bd_0_i/hls_inst/inst/grp_p_shadowquilt_main_loop_make_verticle_strip_fu_565/grp_makePatch_alignedToLine_fu_1322/grp_alignedtoline_per_layer_loop8_fu_183/grp_p_find_boundaries_and_starting_index_and_value9_fu_922/p_find_starting_index_and_value10_U0/p_Val2_21_reg_1263_reg[30]/D
                            (rising edge-triggered cell FDRE clocked by ap_clk  {rise@0.000ns fall@5.000ns period=10.000ns})
  Path Group:             ap_clk
  Path Type:              Hold (Min at Fast Process Corner)
  Requirement:            0.000ns  (ap_clk rise@0.000ns - ap_clk rise@0.000ns)
  Data Path Delay:        0.182ns  (logic 0.128ns (70.338%)  route 0.054ns (29.662%))
  Logic Levels:           1  (LUT4=1)
  Clock Path Skew:        0.016ns (DCD - SCD - CPR)
    Destination Clock Delay (DCD):    0.312ns
    Source Clock Delay      (SCD):    0.296ns
    Clock Pessimism Removal (CPR):    -0.000ns

    Location             Delay type                Incr(ns)  Path(ns)    Netlist Resource(s)
  -------------------------------------------------------------------    -------------------
                         (clock ap_clk rise edge)     0.000     0.000 r  
                                                      0.000     0.000 r  ap_clk (IN)
                         net (fo=16362, unset)        0.296     0.296    bd_0_i/hls_inst/inst/grp_p_shadowquilt_main_loop_make_verticle_strip_fu_565/grp_makePatch_alignedToLine_fu_1322/grp_alignedtoline_per_layer_loop8_fu_183/grp_p_find_boundaries_and_starting_index_and_value9_fu_922/projectionToRow_c_U/U_system_top_fifo_w32_d2_S_ram/ap_clk
    SLICE_X107Y59        FDRE                                         r  bd_0_i/hls_inst/inst/grp_p_shadowquilt_main_loop_make_verticle_strip_fu_565/grp_makePatch_alignedToLine_fu_1322/grp_alignedtoline_per_layer_loop8_fu_183/grp_p_find_boundaries_and_starting_index_and_value9_fu_922/projectionToRow_c_U/U_system_top_fifo_w32_d2_S_ram/SRL_SIG_reg[1][30]/C
  -------------------------------------------------------------------    -------------------
    SLICE_X107Y59        FDRE (Prop_fdre_C_Q)         0.100     0.396 r  bd_0_i/hls_inst/inst/grp_p_shadowquilt_main_loop_make_verticle_strip_fu_565/grp_makePatch_alignedToLine_fu_1322/grp_alignedtoline_per_layer_loop8_fu_183/grp_p_find_boundaries_and_starting_index_and_value9_fu_922/projectionToRow_c_U/U_system_top_fifo_w32_d2_S_ram/SRL_SIG_reg[1][30]/Q
                         net (fo=1, routed)           0.054     0.450    bd_0_i/hls_inst/inst/grp_p_shadowquilt_main_loop_make_verticle_strip_fu_565/grp_makePatch_alignedToLine_fu_1322/grp_alignedtoline_per_layer_loop8_fu_183/grp_p_find_boundaries_and_starting_index_and_value9_fu_922/projectionToRow_c_U/U_system_top_fifo_w32_d2_S_ram/SRL_SIG_reg_n_17_[1][30]
    SLICE_X106Y59        LUT4 (Prop_lut4_I3_O)        0.028     0.478 r  bd_0_i/hls_inst/inst/grp_p_shadowquilt_main_loop_make_verticle_strip_fu_565/grp_makePatch_alignedToLine_fu_1322/grp_alignedtoline_per_layer_loop8_fu_183/grp_p_find_boundaries_and_starting_index_and_value9_fu_922/projectionToRow_c_U/U_system_top_fifo_w32_d2_S_ram/p_Val2_21_reg_1263[30]_i_1/O
                         net (fo=1, routed)           0.000     0.478    bd_0_i/hls_inst/inst/grp_p_shadowquilt_main_loop_make_verticle_strip_fu_565/grp_makePatch_alignedToLine_fu_1322/grp_alignedtoline_per_layer_loop8_fu_183/grp_p_find_boundaries_and_starting_index_and_value9_fu_922/p_find_starting_index_and_value10_U0/projectionToRow_c_dout[30]
    SLICE_X106Y59        FDRE                                         r  bd_0_i/hls_inst/inst/grp_p_shadowquilt_main_loop_make_verticle_strip_fu_565/grp_makePatch_alignedToLine_fu_1322/grp_alignedtoline_per_layer_loop8_fu_183/grp_p_find_boundaries_and_starting_index_and_value9_fu_922/p_find_starting_index_and_value10_U0/p_Val2_21_reg_1263_reg[30]/D
  -------------------------------------------------------------------    -------------------

                         (clock ap_clk rise edge)     0.000     0.000 r  
                                                      0.000     0.000 r  ap_clk (IN)
                         net (fo=16362, unset)        0.312     0.312    bd_0_i/hls_inst/inst/grp_p_shadowquilt_main_loop_make_verticle_strip_fu_565/grp_makePatch_alignedToLine_fu_1322/grp_alignedtoline_per_layer_loop8_fu_183/grp_p_find_boundaries_and_starting_index_and_value9_fu_922/p_find_starting_index_and_value10_U0/ap_clk
    SLICE_X106Y59        FDRE                                         r  bd_0_i/hls_inst/inst/grp_p_shadowquilt_main_loop_make_verticle_strip_fu_565/grp_makePatch_alignedToLine_fu_1322/grp_alignedtoline_per_layer_loop8_fu_183/grp_p_find_boundaries_and_starting_index_and_value9_fu_922/p_find_starting_index_and_value10_U0/p_Val2_21_reg_1263_reg[30]/C
                         clock pessimism              0.000     0.312    
    SLICE_X106Y59        FDRE (Hold_fdre_C_D)         0.087     0.399    bd_0_i/hls_inst/inst/grp_p_shadowquilt_main_loop_make_verticle_strip_fu_565/grp_makePatch_alignedToLine_fu_1322/grp_alignedtoline_per_layer_loop8_fu_183/grp_p_find_boundaries_and_starting_index_and_value9_fu_922/p_find_starting_index_and_value10_U0/p_Val2_21_reg_1263_reg[30]
  -------------------------------------------------------------------
                         required time                         -0.399    
                         arrival time                           0.478    
  -------------------------------------------------------------------
                         slack                                  0.079    

Slack (MET) :             0.080ns  (arrival time - required time)
  Source:                 bd_0_i/hls_inst/inst/shadow_bottomR_jR_V_U/system_top_shadow_bottomL_jR_V_ram_U/q0_reg[18]/C
                            (rising edge-triggered cell FDRE clocked by ap_clk  {rise@0.000ns fall@5.000ns period=10.000ns})
  Destination:            bd_0_i/hls_inst/inst/grp_p_shadowquilt_main_loop_make_verticle_strip_fu_565/grp_get_acceptanceCorners_fu_1445/b_corner_list_V_U/system_top_get_acceptanceCorners_a_corner_list_V_ram_U/ram_reg/DIADI[18]
                            (rising edge-triggered cell RAMB36E1 clocked by ap_clk  {rise@0.000ns fall@5.000ns period=10.000ns})
  Path Group:             ap_clk
  Path Type:              Hold (Min at Fast Process Corner)
  Requirement:            0.000ns  (ap_clk rise@0.000ns - ap_clk rise@0.000ns)
  Data Path Delay:        0.207ns  (logic 0.107ns (51.792%)  route 0.100ns (48.208%))
  Logic Levels:           0  
  Clock Path Skew:        0.016ns (DCD - SCD - CPR)
    Destination Clock Delay (DCD):    0.312ns
    Source Clock Delay      (SCD):    0.296ns
    Clock Pessimism Removal (CPR):    -0.000ns

    Location             Delay type                Incr(ns)  Path(ns)    Netlist Resource(s)
  -------------------------------------------------------------------    -------------------
                         (clock ap_clk rise edge)     0.000     0.000 r  
                                                      0.000     0.000 r  ap_clk (IN)
                         net (fo=16362, unset)        0.296     0.296    bd_0_i/hls_inst/inst/shadow_bottomR_jR_V_U/system_top_shadow_bottomL_jR_V_ram_U/ap_clk
    SLICE_X52Y55         FDRE                                         r  bd_0_i/hls_inst/inst/shadow_bottomR_jR_V_U/system_top_shadow_bottomL_jR_V_ram_U/q0_reg[18]/C
  -------------------------------------------------------------------    -------------------
    SLICE_X52Y55         FDRE (Prop_fdre_C_Q)         0.107     0.403 r  bd_0_i/hls_inst/inst/shadow_bottomR_jR_V_U/system_top_shadow_bottomL_jR_V_ram_U/q0_reg[18]/Q
                         net (fo=2, routed)           0.100     0.503    bd_0_i/hls_inst/inst/grp_p_shadowquilt_main_loop_make_verticle_strip_fu_565/grp_get_acceptanceCorners_fu_1445/b_corner_list_V_U/system_top_get_acceptanceCorners_a_corner_list_V_ram_U/ram_reg_0[18]
    RAMB36_X3Y11         RAMB36E1                                     r  bd_0_i/hls_inst/inst/grp_p_shadowquilt_main_loop_make_verticle_strip_fu_565/grp_get_acceptanceCorners_fu_1445/b_corner_list_V_U/system_top_get_acceptanceCorners_a_corner_list_V_ram_U/ram_reg/DIADI[18]
  -------------------------------------------------------------------    -------------------

                         (clock ap_clk rise edge)     0.000     0.000 r  
                                                      0.000     0.000 r  ap_clk (IN)
                         net (fo=16362, unset)        0.312     0.312    bd_0_i/hls_inst/inst/grp_p_shadowquilt_main_loop_make_verticle_strip_fu_565/grp_get_acceptanceCorners_fu_1445/b_corner_list_V_U/system_top_get_acceptanceCorners_a_corner_list_V_ram_U/ap_clk
    RAMB36_X3Y11         RAMB36E1                                     r  bd_0_i/hls_inst/inst/grp_p_shadowquilt_main_loop_make_verticle_strip_fu_565/grp_get_acceptanceCorners_fu_1445/b_corner_list_V_U/system_top_get_acceptanceCorners_a_corner_list_V_ram_U/ram_reg/CLKARDCLK
                         clock pessimism              0.000     0.312    
    RAMB36_X3Y11         RAMB36E1 (Hold_ramb36e1_CLKARDCLK_DIADI[18])
                                                      0.111     0.423    bd_0_i/hls_inst/inst/grp_p_shadowquilt_main_loop_make_verticle_strip_fu_565/grp_get_acceptanceCorners_fu_1445/b_corner_list_V_U/system_top_get_acceptanceCorners_a_corner_list_V_ram_U/ram_reg
  -------------------------------------------------------------------
                         required time                         -0.423    
                         arrival time                           0.503    
  -------------------------------------------------------------------
                         slack                                  0.080    

Slack (MET) :             0.080ns  (arrival time - required time)
  Source:                 bd_0_i/hls_inst/inst/shadow_bottomL_jR_V_U/system_top_shadow_bottomL_jR_V_ram_U/q0_reg[10]/C
                            (rising edge-triggered cell FDRE clocked by ap_clk  {rise@0.000ns fall@5.000ns period=10.000ns})
  Destination:            bd_0_i/hls_inst/inst/grp_p_shadowquilt_main_loop_make_verticle_strip_fu_565/grp_get_acceptanceCorners_fu_1445/a_corner_list_V_U/system_top_get_acceptanceCorners_a_corner_list_V_ram_U/ram_reg/DIADI[10]
                            (rising edge-triggered cell RAMB36E1 clocked by ap_clk  {rise@0.000ns fall@5.000ns period=10.000ns})
  Path Group:             ap_clk
  Path Type:              Hold (Min at Fast Process Corner)
  Requirement:            0.000ns  (ap_clk rise@0.000ns - ap_clk rise@0.000ns)
  Data Path Delay:        0.207ns  (logic 0.107ns (51.758%)  route 0.100ns (48.242%))
  Logic Levels:           0  
  Clock Path Skew:        0.016ns (DCD - SCD - CPR)
    Destination Clock Delay (DCD):    0.312ns
    Source Clock Delay      (SCD):    0.296ns
    Clock Pessimism Removal (CPR):    -0.000ns

    Location             Delay type                Incr(ns)  Path(ns)    Netlist Resource(s)
  -------------------------------------------------------------------    -------------------
                         (clock ap_clk rise edge)     0.000     0.000 r  
                                                      0.000     0.000 r  ap_clk (IN)
                         net (fo=16362, unset)        0.296     0.296    bd_0_i/hls_inst/inst/shadow_bottomL_jR_V_U/system_top_shadow_bottomL_jR_V_ram_U/ap_clk
    SLICE_X34Y56         FDRE                                         r  bd_0_i/hls_inst/inst/shadow_bottomL_jR_V_U/system_top_shadow_bottomL_jR_V_ram_U/q0_reg[10]/C
  -------------------------------------------------------------------    -------------------
    SLICE_X34Y56         FDRE (Prop_fdre_C_Q)         0.107     0.403 r  bd_0_i/hls_inst/inst/shadow_bottomL_jR_V_U/system_top_shadow_bottomL_jR_V_ram_U/q0_reg[10]/Q
                         net (fo=2, routed)           0.100     0.503    bd_0_i/hls_inst/inst/grp_p_shadowquilt_main_loop_make_verticle_strip_fu_565/grp_get_acceptanceCorners_fu_1445/a_corner_list_V_U/system_top_get_acceptanceCorners_a_corner_list_V_ram_U/ram_reg_0[10]
    RAMB36_X2Y11         RAMB36E1                                     r  bd_0_i/hls_inst/inst/grp_p_shadowquilt_main_loop_make_verticle_strip_fu_565/grp_get_acceptanceCorners_fu_1445/a_corner_list_V_U/system_top_get_acceptanceCorners_a_corner_list_V_ram_U/ram_reg/DIADI[10]
  -------------------------------------------------------------------    -------------------

                         (clock ap_clk rise edge)     0.000     0.000 r  
                                                      0.000     0.000 r  ap_clk (IN)
                         net (fo=16362, unset)        0.312     0.312    bd_0_i/hls_inst/inst/grp_p_shadowquilt_main_loop_make_verticle_strip_fu_565/grp_get_acceptanceCorners_fu_1445/a_corner_list_V_U/system_top_get_acceptanceCorners_a_corner_list_V_ram_U/ap_clk
    RAMB36_X2Y11         RAMB36E1                                     r  bd_0_i/hls_inst/inst/grp_p_shadowquilt_main_loop_make_verticle_strip_fu_565/grp_get_acceptanceCorners_fu_1445/a_corner_list_V_U/system_top_get_acceptanceCorners_a_corner_list_V_ram_U/ram_reg/CLKARDCLK
                         clock pessimism              0.000     0.312    
    RAMB36_X2Y11         RAMB36E1 (Hold_ramb36e1_CLKARDCLK_DIADI[10])
                                                      0.111     0.423    bd_0_i/hls_inst/inst/grp_p_shadowquilt_main_loop_make_verticle_strip_fu_565/grp_get_acceptanceCorners_fu_1445/a_corner_list_V_U/system_top_get_acceptanceCorners_a_corner_list_V_ram_U/ram_reg
  -------------------------------------------------------------------
                         required time                         -0.423    
                         arrival time                           0.503    
  -------------------------------------------------------------------
                         slack                                  0.080    

Slack (MET) :             0.083ns  (arrival time - required time)
  Source:                 bd_0_i/hls_inst/inst/grp_p_shadowquilt_main_loop_make_verticle_strip_fu_565/grp_getParallelograms_fu_1361/grp_straightLineProjectorFromLayerIJtoK_fu_541/sdiv_46ns_26s_32_50_1_U74/system_top_sdiv_46ns_26s_32_50_1_div_U/system_top_sdiv_46ns_26s_32_50_1_div_u_0/loop[21].dividend_tmp_reg[22][0]__0/C
                            (rising edge-triggered cell FDRE clocked by ap_clk  {rise@0.000ns fall@5.000ns period=10.000ns})
  Destination:            bd_0_i/hls_inst/inst/grp_p_shadowquilt_main_loop_make_verticle_strip_fu_565/grp_getParallelograms_fu_1361/grp_straightLineProjectorFromLayerIJtoK_fu_541/sdiv_46ns_26s_32_50_1_U74/system_top_sdiv_46ns_26s_32_50_1_div_U/system_top_sdiv_46ns_26s_32_50_1_div_u_0/loop[44].dividend_tmp_reg[45][23]_srl23/D
                            (rising edge-triggered cell SRLC32E clocked by ap_clk  {rise@0.000ns fall@5.000ns period=10.000ns})
  Path Group:             ap_clk
  Path Type:              Hold (Min at Fast Process Corner)
  Requirement:            0.000ns  (ap_clk rise@0.000ns - ap_clk rise@0.000ns)
  Data Path Delay:        0.197ns  (logic 0.100ns (50.708%)  route 0.097ns (49.292%))
  Logic Levels:           0  
  Clock Path Skew:        0.016ns (DCD - SCD - CPR)
    Destination Clock Delay (DCD):    0.312ns
    Source Clock Delay      (SCD):    0.296ns
    Clock Pessimism Removal (CPR):    -0.000ns

    Location             Delay type                Incr(ns)  Path(ns)    Netlist Resource(s)
  -------------------------------------------------------------------    -------------------
                         (clock ap_clk rise edge)     0.000     0.000 r  
                                                      0.000     0.000 r  ap_clk (IN)
                         net (fo=16362, unset)        0.296     0.296    bd_0_i/hls_inst/inst/grp_p_shadowquilt_main_loop_make_verticle_strip_fu_565/grp_getParallelograms_fu_1361/grp_straightLineProjectorFromLayerIJtoK_fu_541/sdiv_46ns_26s_32_50_1_U74/system_top_sdiv_46ns_26s_32_50_1_div_U/system_top_sdiv_46ns_26s_32_50_1_div_u_0/ap_clk
    SLICE_X43Y82         FDRE                                         r  bd_0_i/hls_inst/inst/grp_p_shadowquilt_main_loop_make_verticle_strip_fu_565/grp_getParallelograms_fu_1361/grp_straightLineProjectorFromLayerIJtoK_fu_541/sdiv_46ns_26s_32_50_1_U74/system_top_sdiv_46ns_26s_32_50_1_div_U/system_top_sdiv_46ns_26s_32_50_1_div_u_0/loop[21].dividend_tmp_reg[22][0]__0/C
  -------------------------------------------------------------------    -------------------
    SLICE_X43Y82         FDRE (Prop_fdre_C_Q)         0.100     0.396 r  bd_0_i/hls_inst/inst/grp_p_shadowquilt_main_loop_make_verticle_strip_fu_565/grp_getParallelograms_fu_1361/grp_straightLineProjectorFromLayerIJtoK_fu_541/sdiv_46ns_26s_32_50_1_U74/system_top_sdiv_46ns_26s_32_50_1_div_U/system_top_sdiv_46ns_26s_32_50_1_div_u_0/loop[21].dividend_tmp_reg[22][0]__0/Q
                         net (fo=1, routed)           0.097     0.494    bd_0_i/hls_inst/inst/grp_p_shadowquilt_main_loop_make_verticle_strip_fu_565/grp_getParallelograms_fu_1361/grp_straightLineProjectorFromLayerIJtoK_fu_541/sdiv_46ns_26s_32_50_1_U74/system_top_sdiv_46ns_26s_32_50_1_div_U/system_top_sdiv_46ns_26s_32_50_1_div_u_0/loop[21].dividend_tmp_reg[22][0]__0_n_17
    SLICE_X38Y82         SRLC32E                                      r  bd_0_i/hls_inst/inst/grp_p_shadowquilt_main_loop_make_verticle_strip_fu_565/grp_getParallelograms_fu_1361/grp_straightLineProjectorFromLayerIJtoK_fu_541/sdiv_46ns_26s_32_50_1_U74/system_top_sdiv_46ns_26s_32_50_1_div_U/system_top_sdiv_46ns_26s_32_50_1_div_u_0/loop[44].dividend_tmp_reg[45][23]_srl23/D
  -------------------------------------------------------------------    -------------------

                         (clock ap_clk rise edge)     0.000     0.000 r  
                                                      0.000     0.000 r  ap_clk (IN)
                         net (fo=16362, unset)        0.312     0.312    bd_0_i/hls_inst/inst/grp_p_shadowquilt_main_loop_make_verticle_strip_fu_565/grp_getParallelograms_fu_1361/grp_straightLineProjectorFromLayerIJtoK_fu_541/sdiv_46ns_26s_32_50_1_U74/system_top_sdiv_46ns_26s_32_50_1_div_U/system_top_sdiv_46ns_26s_32_50_1_div_u_0/ap_clk
    SLICE_X38Y82         SRLC32E                                      r  bd_0_i/hls_inst/inst/grp_p_shadowquilt_main_loop_make_verticle_strip_fu_565/grp_getParallelograms_fu_1361/grp_straightLineProjectorFromLayerIJtoK_fu_541/sdiv_46ns_26s_32_50_1_U74/system_top_sdiv_46ns_26s_32_50_1_div_U/system_top_sdiv_46ns_26s_32_50_1_div_u_0/loop[44].dividend_tmp_reg[45][23]_srl23/CLK
                         clock pessimism              0.000     0.312    
    SLICE_X38Y82         SRLC32E (Hold_srlc32e_CLK_D)
                                                      0.099     0.411    bd_0_i/hls_inst/inst/grp_p_shadowquilt_main_loop_make_verticle_strip_fu_565/grp_getParallelograms_fu_1361/grp_straightLineProjectorFromLayerIJtoK_fu_541/sdiv_46ns_26s_32_50_1_U74/system_top_sdiv_46ns_26s_32_50_1_div_U/system_top_sdiv_46ns_26s_32_50_1_div_u_0/loop[44].dividend_tmp_reg[45][23]_srl23
  -------------------------------------------------------------------
                         required time                         -0.411    
                         arrival time                           0.494    
  -------------------------------------------------------------------
                         slack                                  0.083    

Slack (MET) :             0.083ns  (arrival time - required time)
  Source:                 bd_0_i/hls_inst/inst/shadow_bottomR_jR_V_U/system_top_shadow_bottomL_jR_V_ram_U/q0_reg[31]/C
                            (rising edge-triggered cell FDRE clocked by ap_clk  {rise@0.000ns fall@5.000ns period=10.000ns})
  Destination:            bd_0_i/hls_inst/inst/grp_p_shadowquilt_main_loop_make_verticle_strip_fu_565/grp_get_acceptanceCorners_fu_1445/b_corner_list_V_U/system_top_get_acceptanceCorners_a_corner_list_V_ram_U/ram_reg/DIADI[31]
                            (rising edge-triggered cell RAMB36E1 clocked by ap_clk  {rise@0.000ns fall@5.000ns period=10.000ns})
  Path Group:             ap_clk
  Path Type:              Hold (Min at Fast Process Corner)
  Requirement:            0.000ns  (ap_clk rise@0.000ns - ap_clk rise@0.000ns)
  Data Path Delay:        0.254ns  (logic 0.118ns (46.466%)  route 0.136ns (53.534%))
  Logic Levels:           0  
  Clock Path Skew:        0.016ns (DCD - SCD - CPR)
    Destination Clock Delay (DCD):    0.312ns
    Source Clock Delay      (SCD):    0.296ns
    Clock Pessimism Removal (CPR):    -0.000ns

    Location             Delay type                Incr(ns)  Path(ns)    Netlist Resource(s)
  -------------------------------------------------------------------    -------------------
                         (clock ap_clk rise edge)     0.000     0.000 r  
                                                      0.000     0.000 r  ap_clk (IN)
                         net (fo=16362, unset)        0.296     0.296    bd_0_i/hls_inst/inst/shadow_bottomR_jR_V_U/system_top_shadow_bottomL_jR_V_ram_U/ap_clk
    SLICE_X54Y57         FDRE                                         r  bd_0_i/hls_inst/inst/shadow_bottomR_jR_V_U/system_top_shadow_bottomL_jR_V_ram_U/q0_reg[31]/C
  -------------------------------------------------------------------    -------------------
    SLICE_X54Y57         FDRE (Prop_fdre_C_Q)         0.118     0.414 r  bd_0_i/hls_inst/inst/shadow_bottomR_jR_V_U/system_top_shadow_bottomL_jR_V_ram_U/q0_reg[31]/Q
                         net (fo=2, routed)           0.136     0.550    bd_0_i/hls_inst/inst/grp_p_shadowquilt_main_loop_make_verticle_strip_fu_565/grp_get_acceptanceCorners_fu_1445/b_corner_list_V_U/system_top_get_acceptanceCorners_a_corner_list_V_ram_U/ram_reg_0[31]
    RAMB36_X3Y11         RAMB36E1                                     r  bd_0_i/hls_inst/inst/grp_p_shadowquilt_main_loop_make_verticle_strip_fu_565/grp_get_acceptanceCorners_fu_1445/b_corner_list_V_U/system_top_get_acceptanceCorners_a_corner_list_V_ram_U/ram_reg/DIADI[31]
  -------------------------------------------------------------------    -------------------

                         (clock ap_clk rise edge)     0.000     0.000 r  
                                                      0.000     0.000 r  ap_clk (IN)
                         net (fo=16362, unset)        0.312     0.312    bd_0_i/hls_inst/inst/grp_p_shadowquilt_main_loop_make_verticle_strip_fu_565/grp_get_acceptanceCorners_fu_1445/b_corner_list_V_U/system_top_get_acceptanceCorners_a_corner_list_V_ram_U/ap_clk
    RAMB36_X3Y11         RAMB36E1                                     r  bd_0_i/hls_inst/inst/grp_p_shadowquilt_main_loop_make_verticle_strip_fu_565/grp_get_acceptanceCorners_fu_1445/b_corner_list_V_U/system_top_get_acceptanceCorners_a_corner_list_V_ram_U/ram_reg/CLKARDCLK
                         clock pessimism              0.000     0.312    
    RAMB36_X3Y11         RAMB36E1 (Hold_ramb36e1_CLKARDCLK_DIADI[31])
                                                      0.155     0.467    bd_0_i/hls_inst/inst/grp_p_shadowquilt_main_loop_make_verticle_strip_fu_565/grp_get_acceptanceCorners_fu_1445/b_corner_list_V_U/system_top_get_acceptanceCorners_a_corner_list_V_ram_U/ram_reg
  -------------------------------------------------------------------
                         required time                         -0.467    
                         arrival time                           0.550    
  -------------------------------------------------------------------
                         slack                                  0.083    

Slack (MET) :             0.084ns  (arrival time - required time)
  Source:                 bd_0_i/hls_inst/inst/shadow_bottomL_jR_V_U/system_top_shadow_bottomL_jR_V_ram_U/q0_reg[30]/C
                            (rising edge-triggered cell FDRE clocked by ap_clk  {rise@0.000ns fall@5.000ns period=10.000ns})
  Destination:            bd_0_i/hls_inst/inst/grp_p_shadowquilt_main_loop_make_verticle_strip_fu_565/grp_get_acceptanceCorners_fu_1445/a_corner_list_V_U/system_top_get_acceptanceCorners_a_corner_list_V_ram_U/ram_reg/DIADI[30]
                            (rising edge-triggered cell RAMB36E1 clocked by ap_clk  {rise@0.000ns fall@5.000ns period=10.000ns})
  Path Group:             ap_clk
  Path Type:              Hold (Min at Fast Process Corner)
  Requirement:            0.000ns  (ap_clk rise@0.000ns - ap_clk rise@0.000ns)
  Data Path Delay:        0.254ns  (logic 0.118ns (46.367%)  route 0.136ns (53.633%))
  Logic Levels:           0  
  Clock Path Skew:        0.016ns (DCD - SCD - CPR)
    Destination Clock Delay (DCD):    0.312ns
    Source Clock Delay      (SCD):    0.296ns
    Clock Pessimism Removal (CPR):    -0.000ns

    Location             Delay type                Incr(ns)  Path(ns)    Netlist Resource(s)
  -------------------------------------------------------------------    -------------------
                         (clock ap_clk rise edge)     0.000     0.000 r  
                                                      0.000     0.000 r  ap_clk (IN)
                         net (fo=16362, unset)        0.296     0.296    bd_0_i/hls_inst/inst/shadow_bottomL_jR_V_U/system_top_shadow_bottomL_jR_V_ram_U/ap_clk
    SLICE_X34Y57         FDRE                                         r  bd_0_i/hls_inst/inst/shadow_bottomL_jR_V_U/system_top_shadow_bottomL_jR_V_ram_U/q0_reg[30]/C
  -------------------------------------------------------------------    -------------------
    SLICE_X34Y57         FDRE (Prop_fdre_C_Q)         0.118     0.414 r  bd_0_i/hls_inst/inst/shadow_bottomL_jR_V_U/system_top_shadow_bottomL_jR_V_ram_U/q0_reg[30]/Q
                         net (fo=2, routed)           0.136     0.551    bd_0_i/hls_inst/inst/grp_p_shadowquilt_main_loop_make_verticle_strip_fu_565/grp_get_acceptanceCorners_fu_1445/a_corner_list_V_U/system_top_get_acceptanceCorners_a_corner_list_V_ram_U/ram_reg_0[30]
    RAMB36_X2Y11         RAMB36E1                                     r  bd_0_i/hls_inst/inst/grp_p_shadowquilt_main_loop_make_verticle_strip_fu_565/grp_get_acceptanceCorners_fu_1445/a_corner_list_V_U/system_top_get_acceptanceCorners_a_corner_list_V_ram_U/ram_reg/DIADI[30]
  -------------------------------------------------------------------    -------------------

                         (clock ap_clk rise edge)     0.000     0.000 r  
                                                      0.000     0.000 r  ap_clk (IN)
                         net (fo=16362, unset)        0.312     0.312    bd_0_i/hls_inst/inst/grp_p_shadowquilt_main_loop_make_verticle_strip_fu_565/grp_get_acceptanceCorners_fu_1445/a_corner_list_V_U/system_top_get_acceptanceCorners_a_corner_list_V_ram_U/ap_clk
    RAMB36_X2Y11         RAMB36E1                                     r  bd_0_i/hls_inst/inst/grp_p_shadowquilt_main_loop_make_verticle_strip_fu_565/grp_get_acceptanceCorners_fu_1445/a_corner_list_V_U/system_top_get_acceptanceCorners_a_corner_list_V_ram_U/ram_reg/CLKARDCLK
                         clock pessimism              0.000     0.312    
    RAMB36_X2Y11         RAMB36E1 (Hold_ramb36e1_CLKARDCLK_DIADI[30])
                                                      0.155     0.467    bd_0_i/hls_inst/inst/grp_p_shadowquilt_main_loop_make_verticle_strip_fu_565/grp_get_acceptanceCorners_fu_1445/a_corner_list_V_U/system_top_get_acceptanceCorners_a_corner_list_V_ram_U/ram_reg
  -------------------------------------------------------------------
                         required time                         -0.467    
                         arrival time                           0.551    
  -------------------------------------------------------------------
                         slack                                  0.084    

Slack (MET) :             0.084ns  (arrival time - required time)
  Source:                 bd_0_i/hls_inst/inst/shadow_bottomL_jR_V_U/system_top_shadow_bottomL_jR_V_ram_U/q0_reg[12]/C
                            (rising edge-triggered cell FDRE clocked by ap_clk  {rise@0.000ns fall@5.000ns period=10.000ns})
  Destination:            bd_0_i/hls_inst/inst/grp_p_shadowquilt_main_loop_make_verticle_strip_fu_565/grp_get_acceptanceCorners_fu_1445/a_corner_list_V_U/system_top_get_acceptanceCorners_a_corner_list_V_ram_U/ram_reg/DIADI[12]
                            (rising edge-triggered cell RAMB36E1 clocked by ap_clk  {rise@0.000ns fall@5.000ns period=10.000ns})
  Path Group:             ap_clk
  Path Type:              Hold (Min at Fast Process Corner)
  Requirement:            0.000ns  (ap_clk rise@0.000ns - ap_clk rise@0.000ns)
  Data Path Delay:        0.255ns  (logic 0.118ns (46.291%)  route 0.137ns (53.709%))
  Logic Levels:           0  
  Clock Path Skew:        0.016ns (DCD - SCD - CPR)
    Destination Clock Delay (DCD):    0.312ns
    Source Clock Delay      (SCD):    0.296ns
    Clock Pessimism Removal (CPR):    -0.000ns

    Location             Delay type                Incr(ns)  Path(ns)    Netlist Resource(s)
  -------------------------------------------------------------------    -------------------
                         (clock ap_clk rise edge)     0.000     0.000 r  
                                                      0.000     0.000 r  ap_clk (IN)
                         net (fo=16362, unset)        0.296     0.296    bd_0_i/hls_inst/inst/shadow_bottomL_jR_V_U/system_top_shadow_bottomL_jR_V_ram_U/ap_clk
    SLICE_X34Y56         FDRE                                         r  bd_0_i/hls_inst/inst/shadow_bottomL_jR_V_U/system_top_shadow_bottomL_jR_V_ram_U/q0_reg[12]/C
  -------------------------------------------------------------------    -------------------
    SLICE_X34Y56         FDRE (Prop_fdre_C_Q)         0.118     0.414 r  bd_0_i/hls_inst/inst/shadow_bottomL_jR_V_U/system_top_shadow_bottomL_jR_V_ram_U/q0_reg[12]/Q
                         net (fo=2, routed)           0.137     0.551    bd_0_i/hls_inst/inst/grp_p_shadowquilt_main_loop_make_verticle_strip_fu_565/grp_get_acceptanceCorners_fu_1445/a_corner_list_V_U/system_top_get_acceptanceCorners_a_corner_list_V_ram_U/ram_reg_0[12]
    RAMB36_X2Y11         RAMB36E1                                     r  bd_0_i/hls_inst/inst/grp_p_shadowquilt_main_loop_make_verticle_strip_fu_565/grp_get_acceptanceCorners_fu_1445/a_corner_list_V_U/system_top_get_acceptanceCorners_a_corner_list_V_ram_U/ram_reg/DIADI[12]
  -------------------------------------------------------------------    -------------------

                         (clock ap_clk rise edge)     0.000     0.000 r  
                                                      0.000     0.000 r  ap_clk (IN)
                         net (fo=16362, unset)        0.312     0.312    bd_0_i/hls_inst/inst/grp_p_shadowquilt_main_loop_make_verticle_strip_fu_565/grp_get_acceptanceCorners_fu_1445/a_corner_list_V_U/system_top_get_acceptanceCorners_a_corner_list_V_ram_U/ap_clk
    RAMB36_X2Y11         RAMB36E1                                     r  bd_0_i/hls_inst/inst/grp_p_shadowquilt_main_loop_make_verticle_strip_fu_565/grp_get_acceptanceCorners_fu_1445/a_corner_list_V_U/system_top_get_acceptanceCorners_a_corner_list_V_ram_U/ram_reg/CLKARDCLK
                         clock pessimism              0.000     0.312    
    RAMB36_X2Y11         RAMB36E1 (Hold_ramb36e1_CLKARDCLK_DIADI[12])
                                                      0.155     0.467    bd_0_i/hls_inst/inst/grp_p_shadowquilt_main_loop_make_verticle_strip_fu_565/grp_get_acceptanceCorners_fu_1445/a_corner_list_V_U/system_top_get_acceptanceCorners_a_corner_list_V_ram_U/ram_reg
  -------------------------------------------------------------------
                         required time                         -0.467    
                         arrival time                           0.551    
  -------------------------------------------------------------------
                         slack                                  0.084    





Pulse Width Checks
--------------------------------------------------------------------------------------
Clock Name:         ap_clk
Waveform(ns):       { 0.000 5.000 }
Period(ns):         10.000
Sources:            { ap_clk }

Check Type        Corner  Lib Pin      Reference Pin  Required(ns)  Actual(ns)  Slack(ns)  Location      Pin
Min Period        n/a     DSP48E1/CLK  n/a            2.426         10.000      7.574      DSP48_X3Y7    bd_0_i/hls_inst/inst/grp_p_shadowquilt_main_loop_make_verticle_strip_fu_565/grp_makePatch_alignedToLine_fu_1322/grp_alignedtoline_per_layer_loop8_fu_183/mul_78s_108ns_185_3_1_U44/system_top_mul_78s_108ns_185_3_1_Multiplier_1_U/buff0_reg__6/CLK
Min Period        n/a     DSP48E1/CLK  n/a            2.426         10.000      7.574      DSP48_X3Y11   bd_0_i/hls_inst/inst/grp_p_shadowquilt_main_loop_make_verticle_strip_fu_565/grp_makePatch_alignedToLine_fu_1322/grp_alignedtoline_per_layer_loop8_fu_183/mul_78s_108ns_185_3_1_U44/system_top_mul_78s_108ns_185_3_1_Multiplier_1_U/buff0_reg__4/CLK
Min Period        n/a     DSP48E1/CLK  n/a            2.426         10.000      7.574      DSP48_X4Y27   bd_0_i/hls_inst/inst/grp_p_shadowquilt_main_loop_make_verticle_strip_fu_565/grp_straightLineProjectorFromLayerIJtoK_fu_1429/r_V_1_reg_378_reg/CLK
Min Period        n/a     DSP48E1/CLK  n/a            2.426         10.000      7.574      DSP48_X4Y7    bd_0_i/hls_inst/inst/grp_p_shadowquilt_main_loop_make_verticle_strip_fu_565/grp_makePatch_alignedToLine_fu_1322/grp_alignedtoline_per_layer_loop8_fu_183/mul_78s_108ns_185_3_1_U44/system_top_mul_78s_108ns_185_3_1_Multiplier_1_U/buff0_reg__5/CLK
Min Period        n/a     DSP48E1/CLK  n/a            2.426         10.000      7.574      DSP48_X3Y32   bd_0_i/hls_inst/inst/grp_p_shadowquilt_main_loop_make_verticle_strip_fu_565/grp_straightLineProjectorFromLayerIJtoK_fu_1404/r_V_1_reg_378_reg/CLK
Min Period        n/a     DSP48E1/CLK  n/a            2.426         10.000      7.574      DSP48_X2Y35   bd_0_i/hls_inst/inst/grp_p_shadowquilt_main_loop_make_verticle_strip_fu_565/grp_getParallelograms_fu_1361/grp_straightLineProjectorFromLayerIJtoK_fu_541/r_V_1_reg_378_reg/CLK
Min Period        n/a     DSP48E1/CLK  n/a            2.426         10.000      7.574      DSP48_X5Y34   bd_0_i/hls_inst/inst/grp_p_shadowquilt_main_loop_make_verticle_strip_fu_565/grp_getShadows_fu_1393/grp_straightLineProjectorFromLayerIJtoK_fu_313/r_V_1_reg_378_reg/CLK
Min Period        n/a     DSP48E1/CLK  n/a            2.308         10.000      7.692      DSP48_X4Y15   bd_0_i/hls_inst/inst/grp_p_shadowquilt_main_loop_make_verticle_strip_fu_565/grp_makePatch_alignedToLine_fu_1322/grp_alignedtoline_per_layer_loop8_fu_183/mul_78s_108ns_185_3_1_U44/system_top_mul_78s_108ns_185_3_1_Multiplier_1_U/buff0_reg__2/CLK
Min Period        n/a     DSP48E1/CLK  n/a            2.308         10.000      7.692      DSP48_X4Y11   bd_0_i/hls_inst/inst/grp_p_shadowquilt_main_loop_make_verticle_strip_fu_565/grp_makePatch_alignedToLine_fu_1322/grp_alignedtoline_per_layer_loop8_fu_183/mul_78s_108ns_185_3_1_U44/system_top_mul_78s_108ns_185_3_1_Multiplier_1_U/buff0_reg__3/CLK
Min Period        n/a     DSP48E1/CLK  n/a            2.308         10.000      7.692      DSP48_X4Y17   bd_0_i/hls_inst/inst/grp_p_shadowquilt_main_loop_make_verticle_strip_fu_565/grp_makePatch_alignedToLine_fu_1322/grp_alignedtoline_per_layer_loop8_fu_183/mul_78s_108ns_185_3_1_U44/system_top_mul_78s_108ns_185_3_1_Multiplier_1_U/buff0_reg/CLK
Low Pulse Width   Slow    RAMS32/CLK   n/a            0.674         5.000       4.326      SLICE_X50Y59  bd_0_i/hls_inst/inst/a_corner_1_V_U/system_top_a_corner_1_V_ram_U/ram_reg_0_3_0_0/SP/CLK
Low Pulse Width   Slow    RAMS32/CLK   n/a            0.674         5.000       4.326      SLICE_X50Y59  bd_0_i/hls_inst/inst/a_corner_1_V_U/system_top_a_corner_1_V_ram_U/ram_reg_0_3_10_10/SP/CLK
Low Pulse Width   Slow    RAMS32/CLK   n/a            0.674         5.000       4.326      SLICE_X50Y59  bd_0_i/hls_inst/inst/a_corner_1_V_U/system_top_a_corner_1_V_ram_U/ram_reg_0_3_11_11/SP/CLK
Low Pulse Width   Slow    RAMS32/CLK   n/a            0.674         5.000       4.326      SLICE_X50Y59  bd_0_i/hls_inst/inst/a_corner_1_V_U/system_top_a_corner_1_V_ram_U/ram_reg_0_3_12_12/SP/CLK
Low Pulse Width   Slow    RAMS32/CLK   n/a            0.674         5.000       4.326      SLICE_X50Y60  bd_0_i/hls_inst/inst/a_corner_1_V_U/system_top_a_corner_1_V_ram_U/ram_reg_0_3_13_13/SP/CLK
Low Pulse Width   Slow    RAMS32/CLK   n/a            0.674         5.000       4.326      SLICE_X50Y60  bd_0_i/hls_inst/inst/a_corner_1_V_U/system_top_a_corner_1_V_ram_U/ram_reg_0_3_14_14/SP/CLK
Low Pulse Width   Slow    RAMS32/CLK   n/a            0.674         5.000       4.326      SLICE_X50Y60  bd_0_i/hls_inst/inst/a_corner_1_V_U/system_top_a_corner_1_V_ram_U/ram_reg_0_3_15_15/SP/CLK
Low Pulse Width   Slow    RAMS32/CLK   n/a            0.674         5.000       4.326      SLICE_X50Y60  bd_0_i/hls_inst/inst/a_corner_1_V_U/system_top_a_corner_1_V_ram_U/ram_reg_0_3_16_16/SP/CLK
Low Pulse Width   Slow    RAMS32/CLK   n/a            0.674         5.000       4.326      SLICE_X48Y60  bd_0_i/hls_inst/inst/a_corner_1_V_U/system_top_a_corner_1_V_ram_U/ram_reg_0_3_17_17/SP/CLK
Low Pulse Width   Slow    RAMS32/CLK   n/a            0.674         5.000       4.326      SLICE_X48Y60  bd_0_i/hls_inst/inst/a_corner_1_V_U/system_top_a_corner_1_V_ram_U/ram_reg_0_3_18_18/SP/CLK
High Pulse Width  Slow    RAMS32/CLK   n/a            0.674         5.000       4.326      SLICE_X50Y59  bd_0_i/hls_inst/inst/a_corner_1_V_U/system_top_a_corner_1_V_ram_U/ram_reg_0_3_0_0/SP/CLK
High Pulse Width  Fast    RAMS32/CLK   n/a            0.674         5.000       4.326      SLICE_X50Y59  bd_0_i/hls_inst/inst/a_corner_1_V_U/system_top_a_corner_1_V_ram_U/ram_reg_0_3_0_0/SP/CLK
High Pulse Width  Slow    RAMS32/CLK   n/a            0.674         5.000       4.326      SLICE_X50Y59  bd_0_i/hls_inst/inst/a_corner_1_V_U/system_top_a_corner_1_V_ram_U/ram_reg_0_3_10_10/SP/CLK
High Pulse Width  Fast    RAMS32/CLK   n/a            0.674         5.000       4.326      SLICE_X50Y59  bd_0_i/hls_inst/inst/a_corner_1_V_U/system_top_a_corner_1_V_ram_U/ram_reg_0_3_10_10/SP/CLK
High Pulse Width  Slow    RAMS32/CLK   n/a            0.674         5.000       4.326      SLICE_X50Y59  bd_0_i/hls_inst/inst/a_corner_1_V_U/system_top_a_corner_1_V_ram_U/ram_reg_0_3_11_11/SP/CLK
High Pulse Width  Fast    RAMS32/CLK   n/a            0.674         5.000       4.326      SLICE_X50Y59  bd_0_i/hls_inst/inst/a_corner_1_V_U/system_top_a_corner_1_V_ram_U/ram_reg_0_3_11_11/SP/CLK
High Pulse Width  Slow    RAMS32/CLK   n/a            0.674         5.000       4.326      SLICE_X50Y59  bd_0_i/hls_inst/inst/a_corner_1_V_U/system_top_a_corner_1_V_ram_U/ram_reg_0_3_12_12/SP/CLK
High Pulse Width  Fast    RAMS32/CLK   n/a            0.674         5.000       4.326      SLICE_X50Y59  bd_0_i/hls_inst/inst/a_corner_1_V_U/system_top_a_corner_1_V_ram_U/ram_reg_0_3_12_12/SP/CLK
High Pulse Width  Slow    RAMS32/CLK   n/a            0.674         5.000       4.326      SLICE_X50Y60  bd_0_i/hls_inst/inst/a_corner_1_V_U/system_top_a_corner_1_V_ram_U/ram_reg_0_3_13_13/SP/CLK
High Pulse Width  Fast    RAMS32/CLK   n/a            0.674         5.000       4.326      SLICE_X50Y60  bd_0_i/hls_inst/inst/a_corner_1_V_U/system_top_a_corner_1_V_ram_U/ram_reg_0_3_13_13/SP/CLK



