#-----------------------------------------------------------
# Vivado v2020.2 (64-bit)
# SW Build 3064766 on Wed Nov 18 09:12:45 MST 2020
# IP Build 3064653 on Wed Nov 18 14:17:31 MST 2020
# Start of session at: Sat Jul 20 20:43:17 2024
# Process ID: 21876
# Current directory: C:/Projects/ParticleCoverHLS/solution1/impl/verilog
# Command line: vivado.exe -notrace -mode batch -source run_vivado.tcl
# Log file: C:/Projects/ParticleCoverHLS/solution1/impl/verilog/vivado.log
# Journal file: C:/Projects/ParticleCoverHLS/solution1/impl/verilog\vivado.jou
#-----------------------------------------------------------
source run_vivado.tcl -notrace
INFO: [IP_Flow 19-234] Refreshing IP repositories
INFO: [IP_Flow 19-1700] Loaded user IP repository 'c:/Projects/ParticleCoverHLS/solution1/impl/ip'.
INFO: [IP_Flow 19-2313] Loaded Vivado IP repository 'C:/Xilinx/Vivado/2020.2/data/ip'.
Wrote  : <C:\Projects\ParticleCoverHLS\solution1\impl\verilog\project.srcs\sources_1\bd\bd_0\bd_0.bd> 
WARNING: [BD 5-233] No interface ports matched 'get_bd_intf_ports -filter {MODE == "Slave" && VLNV =~ "xilinx.com:interface:aximm_rtl:*"}'
Wrote  : <C:\Projects\ParticleCoverHLS\solution1\impl\verilog\project.srcs\sources_1\bd\bd_0\bd_0.bd> 
VHDL Output written to : C:/Projects/ParticleCoverHLS/solution1/impl/verilog/project.gen/sources_1/bd/bd_0/synth/bd_0.v
VHDL Output written to : C:/Projects/ParticleCoverHLS/solution1/impl/verilog/project.gen/sources_1/bd/bd_0/sim/bd_0.v
VHDL Output written to : C:/Projects/ParticleCoverHLS/solution1/impl/verilog/project.gen/sources_1/bd/bd_0/hdl/bd_0_wrapper.v
Using BD top: bd_0_wrapper
INFO: [BD 41-1662] The design 'bd_0.bd' is already validated. Therefore parameter propagation will not be re-run.
VHDL Output written to : C:/Projects/ParticleCoverHLS/solution1/impl/verilog/project.gen/sources_1/bd/bd_0/synth/bd_0.v
VHDL Output written to : C:/Projects/ParticleCoverHLS/solution1/impl/verilog/project.gen/sources_1/bd/bd_0/sim/bd_0.v
VHDL Output written to : C:/Projects/ParticleCoverHLS/solution1/impl/verilog/project.gen/sources_1/bd/bd_0/hdl/bd_0_wrapper.v
INFO: [BD 41-1029] Generation completed for the IP Integrator block hls_inst .
Exporting to file C:/Projects/ParticleCoverHLS/solution1/impl/verilog/project.gen/sources_1/bd/bd_0/hw_handoff/bd_0.hwh
Generated Block Design Tcl file C:/Projects/ParticleCoverHLS/solution1/impl/verilog/project.gen/sources_1/bd/bd_0/hw_handoff/bd_0_bd.tcl
Generated Hardware Definition File C:/Projects/ParticleCoverHLS/solution1/impl/verilog/project.gen/sources_1/bd/bd_0/synth/bd_0.hwdef
[Sat Jul 20 20:43:30 2024] Launched bd_0_hls_inst_0_synth_1...
Run output will be captured here: C:/Projects/ParticleCoverHLS/solution1/impl/verilog/project.runs/bd_0_hls_inst_0_synth_1/runme.log
[Sat Jul 20 20:43:30 2024] Launched synth_1...
Run output will be captured here: C:/Projects/ParticleCoverHLS/solution1/impl/verilog/project.runs/synth_1/runme.log
[Sat Jul 20 20:43:30 2024] Waiting for synth_1 to finish...

*** Running vivado
    with args -log bd_0_wrapper.vds -m64 -product Vivado -mode batch -messageDb vivado.pb -notrace -source bd_0_wrapper.tcl



****** Vivado v2020.2 (64-bit)
  **** SW Build 3064766 on Wed Nov 18 09:12:45 MST 2020
  **** IP Build 3064653 on Wed Nov 18 14:17:31 MST 2020
    ** Copyright 1986-2020 Xilinx, Inc. All Rights Reserved.

source bd_0_wrapper.tcl -notrace
INFO: [IP_Flow 19-234] Refreshing IP repositories
INFO: [IP_Flow 19-1700] Loaded user IP repository 'c:/Projects/ParticleCoverHLS/solution1/impl/ip'.
INFO: [IP_Flow 19-2313] Loaded Vivado IP repository 'C:/Xilinx/Vivado/2020.2/data/ip'.
Command: synth_design -top bd_0_wrapper -part xc7z030sbg485-3 -mode out_of_context
Starting synth_design
Attempting to get a license for feature 'Synthesis' and/or device 'xc7z030'
INFO: [Common 17-349] Got license for feature 'Synthesis' and/or device 'xc7z030'
INFO: [Device 21-403] Loading part xc7z030sbg485-3
INFO: [Synth 8-7079] Multithreading enabled for synth_design using a maximum of 2 processes.
INFO: [Synth 8-7078] Launching helper process for spawning children vivado processes
INFO: [Synth 8-7075] Helper process launched with PID 16532
---------------------------------------------------------------------------------
Starting RTL Elaboration : Time (s): cpu = 00:00:02 ; elapsed = 00:00:02 . Memory (MB): peak = 1159.195 ; gain = 49.484
---------------------------------------------------------------------------------
INFO: [Synth 8-6157] synthesizing module 'bd_0_wrapper' [c:/Projects/ParticleCoverHLS/solution1/impl/verilog/project.gen/sources_1/bd/bd_0/hdl/bd_0_wrapper.v:12]
INFO: [Synth 8-6157] synthesizing module 'bd_0' [c:/Projects/ParticleCoverHLS/solution1/impl/verilog/project.gen/sources_1/bd/bd_0/synth/bd_0.v:13]
INFO: [Synth 8-6157] synthesizing module 'bd_0_hls_inst_0' [C:/Projects/ParticleCoverHLS/solution1/impl/verilog/project.runs/synth_1/.Xil/Vivado-21852-OGAS/realtime/bd_0_hls_inst_0_stub.v:6]
INFO: [Synth 8-6155] done synthesizing module 'bd_0_hls_inst_0' (1#1) [C:/Projects/ParticleCoverHLS/solution1/impl/verilog/project.runs/synth_1/.Xil/Vivado-21852-OGAS/realtime/bd_0_hls_inst_0_stub.v:6]
INFO: [Synth 8-6155] done synthesizing module 'bd_0' (2#1) [c:/Projects/ParticleCoverHLS/solution1/impl/verilog/project.gen/sources_1/bd/bd_0/synth/bd_0.v:13]
INFO: [Synth 8-6155] done synthesizing module 'bd_0_wrapper' (3#1) [c:/Projects/ParticleCoverHLS/solution1/impl/verilog/project.gen/sources_1/bd/bd_0/hdl/bd_0_wrapper.v:12]
---------------------------------------------------------------------------------
Finished RTL Elaboration : Time (s): cpu = 00:00:03 ; elapsed = 00:00:03 . Memory (MB): peak = 1215.988 ; gain = 106.277
---------------------------------------------------------------------------------
---------------------------------------------------------------------------------
Start Handling Custom Attributes
---------------------------------------------------------------------------------
---------------------------------------------------------------------------------
Finished Handling Custom Attributes : Time (s): cpu = 00:00:03 ; elapsed = 00:00:03 . Memory (MB): peak = 1215.988 ; gain = 106.277
---------------------------------------------------------------------------------
---------------------------------------------------------------------------------
Finished RTL Optimization Phase 1 : Time (s): cpu = 00:00:03 ; elapsed = 00:00:03 . Memory (MB): peak = 1215.988 ; gain = 106.277
---------------------------------------------------------------------------------
Netlist sorting complete. Time (s): cpu = 00:00:00 ; elapsed = 00:00:00.006 . Memory (MB): peak = 1215.988 ; gain = 0.000
INFO: [Project 1-570] Preparing netlist for logic optimization

Processing XDC Constraints
Initializing timing engine
Parsing XDC File [c:/Projects/ParticleCoverHLS/solution1/impl/verilog/project.gen/sources_1/bd/bd_0/ip/bd_0_hls_inst_0/bd_0_hls_inst_0/bd_0_hls_inst_0_in_context.xdc] for cell 'bd_0_i/hls_inst'
Finished Parsing XDC File [c:/Projects/ParticleCoverHLS/solution1/impl/verilog/project.gen/sources_1/bd/bd_0/ip/bd_0_hls_inst_0/bd_0_hls_inst_0/bd_0_hls_inst_0_in_context.xdc] for cell 'bd_0_i/hls_inst'
Parsing XDC File [C:/Projects/ParticleCoverHLS/solution1/impl/verilog/system_top.xdc]
Finished Parsing XDC File [C:/Projects/ParticleCoverHLS/solution1/impl/verilog/system_top.xdc]
Parsing XDC File [C:/Projects/ParticleCoverHLS/solution1/impl/verilog/project.runs/synth_1/dont_touch.xdc]
Finished Parsing XDC File [C:/Projects/ParticleCoverHLS/solution1/impl/verilog/project.runs/synth_1/dont_touch.xdc]
Completed Processing XDC Constraints

Netlist sorting complete. Time (s): cpu = 00:00:00 ; elapsed = 00:00:00 . Memory (MB): peak = 1240.793 ; gain = 0.000
INFO: [Project 1-111] Unisim Transformation Summary:
No Unisim elements were transformed.

Constraint Validation Runtime : Time (s): cpu = 00:00:00 ; elapsed = 00:00:00.014 . Memory (MB): peak = 1250.738 ; gain = 9.945
---------------------------------------------------------------------------------
Finished Constraint Validation : Time (s): cpu = 00:00:06 ; elapsed = 00:00:06 . Memory (MB): peak = 1250.738 ; gain = 141.027
---------------------------------------------------------------------------------
---------------------------------------------------------------------------------
Start Loading Part and Timing Information
---------------------------------------------------------------------------------
Loading part: xc7z030sbg485-3
---------------------------------------------------------------------------------
Finished Loading Part and Timing Information : Time (s): cpu = 00:00:06 ; elapsed = 00:00:06 . Memory (MB): peak = 1250.738 ; gain = 141.027
---------------------------------------------------------------------------------
---------------------------------------------------------------------------------
Start Applying 'set_property' XDC Constraints
---------------------------------------------------------------------------------
Applied set_property KEEP_HIERARCHY = SOFT for bd_0_i. (constraint file  auto generated constraint).
Applied set_property KEEP_HIERARCHY = SOFT for bd_0_i/hls_inst. (constraint file  auto generated constraint).
---------------------------------------------------------------------------------
Finished applying 'set_property' XDC Constraints : Time (s): cpu = 00:00:06 ; elapsed = 00:00:06 . Memory (MB): peak = 1250.738 ; gain = 141.027
---------------------------------------------------------------------------------
---------------------------------------------------------------------------------
Finished RTL Optimization Phase 2 : Time (s): cpu = 00:00:06 ; elapsed = 00:00:06 . Memory (MB): peak = 1250.738 ; gain = 141.027
---------------------------------------------------------------------------------
---------------------------------------------------------------------------------
Start RTL Component Statistics 
---------------------------------------------------------------------------------
Detailed RTL Component Info : 
---------------------------------------------------------------------------------
Finished RTL Component Statistics 
---------------------------------------------------------------------------------
---------------------------------------------------------------------------------
Start Part Resource Summary
---------------------------------------------------------------------------------
Part Resources:
DSPs: 400 (col length:80)
BRAMs: 530 (col length: RAMB18 80 RAMB36 40)
---------------------------------------------------------------------------------
Finished Part Resource Summary
---------------------------------------------------------------------------------
---------------------------------------------------------------------------------
Start Cross Boundary and Area Optimization
---------------------------------------------------------------------------------
---------------------------------------------------------------------------------
Finished Cross Boundary and Area Optimization : Time (s): cpu = 00:00:07 ; elapsed = 00:00:07 . Memory (MB): peak = 1250.738 ; gain = 141.027
---------------------------------------------------------------------------------
---------------------------------------------------------------------------------
Start Applying XDC Timing Constraints
---------------------------------------------------------------------------------
---------------------------------------------------------------------------------
Finished Applying XDC Timing Constraints : Time (s): cpu = 00:00:10 ; elapsed = 00:00:10 . Memory (MB): peak = 1298.609 ; gain = 188.898
---------------------------------------------------------------------------------
---------------------------------------------------------------------------------
Start Timing Optimization
---------------------------------------------------------------------------------
---------------------------------------------------------------------------------
Finished Timing Optimization : Time (s): cpu = 00:00:10 ; elapsed = 00:00:10 . Memory (MB): peak = 1298.832 ; gain = 189.121
---------------------------------------------------------------------------------
---------------------------------------------------------------------------------
Start Technology Mapping
---------------------------------------------------------------------------------
---------------------------------------------------------------------------------
Finished Technology Mapping : Time (s): cpu = 00:00:10 ; elapsed = 00:00:10 . Memory (MB): peak = 1317.914 ; gain = 208.203
---------------------------------------------------------------------------------
---------------------------------------------------------------------------------
Start IO Insertion
---------------------------------------------------------------------------------
---------------------------------------------------------------------------------
Start Flattening Before IO Insertion
---------------------------------------------------------------------------------
---------------------------------------------------------------------------------
Finished Flattening Before IO Insertion
---------------------------------------------------------------------------------
---------------------------------------------------------------------------------
Start Final Netlist Cleanup
---------------------------------------------------------------------------------
---------------------------------------------------------------------------------
Finished Final Netlist Cleanup
---------------------------------------------------------------------------------
---------------------------------------------------------------------------------
Finished IO Insertion : Time (s): cpu = 00:00:12 ; elapsed = 00:00:12 . Memory (MB): peak = 1324.703 ; gain = 214.992
---------------------------------------------------------------------------------
---------------------------------------------------------------------------------
Start Renaming Generated Instances
---------------------------------------------------------------------------------
---------------------------------------------------------------------------------
Finished Renaming Generated Instances : Time (s): cpu = 00:00:12 ; elapsed = 00:00:12 . Memory (MB): peak = 1324.703 ; gain = 214.992
---------------------------------------------------------------------------------
---------------------------------------------------------------------------------
Start Rebuilding User Hierarchy
---------------------------------------------------------------------------------
---------------------------------------------------------------------------------
Finished Rebuilding User Hierarchy : Time (s): cpu = 00:00:12 ; elapsed = 00:00:12 . Memory (MB): peak = 1324.703 ; gain = 214.992
---------------------------------------------------------------------------------
---------------------------------------------------------------------------------
Start Renaming Generated Ports
---------------------------------------------------------------------------------
---------------------------------------------------------------------------------
Finished Renaming Generated Ports : Time (s): cpu = 00:00:12 ; elapsed = 00:00:12 . Memory (MB): peak = 1324.703 ; gain = 214.992
---------------------------------------------------------------------------------
---------------------------------------------------------------------------------
Start Handling Custom Attributes
---------------------------------------------------------------------------------
---------------------------------------------------------------------------------
Finished Handling Custom Attributes : Time (s): cpu = 00:00:12 ; elapsed = 00:00:12 . Memory (MB): peak = 1324.703 ; gain = 214.992
---------------------------------------------------------------------------------
---------------------------------------------------------------------------------
Start Renaming Generated Nets
---------------------------------------------------------------------------------
---------------------------------------------------------------------------------
Finished Renaming Generated Nets : Time (s): cpu = 00:00:12 ; elapsed = 00:00:12 . Memory (MB): peak = 1324.703 ; gain = 214.992
---------------------------------------------------------------------------------
---------------------------------------------------------------------------------
Start Writing Synthesis Report
---------------------------------------------------------------------------------

Report BlackBoxes: 
+------+----------------+----------+
|      |BlackBox name   |Instances |
+------+----------------+----------+
|1     |bd_0_hls_inst_0 |         1|
+------+----------------+----------+

Report Cell Usage: 
+------+--------------+------+
|      |Cell          |Count |
+------+--------------+------+
|1     |bd_0_hls_inst |     1|
+------+--------------+------+
---------------------------------------------------------------------------------
Finished Writing Synthesis Report : Time (s): cpu = 00:00:12 ; elapsed = 00:00:12 . Memory (MB): peak = 1324.703 ; gain = 214.992
---------------------------------------------------------------------------------
Synthesis finished with 0 errors, 0 critical warnings and 0 warnings.
Synthesis Optimization Runtime : Time (s): cpu = 00:00:08 ; elapsed = 00:00:10 . Memory (MB): peak = 1324.703 ; gain = 180.242
Synthesis Optimization Complete : Time (s): cpu = 00:00:12 ; elapsed = 00:00:12 . Memory (MB): peak = 1324.703 ; gain = 214.992
INFO: [Project 1-571] Translating synthesized netlist
Netlist sorting complete. Time (s): cpu = 00:00:00 ; elapsed = 00:00:00.006 . Memory (MB): peak = 1324.703 ; gain = 0.000
INFO: [Project 1-570] Preparing netlist for logic optimization
INFO: [Opt 31-138] Pushed 0 inverter(s) to 0 load pin(s).
Netlist sorting complete. Time (s): cpu = 00:00:00 ; elapsed = 00:00:00 . Memory (MB): peak = 1343.633 ; gain = 0.000
INFO: [Project 1-111] Unisim Transformation Summary:
No Unisim elements were transformed.

INFO: [Common 17-83] Releasing license: Synthesis
21 Infos, 0 Warnings, 0 Critical Warnings and 0 Errors encountered.
synth_design completed successfully
synth_design: Time (s): cpu = 00:00:15 ; elapsed = 00:00:16 . Memory (MB): peak = 1343.633 ; gain = 233.922
INFO: [Common 17-1381] The checkpoint 'C:/Projects/ParticleCoverHLS/solution1/impl/verilog/project.runs/synth_1/bd_0_wrapper.dcp' has been generated.
INFO: [runtcl-4] Executing : report_utilization -file bd_0_wrapper_utilization_synth.rpt -pb bd_0_wrapper_utilization_synth.pb
INFO: [Common 17-206] Exiting Vivado at Sat Jul 20 20:46:53 2024...
[Sat Jul 20 20:46:58 2024] synth_1 finished
wait_on_run: Time (s): cpu = 00:00:00 ; elapsed = 00:03:28 . Memory (MB): peak = 1110.469 ; gain = 0.000
Design is defaulting to impl run constrset: constrs_1
Design is defaulting to synth run part: xc7z030sbg485-3
INFO: [Device 21-403] Loading part xc7z030sbg485-3
INFO: [Project 1-454] Reading design checkpoint 'c:/Projects/ParticleCoverHLS/solution1/impl/verilog/project.gen/sources_1/bd/bd_0/ip/bd_0_hls_inst_0/bd_0_hls_inst_0.dcp' for cell 'bd_0_i/hls_inst'
Netlist sorting complete. Time (s): cpu = 00:00:00 ; elapsed = 00:00:00.405 . Memory (MB): peak = 1110.469 ; gain = 0.000
INFO: [Netlist 29-17] Analyzing 3527 Unisim elements for replacement
INFO: [Netlist 29-28] Unisim Transformation completed in 0 CPU seconds
INFO: [Project 1-479] Netlist was created with Vivado 2020.2
INFO: [Project 1-570] Preparing netlist for logic optimization
Parsing XDC File [C:/Projects/ParticleCoverHLS/solution1/impl/verilog/system_top.xdc]
Finished Parsing XDC File [C:/Projects/ParticleCoverHLS/solution1/impl/verilog/system_top.xdc]
INFO: [Opt 31-138] Pushed 0 inverter(s) to 0 load pin(s).
Netlist sorting complete. Time (s): cpu = 00:00:00 ; elapsed = 00:00:00.006 . Memory (MB): peak = 1174.781 ; gain = 0.000
INFO: [Project 1-111] Unisim Transformation Summary:
  A total of 517 instances were transformed.
  RAM16X1D => RAM32X1D (RAMD32(x2)): 128 instances
  RAM16X1S => RAM32X1S (RAMS32): 389 instances

open_run: Time (s): cpu = 00:00:08 ; elapsed = 00:00:09 . Memory (MB): peak = 1174.781 ; gain = 64.312
Running report: report_utilization -file ./report/system_top_utilization_synth.rpt
Contents of report file './report/system_top_utilization_synth.rpt' is as follows:
Copyright 1986-2020 Xilinx, Inc. All Rights Reserved.
------------------------------------------------------------------------------------
| Tool Version : Vivado v.2020.2 (win64) Build 3064766 Wed Nov 18 09:12:45 MST 2020
| Date         : Sat Jul 20 20:47:07 2024
| Host         : OGAS running 64-bit major release  (build 9200)
| Command      : report_utilization -file ./report/system_top_utilization_synth.rpt
| Design       : bd_0_wrapper
| Device       : 7z030sbg485-3
| Design State : Synthesized
------------------------------------------------------------------------------------

Utilization Design Information

Table of Contents
-----------------
1. Slice Logic
1.1 Summary of Registers by Type
2. Memory
3. DSP
4. IO and GT Specific
5. Clocking
6. Specific Feature
7. Primitives
8. Black Boxes
9. Instantiated Netlists

1. Slice Logic
--------------

+----------------------------+-------+-------+-----------+-------+
|          Site Type         |  Used | Fixed | Available | Util% |
+----------------------------+-------+-------+-----------+-------+
| Slice LUTs*                | 21374 |     0 |     78600 | 27.19 |
|   LUT as Logic             | 20095 |     0 |     78600 | 25.57 |
|   LUT as Memory            |  1279 |     0 |     26600 |  4.81 |
|     LUT as Distributed RAM |   645 |     0 |           |       |
|     LUT as Shift Register  |   634 |     0 |           |       |
| Slice Registers            | 15106 |     0 |    157200 |  9.61 |
|   Register as Flip Flop    | 15106 |     0 |    157200 |  9.61 |
|   Register as Latch        |     0 |     0 |    157200 |  0.00 |
| F7 Muxes                   |    16 |     0 |     39300 |  0.04 |
| F8 Muxes                   |     3 |     0 |     19650 |  0.02 |
+----------------------------+-------+-------+-----------+-------+
* Warning! The Final LUT count, after physical optimizations and full implementation, is typically lower. Run opt_design after synthesis, if not already completed, for a more realistic count.


1.1 Summary of Registers by Type
--------------------------------

+-------+--------------+-------------+--------------+
| Total | Clock Enable | Synchronous | Asynchronous |
+-------+--------------+-------------+--------------+
| 0     |            _ |           - |            - |
| 0     |            _ |           - |          Set |
| 0     |            _ |           - |        Reset |
| 0     |            _ |         Set |            - |
| 0     |            _ |       Reset |            - |
| 0     |          Yes |           - |            - |
| 0     |          Yes |           - |          Set |
| 0     |          Yes |           - |        Reset |
| 175   |          Yes |         Set |            - |
| 14931 |          Yes |       Reset |            - |
+-------+--------------+-------------+--------------+


2. Memory
---------

+-------------------+------+-------+-----------+-------+
|     Site Type     | Used | Fixed | Available | Util% |
+-------------------+------+-------+-----------+-------+
| Block RAM Tile    |    9 |     0 |       265 |  3.40 |
|   RAMB36/FIFO*    |    9 |     0 |       265 |  3.40 |
|     RAMB36E1 only |    9 |       |           |       |
|   RAMB18          |    0 |     0 |       530 |  0.00 |
+-------------------+------+-------+-----------+-------+
* Note: Each Block RAM Tile only has one FIFO logic available and therefore can accommodate only one FIFO36E1 or one FIFO18E1. However, if a FIFO18E1 occupies a Block RAM Tile, that tile can still accommodate a RAMB18E1


3. DSP
------

+----------------+------+-------+-----------+-------+
|    Site Type   | Used | Fixed | Available | Util% |
+----------------+------+-------+-----------+-------+
| DSPs           |   58 |     0 |       400 | 14.50 |
|   DSP48E1 only |   58 |       |           |       |
+----------------+------+-------+-----------+-------+


4. IO and GT Specific
---------------------

+-----------------------------+------+-------+-----------+-------+
|          Site Type          | Used | Fixed | Available | Util% |
+-----------------------------+------+-------+-----------+-------+
| Bonded IOB                  |    0 |     0 |       150 |  0.00 |
| Bonded IPADs                |    0 |     0 |        14 |  0.00 |
| Bonded OPADs                |    0 |     0 |         8 |  0.00 |
| Bonded IOPADs               |    0 |     0 |       130 |  0.00 |
| PHY_CONTROL                 |    0 |     0 |         5 |  0.00 |
| PHASER_REF                  |    0 |     0 |         5 |  0.00 |
| OUT_FIFO                    |    0 |     0 |        20 |  0.00 |
| IN_FIFO                     |    0 |     0 |        20 |  0.00 |
| IDELAYCTRL                  |    0 |     0 |         5 |  0.00 |
| IBUFDS                      |    0 |     0 |       144 |  0.00 |
| GTXE2_COMMON                |    0 |     0 |         1 |  0.00 |
| GTXE2_CHANNEL               |    0 |     0 |         4 |  0.00 |
| PHASER_OUT/PHASER_OUT_PHY   |    0 |     0 |        20 |  0.00 |
| PHASER_IN/PHASER_IN_PHY     |    0 |     0 |        20 |  0.00 |
| IDELAYE2/IDELAYE2_FINEDELAY |    0 |     0 |       250 |  0.00 |
| ODELAYE2/ODELAYE2_FINEDELAY |    0 |     0 |       150 |  0.00 |
| IBUFDS_GTE2                 |    0 |     0 |         2 |  0.00 |
| ILOGIC                      |    0 |     0 |       150 |  0.00 |
| OLOGIC                      |    0 |     0 |       150 |  0.00 |
+-----------------------------+------+-------+-----------+-------+


5. Clocking
-----------

+------------+------+-------+-----------+-------+
|  Site Type | Used | Fixed | Available | Util% |
+------------+------+-------+-----------+-------+
| BUFGCTRL   |    0 |     0 |        32 |  0.00 |
| BUFIO      |    0 |     0 |        20 |  0.00 |
| MMCME2_ADV |    0 |     0 |         5 |  0.00 |
| PLLE2_ADV  |    0 |     0 |         5 |  0.00 |
| BUFMRCE    |    0 |     0 |        10 |  0.00 |
| BUFHCE     |    0 |     0 |        96 |  0.00 |
| BUFR       |    0 |     0 |        20 |  0.00 |
+------------+------+-------+-----------+-------+


6. Specific Feature
-------------------

+-------------+------+-------+-----------+-------+
|  Site Type  | Used | Fixed | Available | Util% |
+-------------+------+-------+-----------+-------+
| BSCANE2     |    0 |     0 |         4 |  0.00 |
| CAPTUREE2   |    0 |     0 |         1 |  0.00 |
| DNA_PORT    |    0 |     0 |         1 |  0.00 |
| EFUSE_USR   |    0 |     0 |         1 |  0.00 |
| FRAME_ECCE2 |    0 |     0 |         1 |  0.00 |
| ICAPE2      |    0 |     0 |         2 |  0.00 |
| PCIE_2_1    |    0 |     0 |         1 |  0.00 |
| STARTUPE2   |    0 |     0 |         1 |  0.00 |
| XADC        |    0 |     0 |         1 |  0.00 |
+-------------+------+-------+-----------+-------+


7. Primitives
-------------

+----------+-------+---------------------+
| Ref Name |  Used | Functional Category |
+----------+-------+---------------------+
| FDRE     | 14931 |        Flop & Latch |
| LUT3     |  7168 |                 LUT |
| LUT1     |  4546 |                 LUT |
| LUT6     |  4206 |                 LUT |
| LUT2     |  4002 |                 LUT |
| LUT4     |  3105 |                 LUT |
| CARRY4   |  2924 |          CarryLogic |
| LUT5     |  2614 |                 LUT |
| SRLC32E  |   579 |  Distributed Memory |
| RAMS32   |   389 |  Distributed Memory |
| RAMD32   |   256 |  Distributed Memory |
| FDSE     |   175 |        Flop & Latch |
| DSP48E1  |    58 |    Block Arithmetic |
| SRL16E   |    55 |  Distributed Memory |
| MUXF7    |    16 |               MuxFx |
| RAMB36E1 |     9 |        Block Memory |
| MUXF8    |     3 |               MuxFx |
+----------+-------+---------------------+


8. Black Boxes
--------------

+----------+------+
| Ref Name | Used |
+----------+------+


9. Instantiated Netlists
------------------------

+-----------------+------+
|     Ref Name    | Used |
+-----------------+------+
| bd_0_hls_inst_0 |    1 |
+-----------------+------+



Running report: report_timing_summary -file ./report/system_top_timing_synth.rpt
INFO: [Timing 38-35] Done setting XDC timing constraints.
INFO: [Timing 38-91] UpdateTimingParams: Speed grade: -3, Delay Type: min_max.
INFO: [Timing 38-191] Multithreading enabled for timing update using a maximum of 2 CPUs
WARNING: [Timing 38-242] The property HD.CLK_SRC of clock port "ap_clk" is not set. In out-of-context mode, this prevents timing estimation for clock delay/skew
Resolution: Set the HD.CLK_SRC property of the out-of-context port to the location of the clock buffer instance in the top-level design
report_timing_summary: Time (s): cpu = 00:00:10 ; elapsed = 00:00:08 . Memory (MB): peak = 1824.129 ; gain = 649.348
Contents of report file './report/system_top_timing_synth.rpt' is as follows:
Copyright 1986-2020 Xilinx, Inc. All Rights Reserved.
------------------------------------------------------------------------------------
| Tool Version : Vivado v.2020.2 (win64) Build 3064766 Wed Nov 18 09:12:45 MST 2020
| Date         : Sat Jul 20 20:47:16 2024
| Host         : OGAS running 64-bit major release  (build 9200)
| Command      : report_timing_summary -file ./report/system_top_timing_synth.rpt
| Design       : bd_0_wrapper
| Device       : 7z030-sbg485
| Speed File   : -3  PRODUCTION 1.12 2019-11-22
------------------------------------------------------------------------------------

Timing Summary Report

------------------------------------------------------------------------------------------------
| Timer Settings
| --------------
------------------------------------------------------------------------------------------------

  Enable Multi Corner Analysis               :  Yes
  Enable Pessimism Removal                   :  Yes
  Pessimism Removal Resolution               :  Nearest Common Node
  Enable Input Delay Default Clock           :  No
  Enable Preset / Clear Arcs                 :  No
  Disable Flight Delays                      :  No
  Ignore I/O Paths                           :  No
  Timing Early Launch at Borrowing Latches   :  No
  Borrow Time for Max Delay Exceptions       :  Yes
  Merge Timing Exceptions                    :  Yes

  Corner  Analyze    Analyze    
  Name    Max Paths  Min Paths  
  ------  ---------  ---------  
  Slow    Yes        Yes        
  Fast    Yes        Yes        



check_timing report

Table of Contents
-----------------
1. checking no_clock (0)
2. checking constant_clock (0)
3. checking pulse_width_clock (0)
4. checking unconstrained_internal_endpoints (0)
5. checking no_input_delay (259)
6. checking no_output_delay (134)
7. checking multiple_clock (0)
8. checking generated_clocks (0)
9. checking loops (0)
10. checking partial_input_delay (0)
11. checking partial_output_delay (0)
12. checking latch_loops (0)

1. checking no_clock (0)
------------------------
 There are 0 register/latch pins with no clock.


2. checking constant_clock (0)
------------------------------
 There are 0 register/latch pins with constant_clock.


3. checking pulse_width_clock (0)
---------------------------------
 There are 0 register/latch pins which need pulse_width check


4. checking unconstrained_internal_endpoints (0)
------------------------------------------------
 There are 0 pins that are not constrained for maximum delay.

 There are 0 pins that are not constrained for maximum delay due to constant clock.


5. checking no_input_delay (259)
--------------------------------
 There are 259 input ports with no input delay specified. (HIGH)

 There are 0 input ports with no input delay but user has a false path constraint.


6. checking no_output_delay (134)
---------------------------------
 There are 134 ports with no output delay specified. (HIGH)

 There are 0 ports with no output delay but user has a false path constraint

 There are 0 ports with no output delay but with a timing clock defined on it or propagating through it


7. checking multiple_clock (0)
------------------------------
 There are 0 register/latch pins with multiple clocks.


8. checking generated_clocks (0)
--------------------------------
 There are 0 generated clocks that are not connected to a clock source.


9. checking loops (0)
---------------------
 There are 0 combinational loops in the design.


10. checking partial_input_delay (0)
------------------------------------
 There are 0 input ports with partial input delay specified.


11. checking partial_output_delay (0)
-------------------------------------
 There are 0 ports with partial output delay specified.


12. checking latch_loops (0)
----------------------------
 There are 0 combinational latch loops in the design through latch input



------------------------------------------------------------------------------------------------
| Design Timing Summary
| ---------------------
------------------------------------------------------------------------------------------------

    WNS(ns)      TNS(ns)  TNS Failing Endpoints  TNS Total Endpoints      WHS(ns)      THS(ns)  THS Failing Endpoints  THS Total Endpoints     WPWS(ns)     TPWS(ns)  TPWS Failing Endpoints  TPWS Total Endpoints  
    -------      -------  ---------------------  -------------------      -------      -------  ---------------------  -------------------     --------     --------  ----------------------  --------------------  
      3.180        0.000                      0                33149        0.058        0.000                      0                33149        4.326        0.000                       0                 16445  


All user specified timing constraints are met.


------------------------------------------------------------------------------------------------
| Clock Summary
| -------------
------------------------------------------------------------------------------------------------

Clock   Waveform(ns)       Period(ns)      Frequency(MHz)
-----   ------------       ----------      --------------
ap_clk  {0.000 5.000}      10.000          100.000         


------------------------------------------------------------------------------------------------
| Intra Clock Table
| -----------------
------------------------------------------------------------------------------------------------

Clock             WNS(ns)      TNS(ns)  TNS Failing Endpoints  TNS Total Endpoints      WHS(ns)      THS(ns)  THS Failing Endpoints  THS Total Endpoints     WPWS(ns)     TPWS(ns)  TPWS Failing Endpoints  TPWS Total Endpoints  
-----             -------      -------  ---------------------  -------------------      -------      -------  ---------------------  -------------------     --------     --------  ----------------------  --------------------  
ap_clk              3.180        0.000                      0                33149        0.058        0.000                      0                33149        4.326        0.000                       0                 16445  


------------------------------------------------------------------------------------------------
| Inter Clock Table
| -----------------
------------------------------------------------------------------------------------------------

From Clock    To Clock          WNS(ns)      TNS(ns)  TNS Failing Endpoints  TNS Total Endpoints      WHS(ns)      THS(ns)  THS Failing Endpoints  THS Total Endpoints  
----------    --------          -------      -------  ---------------------  -------------------      -------      -------  ---------------------  -------------------  


------------------------------------------------------------------------------------------------
| Other Path Groups Table
| -----------------------
------------------------------------------------------------------------------------------------

Path Group    From Clock    To Clock          WNS(ns)      TNS(ns)  TNS Failing Endpoints  TNS Total Endpoints      WHS(ns)      THS(ns)  THS Failing Endpoints  THS Total Endpoints  
----------    ----------    --------          -------      -------  ---------------------  -------------------      -------      -------  ---------------------  -------------------  


------------------------------------------------------------------------------------------------
| Timing Details
| --------------
------------------------------------------------------------------------------------------------


---------------------------------------------------------------------------------------------------
From Clock:  ap_clk
  To Clock:  ap_clk

Setup :            0  Failing Endpoints,  Worst Slack        3.180ns,  Total Violation        0.000ns
Hold  :            0  Failing Endpoints,  Worst Slack        0.058ns,  Total Violation        0.000ns
PW    :            0  Failing Endpoints,  Worst Slack        4.326ns,  Total Violation        0.000ns
---------------------------------------------------------------------------------------------------


Max Delay Paths
--------------------------------------------------------------------------------------
Slack (MET) :             3.180ns  (required time - arrival time)
  Source:                 bd_0_i/hls_inst/inst/grp_p_shadowquilt_main_loop_make_verticle_strip_fu_565/grp_makePatch_alignedToLine_fu_1322/grp_alignedtoline_per_layer_loop8_fu_183/grp_p_find_boundaries_and_starting_index_and_value9_fu_922/p_find_left_and_right_boundaries11_U0/trunc_ln565_2_reg_2793_reg[29]/C
                            (rising edge-triggered cell FDRE clocked by ap_clk  {rise@0.000ns fall@5.000ns period=10.000ns})
  Destination:            bd_0_i/hls_inst/inst/grp_p_shadowquilt_main_loop_make_verticle_strip_fu_565/grp_makePatch_alignedToLine_fu_1322/grp_alignedtoline_per_layer_loop8_fu_183/grp_p_find_boundaries_and_starting_index_and_value9_fu_922/p_find_left_and_right_boundaries11_U0/p_Result_91_reg_2542_reg[0]/D
                            (rising edge-triggered cell FDRE clocked by ap_clk  {rise@0.000ns fall@5.000ns period=10.000ns})
  Path Group:             ap_clk
  Path Type:              Setup (Max at Slow Process Corner)
  Requirement:            10.000ns  (ap_clk rise@10.000ns - ap_clk rise@0.000ns)
  Data Path Delay:        6.800ns  (logic 2.053ns (30.191%)  route 4.747ns (69.809%))
  Logic Levels:           21  (CARRY4=7 LUT1=2 LUT3=1 LUT5=2 LUT6=9)
  Clock Path Skew:        -0.025ns (DCD - SCD + CPR)
    Destination Clock Delay (DCD):    0.483ns = ( 10.483 - 10.000 ) 
    Source Clock Delay      (SCD):    0.508ns
    Clock Pessimism Removal (CPR):    0.000ns
  Clock Uncertainty:      0.035ns  ((TSJ^2 + TIJ^2)^1/2 + DJ) / 2 + PE
    Total System Jitter     (TSJ):    0.071ns
    Total Input Jitter      (TIJ):    0.000ns
    Discrete Jitter          (DJ):    0.000ns
    Phase Error              (PE):    0.000ns

    Location             Delay type                Incr(ns)  Path(ns)    Netlist Resource(s)
  -------------------------------------------------------------------    -------------------
                         (clock ap_clk rise edge)     0.000     0.000 r  
                                                      0.000     0.000 r  ap_clk (IN)
                         net (fo=16460, unset)        0.508     0.508    bd_0_i/hls_inst/inst/grp_p_shadowquilt_main_loop_make_verticle_strip_fu_565/grp_makePatch_alignedToLine_fu_1322/grp_alignedtoline_per_layer_loop8_fu_183/grp_p_find_boundaries_and_starting_index_and_value9_fu_922/p_find_left_and_right_boundaries11_U0/ap_clk
                         FDRE                                         r  bd_0_i/hls_inst/inst/grp_p_shadowquilt_main_loop_make_verticle_strip_fu_565/grp_makePatch_alignedToLine_fu_1322/grp_alignedtoline_per_layer_loop8_fu_183/grp_p_find_boundaries_and_starting_index_and_value9_fu_922/p_find_left_and_right_boundaries11_U0/trunc_ln565_2_reg_2793_reg[29]/C
  -------------------------------------------------------------------    -------------------
                         FDRE (Prop_fdre_C_Q)         0.226     0.734 f  bd_0_i/hls_inst/inst/grp_p_shadowquilt_main_loop_make_verticle_strip_fu_565/grp_makePatch_alignedToLine_fu_1322/grp_alignedtoline_per_layer_loop8_fu_183/grp_p_find_boundaries_and_starting_index_and_value9_fu_922/p_find_left_and_right_boundaries11_U0/trunc_ln565_2_reg_2793_reg[29]/Q
                         net (fo=6, unplaced)         0.204     0.938    bd_0_i/hls_inst/inst/grp_p_shadowquilt_main_loop_make_verticle_strip_fu_565/grp_makePatch_alignedToLine_fu_1322/grp_alignedtoline_per_layer_loop8_fu_183/grp_p_find_boundaries_and_starting_index_and_value9_fu_922/p_find_left_and_right_boundaries11_U0/zext_ln569_2_fu_2151_p1[29]
                         LUT1 (Prop_lut1_I0_O)        0.119     1.057 r  bd_0_i/hls_inst/inst/grp_p_shadowquilt_main_loop_make_verticle_strip_fu_565/grp_makePatch_alignedToLine_fu_1322/grp_alignedtoline_per_layer_loop8_fu_183/grp_p_find_boundaries_and_starting_index_and_value9_fu_922/p_find_left_and_right_boundaries11_U0/m_51_reg_2513[28]_i_24/O
                         net (fo=1, unplaced)         0.173     1.230    bd_0_i/hls_inst/inst/grp_p_shadowquilt_main_loop_make_verticle_strip_fu_565/grp_makePatch_alignedToLine_fu_1322/grp_alignedtoline_per_layer_loop8_fu_183/grp_p_find_boundaries_and_starting_index_and_value9_fu_922/p_find_left_and_right_boundaries11_U0/m_51_reg_2513[28]_i_24_n_17
                         CARRY4 (Prop_carry4_CYINIT_CO[3])
                                                      0.289     1.519 r  bd_0_i/hls_inst/inst/grp_p_shadowquilt_main_loop_make_verticle_strip_fu_565/grp_makePatch_alignedToLine_fu_1322/grp_alignedtoline_per_layer_loop8_fu_183/grp_p_find_boundaries_and_starting_index_and_value9_fu_922/p_find_left_and_right_boundaries11_U0/m_51_reg_2513_reg[28]_i_13/CO[3]
                         net (fo=1, unplaced)         0.000     1.519    bd_0_i/hls_inst/inst/grp_p_shadowquilt_main_loop_make_verticle_strip_fu_565/grp_makePatch_alignedToLine_fu_1322/grp_alignedtoline_per_layer_loop8_fu_183/grp_p_find_boundaries_and_starting_index_and_value9_fu_922/p_find_left_and_right_boundaries11_U0/m_51_reg_2513_reg[28]_i_13_n_17
                         CARRY4 (Prop_carry4_CI_CO[3])
                                                      0.050     1.569 r  bd_0_i/hls_inst/inst/grp_p_shadowquilt_main_loop_make_verticle_strip_fu_565/grp_makePatch_alignedToLine_fu_1322/grp_alignedtoline_per_layer_loop8_fu_183/grp_p_find_boundaries_and_starting_index_and_value9_fu_922/p_find_left_and_right_boundaries11_U0/m_51_reg_2513_reg[0]_i_44/CO[3]
                         net (fo=1, unplaced)         0.000     1.569    bd_0_i/hls_inst/inst/grp_p_shadowquilt_main_loop_make_verticle_strip_fu_565/grp_makePatch_alignedToLine_fu_1322/grp_alignedtoline_per_layer_loop8_fu_183/grp_p_find_boundaries_and_starting_index_and_value9_fu_922/p_find_left_and_right_boundaries11_U0/m_51_reg_2513_reg[0]_i_44_n_17
                         CARRY4 (Prop_carry4_CI_CO[3])
                                                      0.050     1.619 r  bd_0_i/hls_inst/inst/grp_p_shadowquilt_main_loop_make_verticle_strip_fu_565/grp_makePatch_alignedToLine_fu_1322/grp_alignedtoline_per_layer_loop8_fu_183/grp_p_find_boundaries_and_starting_index_and_value9_fu_922/p_find_left_and_right_boundaries11_U0/m_51_reg_2513_reg[0]_i_41/CO[3]
                         net (fo=1, unplaced)         0.000     1.619    bd_0_i/hls_inst/inst/grp_p_shadowquilt_main_loop_make_verticle_strip_fu_565/grp_makePatch_alignedToLine_fu_1322/grp_alignedtoline_per_layer_loop8_fu_183/grp_p_find_boundaries_and_starting_index_and_value9_fu_922/p_find_left_and_right_boundaries11_U0/m_51_reg_2513_reg[0]_i_41_n_17
                         CARRY4 (Prop_carry4_CI_CO[3])
                                                      0.050     1.669 r  bd_0_i/hls_inst/inst/grp_p_shadowquilt_main_loop_make_verticle_strip_fu_565/grp_makePatch_alignedToLine_fu_1322/grp_alignedtoline_per_layer_loop8_fu_183/grp_p_find_boundaries_and_starting_index_and_value9_fu_922/p_find_left_and_right_boundaries11_U0/m_51_reg_2513_reg[0]_i_43/CO[3]
                         net (fo=1, unplaced)         0.000     1.669    bd_0_i/hls_inst/inst/grp_p_shadowquilt_main_loop_make_verticle_strip_fu_565/grp_makePatch_alignedToLine_fu_1322/grp_alignedtoline_per_layer_loop8_fu_183/grp_p_find_boundaries_and_starting_index_and_value9_fu_922/p_find_left_and_right_boundaries11_U0/m_51_reg_2513_reg[0]_i_43_n_17
                         CARRY4 (Prop_carry4_CI_O[0])
                                                      0.108     1.777 f  bd_0_i/hls_inst/inst/grp_p_shadowquilt_main_loop_make_verticle_strip_fu_565/grp_makePatch_alignedToLine_fu_1322/grp_alignedtoline_per_layer_loop8_fu_183/grp_p_find_boundaries_and_starting_index_and_value9_fu_922/p_find_left_and_right_boundaries11_U0/m_51_reg_2513_reg[0]_i_42/O[0]
                         net (fo=4, unplaced)         0.196     1.973    bd_0_i/hls_inst/inst/grp_p_shadowquilt_main_loop_make_verticle_strip_fu_565/grp_makePatch_alignedToLine_fu_1322/grp_alignedtoline_per_layer_loop8_fu_183/grp_p_find_boundaries_and_starting_index_and_value9_fu_922/p_find_left_and_right_boundaries11_U0/man_V_9_fu_2155_p2[46]
                         LUT3 (Prop_lut3_I0_O)        0.119     2.092 f  bd_0_i/hls_inst/inst/grp_p_shadowquilt_main_loop_make_verticle_strip_fu_565/grp_makePatch_alignedToLine_fu_1322/grp_alignedtoline_per_layer_loop8_fu_183/grp_p_find_boundaries_and_starting_index_and_value9_fu_922/p_find_left_and_right_boundaries11_U0/lbVal_constprop[14]_i_4/O
                         net (fo=2, unplaced)         0.255     2.347    bd_0_i/hls_inst/inst/grp_p_shadowquilt_main_loop_make_verticle_strip_fu_565/grp_makePatch_alignedToLine_fu_1322/grp_alignedtoline_per_layer_loop8_fu_183/grp_p_find_boundaries_and_starting_index_and_value9_fu_922/p_find_left_and_right_boundaries11_U0/lbVal_constprop[14]_i_4_n_17
                         LUT6 (Prop_lut6_I3_O)        0.043     2.390 f  bd_0_i/hls_inst/inst/grp_p_shadowquilt_main_loop_make_verticle_strip_fu_565/grp_makePatch_alignedToLine_fu_1322/grp_alignedtoline_per_layer_loop8_fu_183/grp_p_find_boundaries_and_starting_index_and_value9_fu_922/p_find_left_and_right_boundaries11_U0/lbVal_constprop[6]_i_3/O
                         net (fo=4, unplaced)         0.246     2.636    bd_0_i/hls_inst/inst/grp_p_shadowquilt_main_loop_make_verticle_strip_fu_565/grp_makePatch_alignedToLine_fu_1322/grp_alignedtoline_per_layer_loop8_fu_183/grp_p_find_boundaries_and_starting_index_and_value9_fu_922/p_find_left_and_right_boundaries11_U0/lbVal_constprop[6]_i_3_n_17
                         LUT5 (Prop_lut5_I0_O)        0.043     2.679 f  bd_0_i/hls_inst/inst/grp_p_shadowquilt_main_loop_make_verticle_strip_fu_565/grp_makePatch_alignedToLine_fu_1322/grp_alignedtoline_per_layer_loop8_fu_183/grp_p_find_boundaries_and_starting_index_and_value9_fu_922/p_find_left_and_right_boundaries11_U0/m_51_reg_2513[0]_i_10/O
                         net (fo=1, unplaced)         0.244     2.923    bd_0_i/hls_inst/inst/grp_p_shadowquilt_main_loop_make_verticle_strip_fu_565/grp_makePatch_alignedToLine_fu_1322/grp_alignedtoline_per_layer_loop8_fu_183/grp_p_find_boundaries_and_starting_index_and_value9_fu_922/p_find_left_and_right_boundaries11_U0/m_51_reg_2513[0]_i_10_n_17
                         LUT6 (Prop_lut6_I5_O)        0.043     2.966 r  bd_0_i/hls_inst/inst/grp_p_shadowquilt_main_loop_make_verticle_strip_fu_565/grp_makePatch_alignedToLine_fu_1322/grp_alignedtoline_per_layer_loop8_fu_183/grp_p_find_boundaries_and_starting_index_and_value9_fu_922/p_find_left_and_right_boundaries11_U0/m_51_reg_2513[0]_i_3/O
                         net (fo=1, unplaced)         0.222     3.188    bd_0_i/hls_inst/inst/grp_p_shadowquilt_main_loop_make_verticle_strip_fu_565/grp_makePatch_alignedToLine_fu_1322/grp_alignedtoline_per_layer_loop8_fu_183/grp_p_find_boundaries_and_starting_index_and_value9_fu_922/p_find_left_and_right_boundaries11_U0/m_51_reg_2513[0]_i_3_n_17
                         LUT6 (Prop_lut6_I3_O)        0.043     3.231 f  bd_0_i/hls_inst/inst/grp_p_shadowquilt_main_loop_make_verticle_strip_fu_565/grp_makePatch_alignedToLine_fu_1322/grp_alignedtoline_per_layer_loop8_fu_183/grp_p_find_boundaries_and_starting_index_and_value9_fu_922/p_find_left_and_right_boundaries11_U0/m_51_reg_2513[0]_i_1/O
                         net (fo=9, unplaced)         0.285     3.516    bd_0_i/hls_inst/inst/grp_p_shadowquilt_main_loop_make_verticle_strip_fu_565/grp_makePatch_alignedToLine_fu_1322/grp_alignedtoline_per_layer_loop8_fu_183/grp_p_find_boundaries_and_starting_index_and_value9_fu_922/p_find_left_and_right_boundaries11_U0/lbVal_constprop_reg[0][0]
                         LUT1 (Prop_lut1_I0_O)        0.043     3.559 r  bd_0_i/hls_inst/inst/grp_p_shadowquilt_main_loop_make_verticle_strip_fu_565/grp_makePatch_alignedToLine_fu_1322/grp_alignedtoline_per_layer_loop8_fu_183/grp_p_find_boundaries_and_starting_index_and_value9_fu_922/p_find_left_and_right_boundaries11_U0/m_51_reg_2513[4]_i_4/O
                         net (fo=1, unplaced)         0.173     3.732    bd_0_i/hls_inst/inst/grp_p_shadowquilt_main_loop_make_verticle_strip_fu_565/grp_makePatch_alignedToLine_fu_1322/grp_alignedtoline_per_layer_loop8_fu_183/grp_p_find_boundaries_and_starting_index_and_value9_fu_922/p_find_left_and_right_boundaries11_U0/m_51_reg_2513[4]_i_4_n_17
                         CARRY4 (Prop_carry4_CYINIT_CO[3])
                                                      0.289     4.021 r  bd_0_i/hls_inst/inst/grp_p_shadowquilt_main_loop_make_verticle_strip_fu_565/grp_makePatch_alignedToLine_fu_1322/grp_alignedtoline_per_layer_loop8_fu_183/grp_p_find_boundaries_and_starting_index_and_value9_fu_922/p_find_left_and_right_boundaries11_U0/m_51_reg_2513_reg[4]_i_2/CO[3]
                         net (fo=1, unplaced)         0.000     4.021    bd_0_i/hls_inst/inst/grp_p_shadowquilt_main_loop_make_verticle_strip_fu_565/grp_makePatch_alignedToLine_fu_1322/grp_alignedtoline_per_layer_loop8_fu_183/grp_p_find_boundaries_and_starting_index_and_value9_fu_922/p_find_left_and_right_boundaries11_U0/m_51_reg_2513_reg[4]_i_2_n_17
                         CARRY4 (Prop_carry4_CI_O[1])
                                                      0.159     4.180 r  bd_0_i/hls_inst/inst/grp_p_shadowquilt_main_loop_make_verticle_strip_fu_565/grp_makePatch_alignedToLine_fu_1322/grp_alignedtoline_per_layer_loop8_fu_183/grp_p_find_boundaries_and_starting_index_and_value9_fu_922/p_find_left_and_right_boundaries11_U0/m_51_reg_2513_reg[8]_i_2/O[1]
                         net (fo=3, unplaced)         0.187     4.367    bd_0_i/hls_inst/inst/grp_p_shadowquilt_main_loop_make_verticle_strip_fu_565/grp_makePatch_alignedToLine_fu_1322/grp_alignedtoline_per_layer_loop8_fu_183/grp_p_find_boundaries_and_starting_index_and_value9_fu_922/p_find_left_and_right_boundaries11_U0/tmp_V_11_fu_915_p2[6]
                         LUT6 (Prop_lut6_I0_O)        0.121     4.488 r  bd_0_i/hls_inst/inst/grp_p_shadowquilt_main_loop_make_verticle_strip_fu_565/grp_makePatch_alignedToLine_fu_1322/grp_alignedtoline_per_layer_loop8_fu_183/grp_p_find_boundaries_and_starting_index_and_value9_fu_922/p_find_left_and_right_boundaries11_U0/m_51_reg_2513[6]_i_1/O
                         net (fo=5, unplaced)         0.543     5.031    bd_0_i/hls_inst/inst/grp_p_shadowquilt_main_loop_make_verticle_strip_fu_565/grp_makePatch_alignedToLine_fu_1322/grp_alignedtoline_per_layer_loop8_fu_183/grp_p_find_boundaries_and_starting_index_and_value9_fu_922/p_find_left_and_right_boundaries11_U0/m_51_fu_921_p3[6]
                         LUT5 (Prop_lut5_I0_O)        0.043     5.074 f  bd_0_i/hls_inst/inst/grp_p_shadowquilt_main_loop_make_verticle_strip_fu_565/grp_makePatch_alignedToLine_fu_1322/grp_alignedtoline_per_layer_loop8_fu_183/grp_p_find_boundaries_and_starting_index_and_value9_fu_922/p_find_left_and_right_boundaries11_U0/sub_ln947_3_reg_2537[0]_i_9/O
                         net (fo=1, unplaced)         0.334     5.408    bd_0_i/hls_inst/inst/grp_p_shadowquilt_main_loop_make_verticle_strip_fu_565/grp_makePatch_alignedToLine_fu_1322/grp_alignedtoline_per_layer_loop8_fu_183/grp_p_find_boundaries_and_starting_index_and_value9_fu_922/p_find_left_and_right_boundaries11_U0/sub_ln947_3_reg_2537[0]_i_9_n_17
                         LUT6 (Prop_lut6_I0_O)        0.043     5.451 f  bd_0_i/hls_inst/inst/grp_p_shadowquilt_main_loop_make_verticle_strip_fu_565/grp_makePatch_alignedToLine_fu_1322/grp_alignedtoline_per_layer_loop8_fu_183/grp_p_find_boundaries_and_starting_index_and_value9_fu_922/p_find_left_and_right_boundaries11_U0/sub_ln947_3_reg_2537[0]_i_4/O
                         net (fo=2, unplaced)         0.517     5.968    bd_0_i/hls_inst/inst/grp_p_shadowquilt_main_loop_make_verticle_strip_fu_565/grp_makePatch_alignedToLine_fu_1322/grp_alignedtoline_per_layer_loop8_fu_183/grp_p_find_boundaries_and_starting_index_and_value9_fu_922/p_find_left_and_right_boundaries11_U0/sub_ln947_3_reg_2537[0]_i_4_n_17
                         LUT6 (Prop_lut6_I3_O)        0.043     6.011 r  bd_0_i/hls_inst/inst/grp_p_shadowquilt_main_loop_make_verticle_strip_fu_565/grp_makePatch_alignedToLine_fu_1322/grp_alignedtoline_per_layer_loop8_fu_183/grp_p_find_boundaries_and_starting_index_and_value9_fu_922/p_find_left_and_right_boundaries11_U0/trunc_ln943_3_reg_2548[0]_i_1/O
                         net (fo=9, unplaced)         0.285     6.296    bd_0_i/hls_inst/inst/grp_p_shadowquilt_main_loop_make_verticle_strip_fu_565/grp_makePatch_alignedToLine_fu_1322/grp_alignedtoline_per_layer_loop8_fu_183/grp_p_find_boundaries_and_starting_index_and_value9_fu_922/p_find_left_and_right_boundaries11_U0/trunc_ln943_3_reg_2548[0]_i_1_n_17
                         LUT6 (Prop_lut6_I3_O)        0.043     6.339 r  bd_0_i/hls_inst/inst/grp_p_shadowquilt_main_loop_make_verticle_strip_fu_565/grp_makePatch_alignedToLine_fu_1322/grp_alignedtoline_per_layer_loop8_fu_183/grp_p_find_boundaries_and_starting_index_and_value9_fu_922/p_find_left_and_right_boundaries11_U0/p_Result_91_reg_2542[0]_i_6/O
                         net (fo=1, unplaced)         0.506     6.845    bd_0_i/hls_inst/inst/grp_p_shadowquilt_main_loop_make_verticle_strip_fu_565/grp_makePatch_alignedToLine_fu_1322/grp_alignedtoline_per_layer_loop8_fu_183/grp_p_find_boundaries_and_starting_index_and_value9_fu_922/p_find_left_and_right_boundaries11_U0/p_Result_91_reg_2542[0]_i_6_n_17
                         LUT6 (Prop_lut6_I0_O)        0.043     6.888 r  bd_0_i/hls_inst/inst/grp_p_shadowquilt_main_loop_make_verticle_strip_fu_565/grp_makePatch_alignedToLine_fu_1322/grp_alignedtoline_per_layer_loop8_fu_183/grp_p_find_boundaries_and_starting_index_and_value9_fu_922/p_find_left_and_right_boundaries11_U0/p_Result_91_reg_2542[0]_i_3/O
                         net (fo=1, unplaced)         0.377     7.265    bd_0_i/hls_inst/inst/grp_p_shadowquilt_main_loop_make_verticle_strip_fu_565/grp_makePatch_alignedToLine_fu_1322/grp_alignedtoline_per_layer_loop8_fu_183/grp_p_find_boundaries_and_starting_index_and_value9_fu_922/p_find_left_and_right_boundaries11_U0/p_Result_91_reg_2542[0]_i_3_n_17
                         LUT6 (Prop_lut6_I2_O)        0.043     7.308 r  bd_0_i/hls_inst/inst/grp_p_shadowquilt_main_loop_make_verticle_strip_fu_565/grp_makePatch_alignedToLine_fu_1322/grp_alignedtoline_per_layer_loop8_fu_183/grp_p_find_boundaries_and_starting_index_and_value9_fu_922/p_find_left_and_right_boundaries11_U0/p_Result_91_reg_2542[0]_i_1/O
                         net (fo=1, unplaced)         0.000     7.308    bd_0_i/hls_inst/inst/grp_p_shadowquilt_main_loop_make_verticle_strip_fu_565/grp_makePatch_alignedToLine_fu_1322/grp_alignedtoline_per_layer_loop8_fu_183/grp_p_find_boundaries_and_starting_index_and_value9_fu_922/p_find_left_and_right_boundaries11_U0/p_Result_91_fu_979_p3
                         FDRE                                         r  bd_0_i/hls_inst/inst/grp_p_shadowquilt_main_loop_make_verticle_strip_fu_565/grp_makePatch_alignedToLine_fu_1322/grp_alignedtoline_per_layer_loop8_fu_183/grp_p_find_boundaries_and_starting_index_and_value9_fu_922/p_find_left_and_right_boundaries11_U0/p_Result_91_reg_2542_reg[0]/D
  -------------------------------------------------------------------    -------------------

                         (clock ap_clk rise edge)    10.000    10.000 r  
                                                      0.000    10.000 r  ap_clk (IN)
                         net (fo=16460, unset)        0.483    10.483    bd_0_i/hls_inst/inst/grp_p_shadowquilt_main_loop_make_verticle_strip_fu_565/grp_makePatch_alignedToLine_fu_1322/grp_alignedtoline_per_layer_loop8_fu_183/grp_p_find_boundaries_and_starting_index_and_value9_fu_922/p_find_left_and_right_boundaries11_U0/ap_clk
                         FDRE                                         r  bd_0_i/hls_inst/inst/grp_p_shadowquilt_main_loop_make_verticle_strip_fu_565/grp_makePatch_alignedToLine_fu_1322/grp_alignedtoline_per_layer_loop8_fu_183/grp_p_find_boundaries_and_starting_index_and_value9_fu_922/p_find_left_and_right_boundaries11_U0/p_Result_91_reg_2542_reg[0]/C
                         clock pessimism              0.000    10.483    
                         clock uncertainty           -0.035    10.447    
                         FDRE (Setup_fdre_C_D)        0.041    10.488    bd_0_i/hls_inst/inst/grp_p_shadowquilt_main_loop_make_verticle_strip_fu_565/grp_makePatch_alignedToLine_fu_1322/grp_alignedtoline_per_layer_loop8_fu_183/grp_p_find_boundaries_and_starting_index_and_value9_fu_922/p_find_left_and_right_boundaries11_U0/p_Result_91_reg_2542_reg[0]
  -------------------------------------------------------------------
                         required time                         10.488    
                         arrival time                          -7.308    
  -------------------------------------------------------------------
                         slack                                  3.180    





Min Delay Paths
--------------------------------------------------------------------------------------
Slack (MET) :             0.058ns  (arrival time - required time)
  Source:                 bd_0_i/hls_inst/inst/shadow_bottomL_jR_V_U/system_top_shadow_bottomL_jR_V_ram_U/q1_reg[0]/C
                            (rising edge-triggered cell FDRE clocked by ap_clk  {rise@0.000ns fall@5.000ns period=10.000ns})
  Destination:            bd_0_i/hls_inst/inst/grp_p_shadowquilt_main_loop_make_verticle_strip_fu_565/grp_get_acceptanceCorners_fu_1445/a_corner_list_V_U/system_top_get_acceptanceCorners_a_corner_list_V_ram_U/ram_reg/DIBDI[0]
                            (rising edge-triggered cell RAMB36E1 clocked by ap_clk  {rise@0.000ns fall@5.000ns period=10.000ns})
  Path Group:             ap_clk
  Path Type:              Hold (Min at Fast Process Corner)
  Requirement:            0.000ns  (ap_clk rise@0.000ns - ap_clk rise@0.000ns)
  Data Path Delay:        0.332ns  (logic 0.104ns (31.352%)  route 0.228ns (68.648%))
  Logic Levels:           0  
  Clock Path Skew:        0.016ns (DCD - SCD - CPR)
    Destination Clock Delay (DCD):    0.312ns
    Source Clock Delay      (SCD):    0.296ns
    Clock Pessimism Removal (CPR):    -0.000ns

    Location             Delay type                Incr(ns)  Path(ns)    Netlist Resource(s)
  -------------------------------------------------------------------    -------------------
                         (clock ap_clk rise edge)     0.000     0.000 r  
                                                      0.000     0.000 r  ap_clk (IN)
                         net (fo=16460, unset)        0.296     0.296    bd_0_i/hls_inst/inst/shadow_bottomL_jR_V_U/system_top_shadow_bottomL_jR_V_ram_U/ap_clk
                         FDRE                                         r  bd_0_i/hls_inst/inst/shadow_bottomL_jR_V_U/system_top_shadow_bottomL_jR_V_ram_U/q1_reg[0]/C
  -------------------------------------------------------------------    -------------------
                         FDRE (Prop_fdre_C_Q)         0.104     0.400 r  bd_0_i/hls_inst/inst/shadow_bottomL_jR_V_U/system_top_shadow_bottomL_jR_V_ram_U/q1_reg[0]/Q
                         net (fo=1, unplaced)         0.228     0.628    bd_0_i/hls_inst/inst/grp_p_shadowquilt_main_loop_make_verticle_strip_fu_565/grp_get_acceptanceCorners_fu_1445/a_corner_list_V_U/system_top_get_acceptanceCorners_a_corner_list_V_ram_U/ram_reg_1[0]
                         RAMB36E1                                     r  bd_0_i/hls_inst/inst/grp_p_shadowquilt_main_loop_make_verticle_strip_fu_565/grp_get_acceptanceCorners_fu_1445/a_corner_list_V_U/system_top_get_acceptanceCorners_a_corner_list_V_ram_U/ram_reg/DIBDI[0]
  -------------------------------------------------------------------    -------------------

                         (clock ap_clk rise edge)     0.000     0.000 r  
                                                      0.000     0.000 r  ap_clk (IN)
                         net (fo=16460, unset)        0.312     0.312    bd_0_i/hls_inst/inst/grp_p_shadowquilt_main_loop_make_verticle_strip_fu_565/grp_get_acceptanceCorners_fu_1445/a_corner_list_V_U/system_top_get_acceptanceCorners_a_corner_list_V_ram_U/ap_clk
                         RAMB36E1                                     r  bd_0_i/hls_inst/inst/grp_p_shadowquilt_main_loop_make_verticle_strip_fu_565/grp_get_acceptanceCorners_fu_1445/a_corner_list_V_U/system_top_get_acceptanceCorners_a_corner_list_V_ram_U/ram_reg/CLKBWRCLK
                         clock pessimism              0.000     0.312    
                         RAMB36E1 (Hold_ramb36e1_CLKBWRCLK_DIBDI[0])
                                                      0.258     0.570    bd_0_i/hls_inst/inst/grp_p_shadowquilt_main_loop_make_verticle_strip_fu_565/grp_get_acceptanceCorners_fu_1445/a_corner_list_V_U/system_top_get_acceptanceCorners_a_corner_list_V_ram_U/ram_reg
  -------------------------------------------------------------------
                         required time                         -0.570    
                         arrival time                           0.628    
  -------------------------------------------------------------------
                         slack                                  0.058    





Pulse Width Checks
--------------------------------------------------------------------------------------
Clock Name:         ap_clk
Waveform(ns):       { 0.000 5.000 }
Period(ns):         10.000
Sources:            { ap_clk }

Check Type        Corner  Lib Pin      Reference Pin  Required(ns)  Actual(ns)  Slack(ns)  Location  Pin
Min Period        n/a     DSP48E1/CLK  n/a            2.426         10.000      7.574                bd_0_i/hls_inst/inst/grp_p_shadowquilt_main_loop_make_verticle_strip_fu_565/grp_makePatch_alignedToLine_fu_1322/grp_alignedtoline_per_layer_loop8_fu_183/mul_78s_108ns_185_3_1_U44/system_top_mul_78s_108ns_185_3_1_Multiplier_1_U/buff0_reg__6/CLK
Low Pulse Width   Slow    RAMS32/CLK   n/a            0.674         5.000       4.326                bd_0_i/hls_inst/inst/a_corner_1_V_U/system_top_a_corner_1_V_ram_U/ram_reg_0_3_0_0/SP/CLK
High Pulse Width  Slow    RAMS32/CLK   n/a            0.674         5.000       4.326                bd_0_i/hls_inst/inst/a_corner_1_V_U/system_top_a_corner_1_V_ram_U/ram_reg_0_3_0_0/SP/CLK




INFO: [Timing 38-480] Writing timing data to binary archive.
[Sat Jul 20 20:47:21 2024] Launched impl_1...
Run output will be captured here: C:/Projects/ParticleCoverHLS/solution1/impl/verilog/project.runs/impl_1/runme.log
[Sat Jul 20 20:47:21 2024] Waiting for impl_1 to finish...

*** Running vivado
    with args -log bd_0_wrapper.vdi -applog -m64 -product Vivado -messageDb vivado.pb -mode batch -source bd_0_wrapper.tcl -notrace



****** Vivado v2020.2 (64-bit)
  **** SW Build 3064766 on Wed Nov 18 09:12:45 MST 2020
  **** IP Build 3064653 on Wed Nov 18 14:17:31 MST 2020
    ** Copyright 1986-2020 Xilinx, Inc. All Rights Reserved.

source bd_0_wrapper.tcl -notrace
Command: open_checkpoint C:/Projects/ParticleCoverHLS/solution1/impl/verilog/project.runs/impl_1/bd_0_wrapper.dcp

Starting open_checkpoint Task

Time (s): cpu = 00:00:00 ; elapsed = 00:00:00.029 . Memory (MB): peak = 1109.035 ; gain = 0.000
INFO: [Device 21-403] Loading part xc7z030sbg485-3
Netlist sorting complete. Time (s): cpu = 00:00:00 ; elapsed = 00:00:00.398 . Memory (MB): peak = 1109.035 ; gain = 0.000
INFO: [Netlist 29-17] Analyzing 3527 Unisim elements for replacement
INFO: [Netlist 29-28] Unisim Transformation completed in 1 CPU seconds
INFO: [Project 1-479] Netlist was created with Vivado 2020.2
INFO: [Project 1-570] Preparing netlist for logic optimization
INFO: [Timing 38-478] Restoring timing data from binary archive.
INFO: [Timing 38-479] Binary timing data restore complete.
INFO: [Project 1-856] Restoring constraints from binary archive.
INFO: [Project 1-853] Binary constraint restore complete.
Netlist sorting complete. Time (s): cpu = 00:00:00 ; elapsed = 00:00:00.006 . Memory (MB): peak = 1750.230 ; gain = 0.000
INFO: [Project 1-111] Unisim Transformation Summary:
  A total of 517 instances were transformed.
  RAM16X1D => RAM32X1D (RAMD32(x2)): 128 instances
  RAM16X1S => RAM32X1S (RAMS32): 389 instances

INFO: [Project 1-604] Checkpoint was created with Vivado v2020.2 (64-bit) build 3064766
open_checkpoint: Time (s): cpu = 00:00:12 ; elapsed = 00:00:13 . Memory (MB): peak = 1750.230 ; gain = 641.195
INFO: [IP_Flow 19-234] Refreshing IP repositories
INFO: [IP_Flow 19-1700] Loaded user IP repository 'c:/Projects/ParticleCoverHLS/solution1/impl/ip'.
INFO: [IP_Flow 19-2313] Loaded Vivado IP repository 'C:/Xilinx/Vivado/2020.2/data/ip'.
Command: opt_design
Attempting to get a license for feature 'Implementation' and/or device 'xc7z030'
INFO: [Common 17-349] Got license for feature 'Implementation' and/or device 'xc7z030'
Running DRC as a precondition to command opt_design

Starting DRC Task
INFO: [DRC 23-27] Running DRC with 2 threads
INFO: [Project 1-461] DRC finished with 0 Errors
INFO: [Project 1-462] Please refer to the DRC report (report_drc) for more information.

Time (s): cpu = 00:00:01 ; elapsed = 00:00:00.575 . Memory (MB): peak = 1766.289 ; gain = 16.020

Starting Cache Timing Information Task
Ending Cache Timing Information Task | Checksum: 160556954

Time (s): cpu = 00:00:00 ; elapsed = 00:00:00.027 . Memory (MB): peak = 1766.289 ; gain = 0.000

Starting Logic Optimization Task

Phase 1 Retarget
INFO: [Opt 31-138] Pushed 2 inverter(s) to 18 load pin(s).
INFO: [Opt 31-49] Retargeted 0 cell(s).
Phase 1 Retarget | Checksum: 14044dd48

Time (s): cpu = 00:00:01 ; elapsed = 00:00:01 . Memory (MB): peak = 1955.262 ; gain = 0.117
INFO: [Opt 31-389] Phase Retarget created 82 cells and removed 230 cells

Phase 2 Constant propagation
INFO: [Opt 31-138] Pushed 0 inverter(s) to 0 load pin(s).
Phase 2 Constant propagation | Checksum: 10ab97f4d

Time (s): cpu = 00:00:02 ; elapsed = 00:00:01 . Memory (MB): peak = 1955.262 ; gain = 0.117
INFO: [Opt 31-389] Phase Constant propagation created 95 cells and removed 368 cells

Phase 3 Sweep
Phase 3 Sweep | Checksum: 17e27f2b5

Time (s): cpu = 00:00:02 ; elapsed = 00:00:02 . Memory (MB): peak = 1955.262 ; gain = 0.117
INFO: [Opt 31-389] Phase Sweep created 0 cells and removed 25 cells

Phase 4 BUFG optimization
Phase 4 BUFG optimization | Checksum: 17e27f2b5

Time (s): cpu = 00:00:02 ; elapsed = 00:00:02 . Memory (MB): peak = 1955.262 ; gain = 0.117
INFO: [Opt 31-662] Phase BUFG optimization created 0 cells of which 0 are BUFGs and removed 0 cells.

Phase 5 Shift Register Optimization
INFO: [Opt 31-1064] SRL Remap converted 0 SRLs to 0 registers and converted 0 registers of register chains to 0 SRLs
Phase 5 Shift Register Optimization | Checksum: 17e27f2b5

Time (s): cpu = 00:00:02 ; elapsed = 00:00:02 . Memory (MB): peak = 1955.262 ; gain = 0.117
INFO: [Opt 31-389] Phase Shift Register Optimization created 0 cells and removed 0 cells

Phase 6 Post Processing Netlist
Phase 6 Post Processing Netlist | Checksum: 17e27f2b5

Time (s): cpu = 00:00:02 ; elapsed = 00:00:02 . Memory (MB): peak = 1955.262 ; gain = 0.117
INFO: [Opt 31-389] Phase Post Processing Netlist created 0 cells and removed 0 cells
Opt_design Change Summary
=========================


-------------------------------------------------------------------------------------------------------------------------
|  Phase                        |  #Cells created  |  #Cells Removed  |  #Constrained objects preventing optimizations  |
-------------------------------------------------------------------------------------------------------------------------
|  Retarget                     |              82  |             230  |                                              0  |
|  Constant propagation         |              95  |             368  |                                              0  |
|  Sweep                        |               0  |              25  |                                              0  |
|  BUFG optimization            |               0  |               0  |                                              0  |
|  Shift Register Optimization  |               0  |               0  |                                              0  |
|  Post Processing Netlist      |               0  |               0  |                                              0  |
-------------------------------------------------------------------------------------------------------------------------



Starting Connectivity Check Task

Time (s): cpu = 00:00:00 ; elapsed = 00:00:00.052 . Memory (MB): peak = 1955.262 ; gain = 0.000
Ending Logic Optimization Task | Checksum: c5d8b31c

Time (s): cpu = 00:00:03 ; elapsed = 00:00:03 . Memory (MB): peak = 1955.262 ; gain = 0.117

Starting Power Optimization Task
INFO: [Pwropt 34-132] Skipping clock gating for clocks with a period < 2.00 ns.
INFO: [Pwropt 34-9] Applying IDT optimizations ...
INFO: [Pwropt 34-10] Applying ODC optimizations ...
INFO: [Timing 38-35] Done setting XDC timing constraints.
Running Vector-less Activity Propagation...

Finished Running Vector-less Activity Propagation


Starting PowerOpt Patch Enables Task
INFO: [Pwropt 34-162] WRITE_MODE attribute of 0 BRAM(s) out of a total of 9 has been updated to save power. Run report_power_opt to get a complete listing of the BRAMs updated.
INFO: [Pwropt 34-201] Structural ODC has moved 0 WE to EN ports
Number of BRAM Ports augmented: 0 newly gated: 0 Total Ports: 18
Ending PowerOpt Patch Enables Task | Checksum: c5d8b31c

Time (s): cpu = 00:00:01 ; elapsed = 00:00:00.061 . Memory (MB): peak = 2161.098 ; gain = 0.000
Ending Power Optimization Task | Checksum: c5d8b31c

Time (s): cpu = 00:00:07 ; elapsed = 00:00:03 . Memory (MB): peak = 2161.098 ; gain = 205.836

Starting Final Cleanup Task
Ending Final Cleanup Task | Checksum: c5d8b31c

Time (s): cpu = 00:00:00 ; elapsed = 00:00:00 . Memory (MB): peak = 2161.098 ; gain = 0.000

Starting Netlist Obfuscation Task
Netlist sorting complete. Time (s): cpu = 00:00:00 ; elapsed = 00:00:00.006 . Memory (MB): peak = 2161.098 ; gain = 0.000
Ending Netlist Obfuscation Task | Checksum: c5d8b31c

Time (s): cpu = 00:00:00 ; elapsed = 00:00:00.006 . Memory (MB): peak = 2161.098 ; gain = 0.000
INFO: [Common 17-83] Releasing license: Implementation
35 Infos, 0 Warnings, 0 Critical Warnings and 0 Errors encountered.
opt_design completed successfully
opt_design: Time (s): cpu = 00:00:12 ; elapsed = 00:00:08 . Memory (MB): peak = 2161.098 ; gain = 410.828
INFO: [Timing 38-35] Done setting XDC timing constraints.
INFO: [Timing 38-480] Writing timing data to binary archive.
INFO: [Common 17-1381] The checkpoint 'C:/Projects/ParticleCoverHLS/solution1/impl/verilog/project.runs/impl_1/bd_0_wrapper_opt.dcp' has been generated.
INFO: [runtcl-4] Executing : report_drc -file bd_0_wrapper_drc_opted.rpt -pb bd_0_wrapper_drc_opted.pb -rpx bd_0_wrapper_drc_opted.rpx
Command: report_drc -file bd_0_wrapper_drc_opted.rpt -pb bd_0_wrapper_drc_opted.pb -rpx bd_0_wrapper_drc_opted.rpx
INFO: [IP_Flow 19-1839] IP Catalog is up to date.
WARNING: [Timing 38-242] The property HD.CLK_SRC of clock port "ap_clk" is not set. In out-of-context mode, this prevents timing estimation for clock delay/skew
Resolution: Set the HD.CLK_SRC property of the out-of-context port to the location of the clock buffer instance in the top-level design
INFO: [DRC 23-27] Running DRC with 2 threads
INFO: [Coretcl 2-168] The results of DRC are in file C:/Projects/ParticleCoverHLS/solution1/impl/verilog/project.runs/impl_1/bd_0_wrapper_drc_opted.rpt.
report_drc completed successfully
Command: place_design
Attempting to get a license for feature 'Implementation' and/or device 'xc7z030'
INFO: [Common 17-349] Got license for feature 'Implementation' and/or device 'xc7z030'
INFO: [DRC 23-27] Running DRC with 2 threads
INFO: [Vivado_Tcl 4-198] DRC finished with 0 Errors
INFO: [Vivado_Tcl 4-199] Please refer to the DRC report (report_drc) for more information.
Running DRC as a precondition to command place_design
INFO: [DRC 23-27] Running DRC with 2 threads
INFO: [Vivado_Tcl 4-198] DRC finished with 0 Errors
INFO: [Vivado_Tcl 4-199] Please refer to the DRC report (report_drc) for more information.

Starting Placer Task
INFO: [Place 30-611] Multithreading enabled for place_design using a maximum of 2 CPUs

Phase 1 Placer Initialization

Phase 1.1 Placer Initialization Netlist Sorting
Netlist sorting complete. Time (s): cpu = 00:00:00 ; elapsed = 00:00:00.006 . Memory (MB): peak = 2161.098 ; gain = 0.000
Phase 1.1 Placer Initialization Netlist Sorting | Checksum: a45b9bc7

Time (s): cpu = 00:00:00 ; elapsed = 00:00:00.017 . Memory (MB): peak = 2161.098 ; gain = 0.000
Netlist sorting complete. Time (s): cpu = 00:00:00 ; elapsed = 00:00:00.006 . Memory (MB): peak = 2161.098 ; gain = 0.000

Phase 1.2 IO Placement/ Clock Placement/ Build Placer Device
Phase 1.2 IO Placement/ Clock Placement/ Build Placer Device | Checksum: a62a8a28

Time (s): cpu = 00:00:02 ; elapsed = 00:00:01 . Memory (MB): peak = 2161.098 ; gain = 0.000

Phase 1.3 Build Placer Netlist Model
Phase 1.3 Build Placer Netlist Model | Checksum: d0df071b

Time (s): cpu = 00:00:07 ; elapsed = 00:00:05 . Memory (MB): peak = 2161.699 ; gain = 0.602

Phase 1.4 Constrain Clocks/Macros
Phase 1.4 Constrain Clocks/Macros | Checksum: d0df071b

Time (s): cpu = 00:00:07 ; elapsed = 00:00:05 . Memory (MB): peak = 2161.699 ; gain = 0.602
Phase 1 Placer Initialization | Checksum: d0df071b

Time (s): cpu = 00:00:07 ; elapsed = 00:00:05 . Memory (MB): peak = 2161.699 ; gain = 0.602

Phase 2 Global Placement

Phase 2.1 Floorplanning
Phase 2.1 Floorplanning | Checksum: f4f93b08

Time (s): cpu = 00:00:08 ; elapsed = 00:00:06 . Memory (MB): peak = 2161.699 ; gain = 0.602

Phase 2.2 Update Timing before SLR Path Opt
Phase 2.2 Update Timing before SLR Path Opt | Checksum: 1957a11dc

Time (s): cpu = 00:00:09 ; elapsed = 00:00:06 . Memory (MB): peak = 2161.699 ; gain = 0.602

Phase 2.3 Global Placement Core

Phase 2.3.1 Physical Synthesis In Placer
INFO: [Physopt 32-1035] Found 0 LUTNM shape to break, 1276 LUT instances to create LUTNM shape
INFO: [Physopt 32-1044] Break lutnm for timing: one critical 0, two critical 0, total 0, new lutff created 0
INFO: [Physopt 32-775] End 1 Pass. Optimized 565 nets or cells. Created 0 new cell, deleted 565 existing cells and moved 0 existing cell
INFO: [Physopt 32-65] No nets found for high-fanout optimization.
INFO: [Physopt 32-232] Optimized 0 net. Created 0 new instance.
INFO: [Physopt 32-775] End 1 Pass. Optimized 0 net or cell. Created 0 new cell, deleted 0 existing cell and moved 0 existing cell
INFO: [Physopt 32-670] No setup violation found.  DSP Register Optimization was not performed.
INFO: [Physopt 32-670] No setup violation found.  Shift Register to Pipeline Optimization was not performed.
INFO: [Physopt 32-670] No setup violation found.  Shift Register Optimization was not performed.
INFO: [Physopt 32-670] No setup violation found.  BRAM Register Optimization was not performed.
INFO: [Physopt 32-670] No setup violation found.  URAM Register Optimization was not performed.
INFO: [Physopt 32-949] No candidate nets found for dynamic/static region interface net replication
INFO: [Physopt 32-775] End 1 Pass. Optimized 0 net or cell. Created 0 new cell, deleted 0 existing cell and moved 0 existing cell
Netlist sorting complete. Time (s): cpu = 00:00:00 ; elapsed = 00:00:00.006 . Memory (MB): peak = 2161.699 ; gain = 0.000

Summary of Physical Synthesis Optimizations
============================================


-----------------------------------------------------------------------------------------------------------------------------------------------------------
|  Optimization                                     |  Added Cells  |  Removed Cells  |  Optimized Cells/Nets  |  Dont Touch  |  Iterations  |  Elapsed   |
-----------------------------------------------------------------------------------------------------------------------------------------------------------
|  LUT Combining                                    |            0  |            565  |                   565  |           0  |           1  |  00:00:00  |
|  Very High Fanout                                 |            0  |              0  |                     0  |           0  |           1  |  00:00:00  |
|  DSP Register                                     |            0  |              0  |                     0  |           0  |           0  |  00:00:00  |
|  Shift Register to Pipeline                       |            0  |              0  |                     0  |           0  |           0  |  00:00:00  |
|  Shift Register                                   |            0  |              0  |                     0  |           0  |           0  |  00:00:00  |
|  BRAM Register                                    |            0  |              0  |                     0  |           0  |           0  |  00:00:00  |
|  URAM Register                                    |            0  |              0  |                     0  |           0  |           0  |  00:00:00  |
|  Dynamic/Static Region Interface Net Replication  |            0  |              0  |                     0  |           0  |           1  |  00:00:00  |
|  Total                                            |            0  |            565  |                   565  |           0  |           3  |  00:00:00  |
-----------------------------------------------------------------------------------------------------------------------------------------------------------


Phase 2.3.1 Physical Synthesis In Placer | Checksum: 191a53585

Time (s): cpu = 00:00:25 ; elapsed = 00:00:15 . Memory (MB): peak = 2161.699 ; gain = 0.602
Phase 2.3 Global Placement Core | Checksum: 7ed207e9

Time (s): cpu = 00:00:25 ; elapsed = 00:00:15 . Memory (MB): peak = 2161.699 ; gain = 0.602
Phase 2 Global Placement | Checksum: 7ed207e9

Time (s): cpu = 00:00:25 ; elapsed = 00:00:15 . Memory (MB): peak = 2161.699 ; gain = 0.602

Phase 3 Detail Placement

Phase 3.1 Commit Multi Column Macros
Phase 3.1 Commit Multi Column Macros | Checksum: 118c63519

Time (s): cpu = 00:00:27 ; elapsed = 00:00:16 . Memory (MB): peak = 2161.699 ; gain = 0.602

Phase 3.2 Commit Most Macros & LUTRAMs
Phase 3.2 Commit Most Macros & LUTRAMs | Checksum: d11a7ae6

Time (s): cpu = 00:00:30 ; elapsed = 00:00:18 . Memory (MB): peak = 2161.699 ; gain = 0.602

Phase 3.3 Area Swap Optimization
Phase 3.3 Area Swap Optimization | Checksum: 129d306db

Time (s): cpu = 00:00:30 ; elapsed = 00:00:18 . Memory (MB): peak = 2161.699 ; gain = 0.602

Phase 3.4 Pipeline Register Optimization
Phase 3.4 Pipeline Register Optimization | Checksum: 1211ddae7

Time (s): cpu = 00:00:30 ; elapsed = 00:00:18 . Memory (MB): peak = 2161.699 ; gain = 0.602

Phase 3.5 Small Shape Detail Placement
Phase 3.5 Small Shape Detail Placement | Checksum: 12213e873

Time (s): cpu = 00:00:34 ; elapsed = 00:00:22 . Memory (MB): peak = 2161.699 ; gain = 0.602

Phase 3.6 Re-assign LUT pins
Phase 3.6 Re-assign LUT pins | Checksum: 1034a0a02

Time (s): cpu = 00:00:35 ; elapsed = 00:00:24 . Memory (MB): peak = 2161.699 ; gain = 0.602

Phase 3.7 Pipeline Register Optimization
Phase 3.7 Pipeline Register Optimization | Checksum: 126fa2c3d

Time (s): cpu = 00:00:35 ; elapsed = 00:00:24 . Memory (MB): peak = 2161.699 ; gain = 0.602
Phase 3 Detail Placement | Checksum: 126fa2c3d

Time (s): cpu = 00:00:35 ; elapsed = 00:00:24 . Memory (MB): peak = 2161.699 ; gain = 0.602

Phase 4 Post Placement Optimization and Clean-Up

Phase 4.1 Post Commit Optimization
INFO: [Timing 38-35] Done setting XDC timing constraints.

Phase 4.1.1 Post Placement Optimization
Post Placement Optimization Initialization | Checksum: 13d63c4bc

Phase 4.1.1.1 BUFG Insertion

Starting Physical Synthesis Task

Phase 1 Physical Synthesis Initialization
INFO: [Physopt 32-721] Multithreading enabled for phys_opt_design using a maximum of 2 CPUs
INFO: [Physopt 32-619] Estimated Timing Summary | WNS=1.885 | TNS=0.000 |
Phase 1 Physical Synthesis Initialization | Checksum: 138c4129a

Time (s): cpu = 00:00:01 ; elapsed = 00:00:00.530 . Memory (MB): peak = 2179.035 ; gain = 0.000
INFO: [Place 46-33] Processed net bd_0_i/hls_inst/inst/grp_p_shadowquilt_main_loop_make_verticle_strip_fu_565/grp_get_acceptanceCorners_fu_1445/ap_CS_fsm_reg[184], BUFG insertion was skipped due to placement/routing conflicts.
INFO: [Place 46-56] BUFG insertion identified 1 candidate nets. Inserted BUFG: 0, Replicated BUFG Driver: 0, Skipped due to Placement/Routing Conflicts: 1, Skipped due to Timing Degradation: 0, Skipped due to Illegal Netlist: 0.
Ending Physical Synthesis Task | Checksum: 1406bd546

Time (s): cpu = 00:00:01 ; elapsed = 00:00:00.651 . Memory (MB): peak = 2179.035 ; gain = 0.000
Phase 4.1.1.1 BUFG Insertion | Checksum: 13d63c4bc

Time (s): cpu = 00:00:41 ; elapsed = 00:00:28 . Memory (MB): peak = 2179.035 ; gain = 17.938
INFO: [Place 30-746] Post Placement Timing Summary WNS=1.885. For the most accurate timing information please run report_timing.

Time (s): cpu = 00:00:41 ; elapsed = 00:00:28 . Memory (MB): peak = 2179.035 ; gain = 17.938
Phase 4.1 Post Commit Optimization | Checksum: 18447fc8e

Time (s): cpu = 00:00:41 ; elapsed = 00:00:28 . Memory (MB): peak = 2179.035 ; gain = 17.938

Phase 4.2 Post Placement Cleanup
Phase 4.2 Post Placement Cleanup | Checksum: 18447fc8e

Time (s): cpu = 00:00:41 ; elapsed = 00:00:28 . Memory (MB): peak = 2179.035 ; gain = 17.938

Phase 4.3 Placer Reporting

Phase 4.3.1 Print Estimated Congestion
INFO: [Place 30-612] Post-Placement Estimated Congestion 
 ____________________________________________________
|           | Global Congestion | Short Congestion  |
| Direction | Region Size       | Region Size       |
|___________|___________________|___________________|
|      North|                2x2|                4x4|
|___________|___________________|___________________|
|      South|                1x1|                2x2|
|___________|___________________|___________________|
|       East|                1x1|                2x2|
|___________|___________________|___________________|
|       West|                1x1|                4x4|
|___________|___________________|___________________|

Phase 4.3.1 Print Estimated Congestion | Checksum: 18447fc8e

Time (s): cpu = 00:00:41 ; elapsed = 00:00:28 . Memory (MB): peak = 2179.035 ; gain = 17.938
Phase 4.3 Placer Reporting | Checksum: 18447fc8e

Time (s): cpu = 00:00:41 ; elapsed = 00:00:29 . Memory (MB): peak = 2179.035 ; gain = 17.938

Phase 4.4 Final Placement Cleanup
Netlist sorting complete. Time (s): cpu = 00:00:00 ; elapsed = 00:00:00.007 . Memory (MB): peak = 2179.035 ; gain = 0.000

Time (s): cpu = 00:00:41 ; elapsed = 00:00:29 . Memory (MB): peak = 2179.035 ; gain = 17.938
Phase 4 Post Placement Optimization and Clean-Up | Checksum: b0964241

Time (s): cpu = 00:00:42 ; elapsed = 00:00:29 . Memory (MB): peak = 2179.035 ; gain = 17.938
Ending Placer Task | Checksum: 4b3d03a4

Time (s): cpu = 00:00:42 ; elapsed = 00:00:29 . Memory (MB): peak = 2179.035 ; gain = 17.938
INFO: [Common 17-83] Releasing license: Implementation
71 Infos, 1 Warnings, 0 Critical Warnings and 0 Errors encountered.
place_design completed successfully
place_design: Time (s): cpu = 00:00:44 ; elapsed = 00:00:30 . Memory (MB): peak = 2179.035 ; gain = 17.938
INFO: [Timing 38-480] Writing timing data to binary archive.
Writing placer database...
Writing XDEF routing.
Writing XDEF routing logical nets.
Writing XDEF routing special nets.
Write XDEF Complete: Time (s): cpu = 00:00:04 ; elapsed = 00:00:01 . Memory (MB): peak = 2185.688 ; gain = 6.652
INFO: [Common 17-1381] The checkpoint 'C:/Projects/ParticleCoverHLS/solution1/impl/verilog/project.runs/impl_1/bd_0_wrapper_placed.dcp' has been generated.
INFO: [runtcl-4] Executing : report_io -file bd_0_wrapper_io_placed.rpt
report_io: Time (s): cpu = 00:00:00 ; elapsed = 00:00:00.020 . Memory (MB): peak = 2185.688 ; gain = 0.000
INFO: [runtcl-4] Executing : report_utilization -file bd_0_wrapper_utilization_placed.rpt -pb bd_0_wrapper_utilization_placed.pb
INFO: [runtcl-4] Executing : report_control_sets -verbose -file bd_0_wrapper_control_sets_placed.rpt
report_control_sets: Time (s): cpu = 00:00:00 ; elapsed = 00:00:00.039 . Memory (MB): peak = 2185.688 ; gain = 0.000
Command: phys_opt_design
Attempting to get a license for feature 'Implementation' and/or device 'xc7z030'
INFO: [Common 17-349] Got license for feature 'Implementation' and/or device 'xc7z030'
INFO: [Vivado_Tcl 4-383] Design worst setup slack (WNS) is greater than or equal to 0.000 ns. Skipping all physical synthesis optimizations.
INFO: [Vivado_Tcl 4-232] No setup violation found. The netlist was not modified.
INFO: [Common 17-83] Releasing license: Implementation
80 Infos, 1 Warnings, 0 Critical Warnings and 0 Errors encountered.
phys_opt_design completed successfully
INFO: [Timing 38-480] Writing timing data to binary archive.
Writing placer database...
Writing XDEF routing.
Writing XDEF routing logical nets.
Writing XDEF routing special nets.
Write XDEF Complete: Time (s): cpu = 00:00:04 ; elapsed = 00:00:01 . Memory (MB): peak = 2207.711 ; gain = 20.398
INFO: [Common 17-1381] The checkpoint 'C:/Projects/ParticleCoverHLS/solution1/impl/verilog/project.runs/impl_1/bd_0_wrapper_physopt.dcp' has been generated.
Command: route_design
Attempting to get a license for feature 'Implementation' and/or device 'xc7z030'
INFO: [Common 17-349] Got license for feature 'Implementation' and/or device 'xc7z030'
Running DRC as a precondition to command route_design
WARNING: [Timing 38-242] The property HD.CLK_SRC of clock port "ap_clk" is not set. In out-of-context mode, this prevents timing estimation for clock delay/skew
Resolution: Set the HD.CLK_SRC property of the out-of-context port to the location of the clock buffer instance in the top-level design
INFO: [DRC 23-27] Running DRC with 2 threads
INFO: [Vivado_Tcl 4-198] DRC finished with 0 Errors
INFO: [Vivado_Tcl 4-199] Please refer to the DRC report (report_drc) for more information.


Starting Routing Task
INFO: [Route 35-254] Multithreading enabled for route_design using a maximum of 2 CPUs
Checksum: PlaceDB: 261cc977 ConstDB: 0 ShapeSum: 25203a2d RouteDB: 0

Phase 1 Build RT Design
WARNING: [Route 35-197] Clock port "ap_clk" does not have an associated HD.CLK_SRC. Without this constraint, timing analysis may not be accurate and upstream checks cannot be done to ensure correct clock placement.
WARNING: [Route 35-198] Port "ap_rst" does not have an associated HD.PARTPIN_LOCS, which will prevent the partial routing of the signal "ap_rst". Without this partial route, timing analysis to/from this port will not be accurate, and no routing information for this port can be exported.
WARNING: [Route 35-198] Port "num_points_q0[0]" does not have an associated HD.PARTPIN_LOCS, which will prevent the partial routing of the signal "num_points_q0[0]". Without this partial route, timing analysis to/from this port will not be accurate, and no routing information for this port can be exported.
WARNING: [Route 35-198] Port "num_points_q0[4]" does not have an associated HD.PARTPIN_LOCS, which will prevent the partial routing of the signal "num_points_q0[4]". Without this partial route, timing analysis to/from this port will not be accurate, and no routing information for this port can be exported.
WARNING: [Route 35-198] Port "num_points_q0[3]" does not have an associated HD.PARTPIN_LOCS, which will prevent the partial routing of the signal "num_points_q0[3]". Without this partial route, timing analysis to/from this port will not be accurate, and no routing information for this port can be exported.
WARNING: [Route 35-198] Port "num_points_q0[2]" does not have an associated HD.PARTPIN_LOCS, which will prevent the partial routing of the signal "num_points_q0[2]". Without this partial route, timing analysis to/from this port will not be accurate, and no routing information for this port can be exported.
WARNING: [Route 35-198] Port "num_points_q0[1]" does not have an associated HD.PARTPIN_LOCS, which will prevent the partial routing of the signal "num_points_q0[1]". Without this partial route, timing analysis to/from this port will not be accurate, and no routing information for this port can be exported.
WARNING: [Route 35-198] Port "num_points_q0[8]" does not have an associated HD.PARTPIN_LOCS, which will prevent the partial routing of the signal "num_points_q0[8]". Without this partial route, timing analysis to/from this port will not be accurate, and no routing information for this port can be exported.
WARNING: [Route 35-198] Port "num_points_q0[7]" does not have an associated HD.PARTPIN_LOCS, which will prevent the partial routing of the signal "num_points_q0[7]". Without this partial route, timing analysis to/from this port will not be accurate, and no routing information for this port can be exported.
WARNING: [Route 35-198] Port "num_points_q0[6]" does not have an associated HD.PARTPIN_LOCS, which will prevent the partial routing of the signal "num_points_q0[6]". Without this partial route, timing analysis to/from this port will not be accurate, and no routing information for this port can be exported.
WARNING: [Route 35-198] Port "num_points_q0[5]" does not have an associated HD.PARTPIN_LOCS, which will prevent the partial routing of the signal "num_points_q0[5]". Without this partial route, timing analysis to/from this port will not be accurate, and no routing information for this port can be exported.
WARNING: [Route 35-198] Port "num_points_q0[12]" does not have an associated HD.PARTPIN_LOCS, which will prevent the partial routing of the signal "num_points_q0[12]". Without this partial route, timing analysis to/from this port will not be accurate, and no routing information for this port can be exported.
WARNING: [Route 35-198] Port "num_points_q0[11]" does not have an associated HD.PARTPIN_LOCS, which will prevent the partial routing of the signal "num_points_q0[11]". Without this partial route, timing analysis to/from this port will not be accurate, and no routing information for this port can be exported.
WARNING: [Route 35-198] Port "num_points_q0[10]" does not have an associated HD.PARTPIN_LOCS, which will prevent the partial routing of the signal "num_points_q0[10]". Without this partial route, timing analysis to/from this port will not be accurate, and no routing information for this port can be exported.
WARNING: [Route 35-198] Port "num_points_q0[9]" does not have an associated HD.PARTPIN_LOCS, which will prevent the partial routing of the signal "num_points_q0[9]". Without this partial route, timing analysis to/from this port will not be accurate, and no routing information for this port can be exported.
WARNING: [Route 35-198] Port "num_points_q0[16]" does not have an associated HD.PARTPIN_LOCS, which will prevent the partial routing of the signal "num_points_q0[16]". Without this partial route, timing analysis to/from this port will not be accurate, and no routing information for this port can be exported.
WARNING: [Route 35-198] Port "num_points_q0[15]" does not have an associated HD.PARTPIN_LOCS, which will prevent the partial routing of the signal "num_points_q0[15]". Without this partial route, timing analysis to/from this port will not be accurate, and no routing information for this port can be exported.
WARNING: [Route 35-198] Port "num_points_q0[14]" does not have an associated HD.PARTPIN_LOCS, which will prevent the partial routing of the signal "num_points_q0[14]". Without this partial route, timing analysis to/from this port will not be accurate, and no routing information for this port can be exported.
WARNING: [Route 35-198] Port "num_points_q0[13]" does not have an associated HD.PARTPIN_LOCS, which will prevent the partial routing of the signal "num_points_q0[13]". Without this partial route, timing analysis to/from this port will not be accurate, and no routing information for this port can be exported.
WARNING: [Route 35-198] Port "num_points_q0[20]" does not have an associated HD.PARTPIN_LOCS, which will prevent the partial routing of the signal "num_points_q0[20]". Without this partial route, timing analysis to/from this port will not be accurate, and no routing information for this port can be exported.
WARNING: [Route 35-198] Port "num_points_q0[19]" does not have an associated HD.PARTPIN_LOCS, which will prevent the partial routing of the signal "num_points_q0[19]". Without this partial route, timing analysis to/from this port will not be accurate, and no routing information for this port can be exported.
WARNING: [Route 35-198] Port "num_points_q0[18]" does not have an associated HD.PARTPIN_LOCS, which will prevent the partial routing of the signal "num_points_q0[18]". Without this partial route, timing analysis to/from this port will not be accurate, and no routing information for this port can be exported.
WARNING: [Route 35-198] Port "num_points_q0[17]" does not have an associated HD.PARTPIN_LOCS, which will prevent the partial routing of the signal "num_points_q0[17]". Without this partial route, timing analysis to/from this port will not be accurate, and no routing information for this port can be exported.
WARNING: [Route 35-198] Port "num_points_q0[24]" does not have an associated HD.PARTPIN_LOCS, which will prevent the partial routing of the signal "num_points_q0[24]". Without this partial route, timing analysis to/from this port will not be accurate, and no routing information for this port can be exported.
WARNING: [Route 35-198] Port "num_points_q0[23]" does not have an associated HD.PARTPIN_LOCS, which will prevent the partial routing of the signal "num_points_q0[23]". Without this partial route, timing analysis to/from this port will not be accurate, and no routing information for this port can be exported.
WARNING: [Route 35-198] Port "num_points_q0[22]" does not have an associated HD.PARTPIN_LOCS, which will prevent the partial routing of the signal "num_points_q0[22]". Without this partial route, timing analysis to/from this port will not be accurate, and no routing information for this port can be exported.
WARNING: [Route 35-198] Port "num_points_q0[21]" does not have an associated HD.PARTPIN_LOCS, which will prevent the partial routing of the signal "num_points_q0[21]". Without this partial route, timing analysis to/from this port will not be accurate, and no routing information for this port can be exported.
WARNING: [Route 35-198] Port "num_points_q0[28]" does not have an associated HD.PARTPIN_LOCS, which will prevent the partial routing of the signal "num_points_q0[28]". Without this partial route, timing analysis to/from this port will not be accurate, and no routing information for this port can be exported.
WARNING: [Route 35-198] Port "num_points_q0[27]" does not have an associated HD.PARTPIN_LOCS, which will prevent the partial routing of the signal "num_points_q0[27]". Without this partial route, timing analysis to/from this port will not be accurate, and no routing information for this port can be exported.
WARNING: [Route 35-198] Port "num_points_q0[26]" does not have an associated HD.PARTPIN_LOCS, which will prevent the partial routing of the signal "num_points_q0[26]". Without this partial route, timing analysis to/from this port will not be accurate, and no routing information for this port can be exported.
WARNING: [Route 35-198] Port "num_points_q0[25]" does not have an associated HD.PARTPIN_LOCS, which will prevent the partial routing of the signal "num_points_q0[25]". Without this partial route, timing analysis to/from this port will not be accurate, and no routing information for this port can be exported.
WARNING: [Route 35-198] Port "num_points_q0[31]" does not have an associated HD.PARTPIN_LOCS, which will prevent the partial routing of the signal "num_points_q0[31]". Without this partial route, timing analysis to/from this port will not be accurate, and no routing information for this port can be exported.
WARNING: [Route 35-198] Port "num_points_q0[30]" does not have an associated HD.PARTPIN_LOCS, which will prevent the partial routing of the signal "num_points_q0[30]". Without this partial route, timing analysis to/from this port will not be accurate, and no routing information for this port can be exported.
WARNING: [Route 35-198] Port "num_points_q0[29]" does not have an associated HD.PARTPIN_LOCS, which will prevent the partial routing of the signal "num_points_q0[29]". Without this partial route, timing analysis to/from this port will not be accurate, and no routing information for this port can be exported.
WARNING: [Route 35-198] Port "points_q0[3]" does not have an associated HD.PARTPIN_LOCS, which will prevent the partial routing of the signal "points_q0[3]". Without this partial route, timing analysis to/from this port will not be accurate, and no routing information for this port can be exported.
WARNING: [Route 35-198] Port "points_q0[2]" does not have an associated HD.PARTPIN_LOCS, which will prevent the partial routing of the signal "points_q0[2]". Without this partial route, timing analysis to/from this port will not be accurate, and no routing information for this port can be exported.
WARNING: [Route 35-198] Port "points_q0[1]" does not have an associated HD.PARTPIN_LOCS, which will prevent the partial routing of the signal "points_q0[1]". Without this partial route, timing analysis to/from this port will not be accurate, and no routing information for this port can be exported.
WARNING: [Route 35-198] Port "points_q0[7]" does not have an associated HD.PARTPIN_LOCS, which will prevent the partial routing of the signal "points_q0[7]". Without this partial route, timing analysis to/from this port will not be accurate, and no routing information for this port can be exported.
WARNING: [Route 35-198] Port "points_q0[6]" does not have an associated HD.PARTPIN_LOCS, which will prevent the partial routing of the signal "points_q0[6]". Without this partial route, timing analysis to/from this port will not be accurate, and no routing information for this port can be exported.
WARNING: [Route 35-198] Port "points_q0[5]" does not have an associated HD.PARTPIN_LOCS, which will prevent the partial routing of the signal "points_q0[5]". Without this partial route, timing analysis to/from this port will not be accurate, and no routing information for this port can be exported.
WARNING: [Route 35-198] Port "points_q0[4]" does not have an associated HD.PARTPIN_LOCS, which will prevent the partial routing of the signal "points_q0[4]". Without this partial route, timing analysis to/from this port will not be accurate, and no routing information for this port can be exported.
WARNING: [Route 35-198] Port "points_q0[11]" does not have an associated HD.PARTPIN_LOCS, which will prevent the partial routing of the signal "points_q0[11]". Without this partial route, timing analysis to/from this port will not be accurate, and no routing information for this port can be exported.
WARNING: [Route 35-198] Port "points_q0[10]" does not have an associated HD.PARTPIN_LOCS, which will prevent the partial routing of the signal "points_q0[10]". Without this partial route, timing analysis to/from this port will not be accurate, and no routing information for this port can be exported.
WARNING: [Route 35-198] Port "points_q0[9]" does not have an associated HD.PARTPIN_LOCS, which will prevent the partial routing of the signal "points_q0[9]". Without this partial route, timing analysis to/from this port will not be accurate, and no routing information for this port can be exported.
WARNING: [Route 35-198] Port "points_q0[8]" does not have an associated HD.PARTPIN_LOCS, which will prevent the partial routing of the signal "points_q0[8]". Without this partial route, timing analysis to/from this port will not be accurate, and no routing information for this port can be exported.
WARNING: [Route 35-198] Port "points_q0[15]" does not have an associated HD.PARTPIN_LOCS, which will prevent the partial routing of the signal "points_q0[15]". Without this partial route, timing analysis to/from this port will not be accurate, and no routing information for this port can be exported.
WARNING: [Route 35-198] Port "points_q0[14]" does not have an associated HD.PARTPIN_LOCS, which will prevent the partial routing of the signal "points_q0[14]". Without this partial route, timing analysis to/from this port will not be accurate, and no routing information for this port can be exported.
WARNING: [Route 35-198] Port "points_q0[13]" does not have an associated HD.PARTPIN_LOCS, which will prevent the partial routing of the signal "points_q0[13]". Without this partial route, timing analysis to/from this port will not be accurate, and no routing information for this port can be exported.
WARNING: [Route 35-198] Port "points_q0[12]" does not have an associated HD.PARTPIN_LOCS, which will prevent the partial routing of the signal "points_q0[12]". Without this partial route, timing analysis to/from this port will not be accurate, and no routing information for this port can be exported.
WARNING: [Route 35-198] Port "points_q0[19]" does not have an associated HD.PARTPIN_LOCS, which will prevent the partial routing of the signal "points_q0[19]". Without this partial route, timing analysis to/from this port will not be accurate, and no routing information for this port can be exported.
WARNING: [Route 35-198] Port "points_q0[18]" does not have an associated HD.PARTPIN_LOCS, which will prevent the partial routing of the signal "points_q0[18]". Without this partial route, timing analysis to/from this port will not be accurate, and no routing information for this port can be exported.
WARNING: [Route 35-198] Port "points_q0[17]" does not have an associated HD.PARTPIN_LOCS, which will prevent the partial routing of the signal "points_q0[17]". Without this partial route, timing analysis to/from this port will not be accurate, and no routing information for this port can be exported.
WARNING: [Route 35-198] Port "points_q0[16]" does not have an associated HD.PARTPIN_LOCS, which will prevent the partial routing of the signal "points_q0[16]". Without this partial route, timing analysis to/from this port will not be accurate, and no routing information for this port can be exported.
WARNING: [Route 35-198] Port "points_q0[23]" does not have an associated HD.PARTPIN_LOCS, which will prevent the partial routing of the signal "points_q0[23]". Without this partial route, timing analysis to/from this port will not be accurate, and no routing information for this port can be exported.
WARNING: [Route 35-198] Port "points_q0[22]" does not have an associated HD.PARTPIN_LOCS, which will prevent the partial routing of the signal "points_q0[22]". Without this partial route, timing analysis to/from this port will not be accurate, and no routing information for this port can be exported.
WARNING: [Route 35-198] Port "points_q0[21]" does not have an associated HD.PARTPIN_LOCS, which will prevent the partial routing of the signal "points_q0[21]". Without this partial route, timing analysis to/from this port will not be accurate, and no routing information for this port can be exported.
WARNING: [Route 35-198] Port "points_q0[20]" does not have an associated HD.PARTPIN_LOCS, which will prevent the partial routing of the signal "points_q0[20]". Without this partial route, timing analysis to/from this port will not be accurate, and no routing information for this port can be exported.
WARNING: [Route 35-198] Port "points_q0[27]" does not have an associated HD.PARTPIN_LOCS, which will prevent the partial routing of the signal "points_q0[27]". Without this partial route, timing analysis to/from this port will not be accurate, and no routing information for this port can be exported.
WARNING: [Route 35-198] Port "points_q0[26]" does not have an associated HD.PARTPIN_LOCS, which will prevent the partial routing of the signal "points_q0[26]". Without this partial route, timing analysis to/from this port will not be accurate, and no routing information for this port can be exported.
WARNING: [Route 35-198] Port "points_q0[25]" does not have an associated HD.PARTPIN_LOCS, which will prevent the partial routing of the signal "points_q0[25]". Without this partial route, timing analysis to/from this port will not be accurate, and no routing information for this port can be exported.
WARNING: [Route 35-198] Port "points_q0[24]" does not have an associated HD.PARTPIN_LOCS, which will prevent the partial routing of the signal "points_q0[24]". Without this partial route, timing analysis to/from this port will not be accurate, and no routing information for this port can be exported.
WARNING: [Route 35-198] Port "points_q0[28]" does not have an associated HD.PARTPIN_LOCS, which will prevent the partial routing of the signal "points_q0[28]". Without this partial route, timing analysis to/from this port will not be accurate, and no routing information for this port can be exported.
WARNING: [Route 35-198] Port "points_q0[31]" does not have an associated HD.PARTPIN_LOCS, which will prevent the partial routing of the signal "points_q0[31]". Without this partial route, timing analysis to/from this port will not be accurate, and no routing information for this port can be exported.
WARNING: [Route 35-198] Port "points_q0[30]" does not have an associated HD.PARTPIN_LOCS, which will prevent the partial routing of the signal "points_q0[30]". Without this partial route, timing analysis to/from this port will not be accurate, and no routing information for this port can be exported.
WARNING: [Route 35-198] Port "points_q0[29]" does not have an associated HD.PARTPIN_LOCS, which will prevent the partial routing of the signal "points_q0[29]". Without this partial route, timing analysis to/from this port will not be accurate, and no routing information for this port can be exported.
WARNING: [Route 35-198] Port "points_q1[12]" does not have an associated HD.PARTPIN_LOCS, which will prevent the partial routing of the signal "points_q1[12]". Without this partial route, timing analysis to/from this port will not be accurate, and no routing information for this port can be exported.
WARNING: [Route 35-198] Port "points_q1[20]" does not have an associated HD.PARTPIN_LOCS, which will prevent the partial routing of the signal "points_q1[20]". Without this partial route, timing analysis to/from this port will not be accurate, and no routing information for this port can be exported.
WARNING: [Route 35-198] Port "points_q1[26]" does not have an associated HD.PARTPIN_LOCS, which will prevent the partial routing of the signal "points_q1[26]". Without this partial route, timing analysis to/from this port will not be accurate, and no routing information for this port can be exported.
WARNING: [Route 35-198] Port "points_q1[31]" does not have an associated HD.PARTPIN_LOCS, which will prevent the partial routing of the signal "points_q1[31]". Without this partial route, timing analysis to/from this port will not be accurate, and no routing information for this port can be exported.
WARNING: [Route 35-198] Port "points_q0[0]" does not have an associated HD.PARTPIN_LOCS, which will prevent the partial routing of the signal "points_q0[0]". Without this partial route, timing analysis to/from this port will not be accurate, and no routing information for this port can be exported.
WARNING: [Route 35-198] Port "points_q1[24]" does not have an associated HD.PARTPIN_LOCS, which will prevent the partial routing of the signal "points_q1[24]". Without this partial route, timing analysis to/from this port will not be accurate, and no routing information for this port can be exported.
WARNING: [Route 35-198] Port "points_q1[27]" does not have an associated HD.PARTPIN_LOCS, which will prevent the partial routing of the signal "points_q1[27]". Without this partial route, timing analysis to/from this port will not be accurate, and no routing information for this port can be exported.
WARNING: [Route 35-198] Port "points_q1[28]" does not have an associated HD.PARTPIN_LOCS, which will prevent the partial routing of the signal "points_q1[28]". Without this partial route, timing analysis to/from this port will not be accurate, and no routing information for this port can be exported.
WARNING: [Route 35-198] Port "points_q1[29]" does not have an associated HD.PARTPIN_LOCS, which will prevent the partial routing of the signal "points_q1[29]". Without this partial route, timing analysis to/from this port will not be accurate, and no routing information for this port can be exported.
WARNING: [Route 35-198] Port "points_q1[30]" does not have an associated HD.PARTPIN_LOCS, which will prevent the partial routing of the signal "points_q1[30]". Without this partial route, timing analysis to/from this port will not be accurate, and no routing information for this port can be exported.
WARNING: [Route 35-198] Port "num_points_q1[0]" does not have an associated HD.PARTPIN_LOCS, which will prevent the partial routing of the signal "num_points_q1[0]". Without this partial route, timing analysis to/from this port will not be accurate, and no routing information for this port can be exported.
WARNING: [Route 35-198] Port "num_points_q1[10]" does not have an associated HD.PARTPIN_LOCS, which will prevent the partial routing of the signal "num_points_q1[10]". Without this partial route, timing analysis to/from this port will not be accurate, and no routing information for this port can be exported.
WARNING: [Route 35-198] Port "num_points_q1[11]" does not have an associated HD.PARTPIN_LOCS, which will prevent the partial routing of the signal "num_points_q1[11]". Without this partial route, timing analysis to/from this port will not be accurate, and no routing information for this port can be exported.
WARNING: [Route 35-198] Port "num_points_q1[4]" does not have an associated HD.PARTPIN_LOCS, which will prevent the partial routing of the signal "num_points_q1[4]". Without this partial route, timing analysis to/from this port will not be accurate, and no routing information for this port can be exported.
WARNING: [Route 35-198] Port "num_points_q1[21]" does not have an associated HD.PARTPIN_LOCS, which will prevent the partial routing of the signal "num_points_q1[21]". Without this partial route, timing analysis to/from this port will not be accurate, and no routing information for this port can be exported.
WARNING: [Route 35-198] Port "num_points_q1[22]" does not have an associated HD.PARTPIN_LOCS, which will prevent the partial routing of the signal "num_points_q1[22]". Without this partial route, timing analysis to/from this port will not be accurate, and no routing information for this port can be exported.
WARNING: [Route 35-198] Port "num_points_q1[24]" does not have an associated HD.PARTPIN_LOCS, which will prevent the partial routing of the signal "num_points_q1[24]". Without this partial route, timing analysis to/from this port will not be accurate, and no routing information for this port can be exported.
WARNING: [Route 35-198] Port "num_points_q1[12]" does not have an associated HD.PARTPIN_LOCS, which will prevent the partial routing of the signal "num_points_q1[12]". Without this partial route, timing analysis to/from this port will not be accurate, and no routing information for this port can be exported.
WARNING: [Route 35-198] Port "num_points_q1[5]" does not have an associated HD.PARTPIN_LOCS, which will prevent the partial routing of the signal "num_points_q1[5]". Without this partial route, timing analysis to/from this port will not be accurate, and no routing information for this port can be exported.
WARNING: [Route 35-198] Port "num_points_q1[6]" does not have an associated HD.PARTPIN_LOCS, which will prevent the partial routing of the signal "num_points_q1[6]". Without this partial route, timing analysis to/from this port will not be accurate, and no routing information for this port can be exported.
WARNING: [Route 35-198] Port "num_points_q1[7]" does not have an associated HD.PARTPIN_LOCS, which will prevent the partial routing of the signal "num_points_q1[7]". Without this partial route, timing analysis to/from this port will not be accurate, and no routing information for this port can be exported.
WARNING: [Route 35-198] Port "num_points_q1[8]" does not have an associated HD.PARTPIN_LOCS, which will prevent the partial routing of the signal "num_points_q1[8]". Without this partial route, timing analysis to/from this port will not be accurate, and no routing information for this port can be exported.
WARNING: [Route 35-198] Port "num_points_q1[16]" does not have an associated HD.PARTPIN_LOCS, which will prevent the partial routing of the signal "num_points_q1[16]". Without this partial route, timing analysis to/from this port will not be accurate, and no routing information for this port can be exported.
WARNING: [Route 35-198] Port "num_points_q1[18]" does not have an associated HD.PARTPIN_LOCS, which will prevent the partial routing of the signal "num_points_q1[18]". Without this partial route, timing analysis to/from this port will not be accurate, and no routing information for this port can be exported.
WARNING: [Route 35-198] Port "num_points_q1[19]" does not have an associated HD.PARTPIN_LOCS, which will prevent the partial routing of the signal "num_points_q1[19]". Without this partial route, timing analysis to/from this port will not be accurate, and no routing information for this port can be exported.
WARNING: [Route 35-198] Port "num_points_q1[26]" does not have an associated HD.PARTPIN_LOCS, which will prevent the partial routing of the signal "num_points_q1[26]". Without this partial route, timing analysis to/from this port will not be accurate, and no routing information for this port can be exported.
WARNING: [Route 35-198] Port "num_points_q1[29]" does not have an associated HD.PARTPIN_LOCS, which will prevent the partial routing of the signal "num_points_q1[29]". Without this partial route, timing analysis to/from this port will not be accurate, and no routing information for this port can be exported.
WARNING: [Route 35-198] Port "num_points_q1[30]" does not have an associated HD.PARTPIN_LOCS, which will prevent the partial routing of the signal "num_points_q1[30]". Without this partial route, timing analysis to/from this port will not be accurate, and no routing information for this port can be exported.
WARNING: [Route 35-198] Port "num_points_q1[25]" does not have an associated HD.PARTPIN_LOCS, which will prevent the partial routing of the signal "num_points_q1[25]". Without this partial route, timing analysis to/from this port will not be accurate, and no routing information for this port can be exported.
WARNING: [Route 35-198] Port "num_points_q1[27]" does not have an associated HD.PARTPIN_LOCS, which will prevent the partial routing of the signal "num_points_q1[27]". Without this partial route, timing analysis to/from this port will not be accurate, and no routing information for this port can be exported.
WARNING: [Route 35-198] Port "num_points_q1[28]" does not have an associated HD.PARTPIN_LOCS, which will prevent the partial routing of the signal "num_points_q1[28]". Without this partial route, timing analysis to/from this port will not be accurate, and no routing information for this port can be exported.
WARNING: [Route 35-198] Port "num_points_q1[31]" does not have an associated HD.PARTPIN_LOCS, which will prevent the partial routing of the signal "num_points_q1[31]". Without this partial route, timing analysis to/from this port will not be accurate, and no routing information for this port can be exported.
WARNING: [Route 35-198] Port "points_q1[11]" does not have an associated HD.PARTPIN_LOCS, which will prevent the partial routing of the signal "points_q1[11]". Without this partial route, timing analysis to/from this port will not be accurate, and no routing information for this port can be exported.
WARNING: [Route 35-198] Port "points_q1[1]" does not have an associated HD.PARTPIN_LOCS, which will prevent the partial routing of the signal "points_q1[1]". Without this partial route, timing analysis to/from this port will not be accurate, and no routing information for this port can be exported.
WARNING: [Route 35-198] Port "points_q1[21]" does not have an associated HD.PARTPIN_LOCS, which will prevent the partial routing of the signal "points_q1[21]". Without this partial route, timing analysis to/from this port will not be accurate, and no routing information for this port can be exported.
WARNING: [Route 35-198] Port "points_q1[5]" does not have an associated HD.PARTPIN_LOCS, which will prevent the partial routing of the signal "points_q1[5]". Without this partial route, timing analysis to/from this port will not be accurate, and no routing information for this port can be exported.
INFO: [Common 17-14] Message 'Route 35-198' appears 100 times and further instances of the messages will be disabled. Use the Tcl command set_msg_config to change the current settings.
Phase 1 Build RT Design | Checksum: 7fc7f832

Time (s): cpu = 00:00:19 ; elapsed = 00:00:15 . Memory (MB): peak = 2328.797 ; gain = 110.602
Post Restoration Checksum: NetGraph: 6f7484c5 NumContArr: 1053736d Constraints: 0 Timing: 0

Phase 2 Router Initialization

Phase 2.1 Create Timer
Phase 2.1 Create Timer | Checksum: 7fc7f832

Time (s): cpu = 00:00:19 ; elapsed = 00:00:15 . Memory (MB): peak = 2348.914 ; gain = 130.719

Phase 2.2 Fix Topology Constraints
Phase 2.2 Fix Topology Constraints | Checksum: 7fc7f832

Time (s): cpu = 00:00:19 ; elapsed = 00:00:16 . Memory (MB): peak = 2348.914 ; gain = 130.719

Phase 2.3 Pre Route Cleanup
Phase 2.3 Pre Route Cleanup | Checksum: 7fc7f832

Time (s): cpu = 00:00:19 ; elapsed = 00:00:16 . Memory (MB): peak = 2348.914 ; gain = 130.719
 Number of Nodes with overlaps = 0

Phase 2.4 Update Timing
Phase 2.4 Update Timing | Checksum: 1234e0e1b

Time (s): cpu = 00:00:25 ; elapsed = 00:00:20 . Memory (MB): peak = 2366.934 ; gain = 148.738
INFO: [Route 35-416] Intermediate Timing Summary | WNS=2.139  | TNS=0.000  | WHS=-0.151 | THS=-12.042|

Phase 2 Router Initialization | Checksum: 16f842c4e

Time (s): cpu = 00:00:29 ; elapsed = 00:00:22 . Memory (MB): peak = 2481.051 ; gain = 262.855

Router Utilization Summary
  Global Vertical Routing Utilization    = 0 %
  Global Horizontal Routing Utilization  = 0 %
  Routable Net Status*
  *Does not include unroutable nets such as driverless and loadless.
  Run report_route_status for detailed report.
  Number of Failed Nets               = 34655
    (Failed Nets is the sum of unrouted and partially routed nets)
  Number of Unrouted Nets             = 34654
  Number of Partially Routed Nets     = 1
  Number of Node Overlaps             = 0


Phase 3 Initial Routing

Phase 3.1 Global Routing
Phase 3.1 Global Routing | Checksum: 16f842c4e

Time (s): cpu = 00:00:29 ; elapsed = 00:00:22 . Memory (MB): peak = 2481.051 ; gain = 262.855
Phase 3 Initial Routing | Checksum: 169448790

Time (s): cpu = 00:00:32 ; elapsed = 00:00:24 . Memory (MB): peak = 2481.051 ; gain = 262.855

Phase 4 Rip-up And Reroute

Phase 4.1 Global Iteration 0
 Number of Nodes with overlaps = 2531
 Number of Nodes with overlaps = 197
 Number of Nodes with overlaps = 61
 Number of Nodes with overlaps = 21
 Number of Nodes with overlaps = 5
 Number of Nodes with overlaps = 2
 Number of Nodes with overlaps = 0
INFO: [Route 35-416] Intermediate Timing Summary | WNS=2.003  | TNS=0.000  | WHS=N/A    | THS=N/A    |

Phase 4.1 Global Iteration 0 | Checksum: 1066e45ae

Time (s): cpu = 00:00:42 ; elapsed = 00:00:32 . Memory (MB): peak = 2481.051 ; gain = 262.855
Phase 4 Rip-up And Reroute | Checksum: 1066e45ae

Time (s): cpu = 00:00:42 ; elapsed = 00:00:32 . Memory (MB): peak = 2481.051 ; gain = 262.855

Phase 5 Delay and Skew Optimization

Phase 5.1 Delay CleanUp
Phase 5.1 Delay CleanUp | Checksum: 1066e45ae

Time (s): cpu = 00:00:42 ; elapsed = 00:00:32 . Memory (MB): peak = 2481.051 ; gain = 262.855

Phase 5.2 Clock Skew Optimization
Phase 5.2 Clock Skew Optimization | Checksum: 1066e45ae

Time (s): cpu = 00:00:42 ; elapsed = 00:00:32 . Memory (MB): peak = 2481.051 ; gain = 262.855
Phase 5 Delay and Skew Optimization | Checksum: 1066e45ae

Time (s): cpu = 00:00:42 ; elapsed = 00:00:32 . Memory (MB): peak = 2481.051 ; gain = 262.855

Phase 6 Post Hold Fix

Phase 6.1 Hold Fix Iter

Phase 6.1.1 Update Timing
Phase 6.1.1 Update Timing | Checksum: 19d735301

Time (s): cpu = 00:00:44 ; elapsed = 00:00:33 . Memory (MB): peak = 2481.051 ; gain = 262.855
INFO: [Route 35-416] Intermediate Timing Summary | WNS=2.003  | TNS=0.000  | WHS=0.049  | THS=0.000  |

Phase 6.1 Hold Fix Iter | Checksum: 1b23b8469

Time (s): cpu = 00:00:44 ; elapsed = 00:00:33 . Memory (MB): peak = 2481.051 ; gain = 262.855
Phase 6 Post Hold Fix | Checksum: 1b23b8469

Time (s): cpu = 00:00:44 ; elapsed = 00:00:33 . Memory (MB): peak = 2481.051 ; gain = 262.855

Phase 7 Route finalize

Router Utilization Summary
  Global Vertical Routing Utilization    = 3.63651 %
  Global Horizontal Routing Utilization  = 5.25122 %
  Routable Net Status*
  *Does not include unroutable nets such as driverless and loadless.
  Run report_route_status for detailed report.
  Number of Failed Nets               = 0
    (Failed Nets is the sum of unrouted and partially routed nets)
  Number of Unrouted Nets             = 0
  Number of Partially Routed Nets     = 0
  Number of Node Overlaps             = 0

Phase 7 Route finalize | Checksum: 193242472

Time (s): cpu = 00:00:44 ; elapsed = 00:00:33 . Memory (MB): peak = 2481.051 ; gain = 262.855

Phase 8 Verifying routed nets

 Verification completed successfully
Phase 8 Verifying routed nets | Checksum: 193242472

Time (s): cpu = 00:00:44 ; elapsed = 00:00:33 . Memory (MB): peak = 2481.051 ; gain = 262.855

Phase 9 Depositing Routes
Phase 9 Depositing Routes | Checksum: 2212785b4

Time (s): cpu = 00:00:46 ; elapsed = 00:00:35 . Memory (MB): peak = 2481.051 ; gain = 262.855

Phase 10 Post Router Timing
INFO: [Route 35-57] Estimated Timing Summary | WNS=2.003  | TNS=0.000  | WHS=0.049  | THS=0.000  |

INFO: [Route 35-327] The final timing numbers are based on the router estimated timing analysis. For a complete and accurate timing signoff, please run report_timing_summary.
Phase 10 Post Router Timing | Checksum: 2212785b4

Time (s): cpu = 00:00:46 ; elapsed = 00:00:35 . Memory (MB): peak = 2481.051 ; gain = 262.855
INFO: [Route 35-16] Router Completed Successfully

Time (s): cpu = 00:00:46 ; elapsed = 00:00:35 . Memory (MB): peak = 2481.051 ; gain = 262.855

Routing Is Done.
INFO: [Common 17-83] Releasing license: Implementation
95 Infos, 103 Warnings, 0 Critical Warnings and 0 Errors encountered.
route_design completed successfully
route_design: Time (s): cpu = 00:00:52 ; elapsed = 00:00:38 . Memory (MB): peak = 2481.051 ; gain = 273.340
INFO: [Timing 38-480] Writing timing data to binary archive.
Writing placer database...
Writing XDEF routing.
Writing XDEF routing logical nets.
Writing XDEF routing special nets.
Write XDEF Complete: Time (s): cpu = 00:00:05 ; elapsed = 00:00:02 . Memory (MB): peak = 2481.051 ; gain = 0.000
INFO: [Common 17-1381] The checkpoint 'C:/Projects/ParticleCoverHLS/solution1/impl/verilog/project.runs/impl_1/bd_0_wrapper_routed.dcp' has been generated.
INFO: [runtcl-4] Executing : report_drc -file bd_0_wrapper_drc_routed.rpt -pb bd_0_wrapper_drc_routed.pb -rpx bd_0_wrapper_drc_routed.rpx
Command: report_drc -file bd_0_wrapper_drc_routed.rpt -pb bd_0_wrapper_drc_routed.pb -rpx bd_0_wrapper_drc_routed.rpx
INFO: [IP_Flow 19-1839] IP Catalog is up to date.
WARNING: [Timing 38-242] The property HD.CLK_SRC of clock port "ap_clk" is not set. In out-of-context mode, this prevents timing estimation for clock delay/skew
Resolution: Set the HD.CLK_SRC property of the out-of-context port to the location of the clock buffer instance in the top-level design
INFO: [DRC 23-27] Running DRC with 2 threads
INFO: [Coretcl 2-168] The results of DRC are in file C:/Projects/ParticleCoverHLS/solution1/impl/verilog/project.runs/impl_1/bd_0_wrapper_drc_routed.rpt.
report_drc completed successfully
report_drc: Time (s): cpu = 00:00:09 ; elapsed = 00:00:05 . Memory (MB): peak = 2511.617 ; gain = 30.566
INFO: [runtcl-4] Executing : report_methodology -file bd_0_wrapper_methodology_drc_routed.rpt -pb bd_0_wrapper_methodology_drc_routed.pb -rpx bd_0_wrapper_methodology_drc_routed.rpx
Command: report_methodology -file bd_0_wrapper_methodology_drc_routed.rpt -pb bd_0_wrapper_methodology_drc_routed.pb -rpx bd_0_wrapper_methodology_drc_routed.rpx
INFO: [Timing 38-35] Done setting XDC timing constraints.
INFO: [DRC 23-133] Running Methodology with 2 threads
INFO: [Coretcl 2-1520] The results of Report Methodology are in file C:/Projects/ParticleCoverHLS/solution1/impl/verilog/project.runs/impl_1/bd_0_wrapper_methodology_drc_routed.rpt.
report_methodology completed successfully
INFO: [runtcl-4] Executing : report_power -file bd_0_wrapper_power_routed.rpt -pb bd_0_wrapper_power_summary_routed.pb -rpx bd_0_wrapper_power_routed.rpx
Command: report_power -file bd_0_wrapper_power_routed.rpt -pb bd_0_wrapper_power_summary_routed.pb -rpx bd_0_wrapper_power_routed.rpx
INFO: [Timing 38-35] Done setting XDC timing constraints.
Running Vector-less Activity Propagation...

Finished Running Vector-less Activity Propagation
107 Infos, 104 Warnings, 0 Critical Warnings and 0 Errors encountered.
report_power completed successfully
INFO: [runtcl-4] Executing : report_route_status -file bd_0_wrapper_route_status.rpt -pb bd_0_wrapper_route_status.pb
INFO: [runtcl-4] Executing : report_timing_summary -max_paths 10 -file bd_0_wrapper_timing_summary_routed.rpt -pb bd_0_wrapper_timing_summary_routed.pb -rpx bd_0_wrapper_timing_summary_routed.rpx -warn_on_violation 
INFO: [Timing 38-91] UpdateTimingParams: Speed grade: -3, Delay Type: min_max.
INFO: [Timing 38-191] Multithreading enabled for timing update using a maximum of 2 CPUs
INFO: [runtcl-4] Executing : report_incremental_reuse -file bd_0_wrapper_incremental_reuse_routed.rpt
INFO: [Vivado_Tcl 4-1062] Incremental flow is disabled. No incremental reuse Info to report.
INFO: [runtcl-4] Executing : report_clock_utilization -file bd_0_wrapper_clock_utilization_routed.rpt
INFO: [runtcl-4] Executing : report_bus_skew -warn_on_violation -file bd_0_wrapper_bus_skew_routed.rpt -pb bd_0_wrapper_bus_skew_routed.pb -rpx bd_0_wrapper_bus_skew_routed.rpx
INFO: [Timing 38-91] UpdateTimingParams: Speed grade: -3, Delay Type: min_max.
INFO: [Timing 38-191] Multithreading enabled for timing update using a maximum of 2 CPUs
INFO: [Common 17-206] Exiting Vivado at Sat Jul 20 20:49:35 2024...
[Sat Jul 20 20:49:40 2024] impl_1 finished
wait_on_run: Time (s): cpu = 00:00:00 ; elapsed = 00:02:19 . Memory (MB): peak = 1877.469 ; gain = 0.000
Netlist sorting complete. Time (s): cpu = 00:00:01 ; elapsed = 00:00:00.400 . Memory (MB): peak = 1893.137 ; gain = 0.000
INFO: [Netlist 29-17] Analyzing 3523 Unisim elements for replacement
INFO: [Netlist 29-28] Unisim Transformation completed in 0 CPU seconds
INFO: [Project 1-479] Netlist was created with Vivado 2020.2
INFO: [Project 1-570] Preparing netlist for logic optimization
INFO: [Timing 38-478] Restoring timing data from binary archive.
INFO: [Timing 38-479] Binary timing data restore complete.
INFO: [Project 1-856] Restoring constraints from binary archive.
INFO: [Project 1-853] Binary constraint restore complete.
Reading XDEF placement.
Reading placer database...
Reading XDEF routing.
Read XDEF File: Time (s): cpu = 00:00:02 ; elapsed = 00:00:02 . Memory (MB): peak = 2239.895 ; gain = 36.309
Restored from archive | CPU: 2.000000 secs | Memory: 0.000000 MB |
Finished XDEF File Restore: Time (s): cpu = 00:00:02 ; elapsed = 00:00:02 . Memory (MB): peak = 2239.895 ; gain = 36.309
Netlist sorting complete. Time (s): cpu = 00:00:00 ; elapsed = 00:00:00.006 . Memory (MB): peak = 2239.895 ; gain = 0.000
INFO: [Project 1-111] Unisim Transformation Summary:
  A total of 520 instances were transformed.
  RAM16X1D => RAM32X1D (RAMD32(x2)): 128 instances
  RAM16X1S => RAM32X1S (RAMS32): 389 instances
  SRLC32E => SRL16E: 3 instances

open_run: Time (s): cpu = 00:00:06 ; elapsed = 00:00:06 . Memory (MB): peak = 2239.895 ; gain = 362.426
Running report: report_route_status -file ./report/system_top_status_routed.rpt
Contents of report file './report/system_top_status_routed.rpt' is as follows:
Design Route Status
                                               :      # nets :
   ------------------------------------------- : ----------- :
   # of logical nets.......................... :       55680 :
       # of nets not needing routing.......... :       21024 :
           # of internally routed nets........ :       20666 :
           # of implicitly routed ports....... :         358 :
       # of routable nets..................... :       34656 :
           # of fully routed nets............. :       34656 :
       # of nets with routing errors.......... :           0 :
   ------------------------------------------- : ----------- :


Running report: report_timing -max_paths 10 -file ./report/system_top_timing_paths_routed.rpt
INFO: [Timing 38-91] UpdateTimingParams: Speed grade: -3, Delay Type: max.
INFO: [Timing 38-191] Multithreading enabled for timing update using a maximum of 2 CPUs
WARNING: [Timing 38-242] The property HD.CLK_SRC of clock port "ap_clk" is not set. In out-of-context mode, this prevents timing estimation for clock delay/skew
Resolution: Set the HD.CLK_SRC property of the out-of-context port to the location of the clock buffer instance in the top-level design
INFO: [Timing 38-78] ReportTimingParams: -max_paths 10 -nworst 1 -delay_type max -sort_by slack.
Contents of report file './report/system_top_timing_paths_routed.rpt' is as follows:
Copyright 1986-2020 Xilinx, Inc. All Rights Reserved.
-----------------------------------------------------------------------------------------------
| Tool Version : Vivado v.2020.2 (win64) Build 3064766 Wed Nov 18 09:12:45 MST 2020
| Date         : Sat Jul 20 20:49:50 2024
| Host         : OGAS running 64-bit major release  (build 9200)
| Command      : report_timing -max_paths 10 -file ./report/system_top_timing_paths_routed.rpt
| Design       : bd_0_wrapper
| Device       : 7z030-sbg485
| Speed File   : -3  PRODUCTION 1.12 2019-11-22
-----------------------------------------------------------------------------------------------

Timing Report

Slack (MET) :             2.004ns  (required time - arrival time)
  Source:                 bd_0_i/hls_inst/inst/grp_p_shadowquilt_main_loop_make_verticle_strip_fu_565/grp_makePatch_alignedToLine_fu_1322/grp_alignedtoline_per_layer_loop8_fu_183/mul_33s_25ns_58_1_1_U43/system_top_mul_33s_25ns_58_1_1_Multiplier_0_U/p__1/CLK
                            (rising edge-triggered cell DSP48E1 clocked by ap_clk  {rise@0.000ns fall@5.000ns period=10.000ns})
  Destination:            bd_0_i/hls_inst/inst/grp_p_shadowquilt_main_loop_make_verticle_strip_fu_565/grp_makePatch_alignedToLine_fu_1322/grp_alignedtoline_per_layer_loop8_fu_183/mul_78s_108ns_185_3_1_U44/system_top_mul_78s_108ns_185_3_1_Multiplier_1_U/buff0_reg__0/B[15]
                            (rising edge-triggered cell DSP48E1 clocked by ap_clk  {rise@0.000ns fall@5.000ns period=10.000ns})
  Path Group:             ap_clk
  Path Type:              Setup (Max at Slow Process Corner)
  Requirement:            10.000ns  (ap_clk rise@10.000ns - ap_clk rise@0.000ns)
  Data Path Delay:        7.586ns  (logic 4.265ns (56.224%)  route 3.321ns (43.776%))
  Logic Levels:           10  (CARRY4=8 DSP48E1=1 LUT2=1)
  Clock Path Skew:        -0.025ns (DCD - SCD + CPR)
    Destination Clock Delay (DCD):    0.483ns = ( 10.483 - 10.000 ) 
    Source Clock Delay      (SCD):    0.508ns
    Clock Pessimism Removal (CPR):    0.000ns
  Clock Uncertainty:      0.035ns  ((TSJ^2 + TIJ^2)^1/2 + DJ) / 2 + PE
    Total System Jitter     (TSJ):    0.071ns
    Total Input Jitter      (TIJ):    0.000ns
    Discrete Jitter          (DJ):    0.000ns
    Phase Error              (PE):    0.000ns

    Location             Delay type                Incr(ns)  Path(ns)    Netlist Resource(s)
  -------------------------------------------------------------------    -------------------
                         (clock ap_clk rise edge)     0.000     0.000 r  
                                                      0.000     0.000 r  ap_clk (IN)
                         net (fo=16362, unset)        0.508     0.508    bd_0_i/hls_inst/inst/grp_p_shadowquilt_main_loop_make_verticle_strip_fu_565/grp_makePatch_alignedToLine_fu_1322/grp_alignedtoline_per_layer_loop8_fu_183/mul_33s_25ns_58_1_1_U43/system_top_mul_33s_25ns_58_1_1_Multiplier_0_U/ap_clk
    DSP48_X5Y10          DSP48E1                                      r  bd_0_i/hls_inst/inst/grp_p_shadowquilt_main_loop_make_verticle_strip_fu_565/grp_makePatch_alignedToLine_fu_1322/grp_alignedtoline_per_layer_loop8_fu_183/mul_33s_25ns_58_1_1_U43/system_top_mul_33s_25ns_58_1_1_Multiplier_0_U/p__1/CLK
  -------------------------------------------------------------------    -------------------
    DSP48_X5Y10          DSP48E1 (Prop_dsp48e1_CLK_PCOUT[47])
                                                      2.626     3.134 r  bd_0_i/hls_inst/inst/grp_p_shadowquilt_main_loop_make_verticle_strip_fu_565/grp_makePatch_alignedToLine_fu_1322/grp_alignedtoline_per_layer_loop8_fu_183/mul_33s_25ns_58_1_1_U43/system_top_mul_33s_25ns_58_1_1_Multiplier_0_U/p__1/PCOUT[47]
                         net (fo=1, routed)           0.000     3.134    bd_0_i/hls_inst/inst/grp_p_shadowquilt_main_loop_make_verticle_strip_fu_565/grp_makePatch_alignedToLine_fu_1322/grp_alignedtoline_per_layer_loop8_fu_183/mul_33s_25ns_58_1_1_U43/system_top_mul_33s_25ns_58_1_1_Multiplier_0_U/p__1_n_123
    DSP48_X5Y11          DSP48E1 (Prop_dsp48e1_PCIN[47]_P[0])
                                                      0.938     4.072 r  bd_0_i/hls_inst/inst/grp_p_shadowquilt_main_loop_make_verticle_strip_fu_565/grp_makePatch_alignedToLine_fu_1322/grp_alignedtoline_per_layer_loop8_fu_183/mul_33s_25ns_58_1_1_U43/system_top_mul_33s_25ns_58_1_1_Multiplier_0_U/p__2/P[0]
                         net (fo=2, routed)           0.676     4.748    bd_0_i/hls_inst/inst/grp_p_shadowquilt_main_loop_make_verticle_strip_fu_565/grp_makePatch_alignedToLine_fu_1322/grp_alignedtoline_per_layer_loop8_fu_183/mul_33s_25ns_58_1_1_U43/system_top_mul_33s_25ns_58_1_1_Multiplier_0_U/p__2_0[0]
    SLICE_X105Y20        LUT2 (Prop_lut2_I0_O)        0.043     4.791 r  bd_0_i/hls_inst/inst/grp_p_shadowquilt_main_loop_make_verticle_strip_fu_565/grp_makePatch_alignedToLine_fu_1322/grp_alignedtoline_per_layer_loop8_fu_183/mul_33s_25ns_58_1_1_U43/system_top_mul_33s_25ns_58_1_1_Multiplier_0_U/tmp_product__0_i_19/O
                         net (fo=1, routed)           0.000     4.791    bd_0_i/hls_inst/inst/grp_p_shadowquilt_main_loop_make_verticle_strip_fu_565_n_19
    SLICE_X105Y20        CARRY4 (Prop_carry4_S[1]_CO[3])
                                                      0.257     5.048 r  bd_0_i/hls_inst/inst/mul_33s_25ns_58_1_1_U43/system_top_mul_33s_25ns_58_1_1_Multiplier_0_U/tmp_product__0_i_4/CO[3]
                         net (fo=1, routed)           0.000     5.048    bd_0_i/hls_inst/inst/mul_33s_25ns_58_1_1_U43/system_top_mul_33s_25ns_58_1_1_Multiplier_0_U/tmp_product__0_i_4_n_17
    SLICE_X105Y21        CARRY4 (Prop_carry4_CI_CO[3])
                                                      0.049     5.097 r  bd_0_i/hls_inst/inst/mul_33s_25ns_58_1_1_U43/system_top_mul_33s_25ns_58_1_1_Multiplier_0_U/tmp_product__0_i_3/CO[3]
                         net (fo=1, routed)           0.000     5.097    bd_0_i/hls_inst/inst/mul_33s_25ns_58_1_1_U43/system_top_mul_33s_25ns_58_1_1_Multiplier_0_U/tmp_product__0_i_3_n_17
    SLICE_X105Y22        CARRY4 (Prop_carry4_CI_CO[3])
                                                      0.049     5.146 r  bd_0_i/hls_inst/inst/mul_33s_25ns_58_1_1_U43/system_top_mul_33s_25ns_58_1_1_Multiplier_0_U/tmp_product__0_i_2/CO[3]
                         net (fo=1, routed)           0.000     5.146    bd_0_i/hls_inst/inst/mul_33s_25ns_58_1_1_U43/system_top_mul_33s_25ns_58_1_1_Multiplier_0_U/tmp_product__0_i_2_n_17
    SLICE_X105Y23        CARRY4 (Prop_carry4_CI_CO[3])
                                                      0.049     5.195 r  bd_0_i/hls_inst/inst/mul_33s_25ns_58_1_1_U43/system_top_mul_33s_25ns_58_1_1_Multiplier_0_U/tmp_product__0_i_1/CO[3]
                         net (fo=1, routed)           0.000     5.195    bd_0_i/hls_inst/inst/mul_33s_25ns_58_1_1_U43/system_top_mul_33s_25ns_58_1_1_Multiplier_0_U/tmp_product__0_i_1_n_17
    SLICE_X105Y24        CARRY4 (Prop_carry4_CI_CO[3])
                                                      0.049     5.244 r  bd_0_i/hls_inst/inst/mul_33s_25ns_58_1_1_U43/system_top_mul_33s_25ns_58_1_1_Multiplier_0_U/tmp_product__1_i_4/CO[3]
                         net (fo=1, routed)           0.007     5.251    bd_0_i/hls_inst/inst/mul_33s_25ns_58_1_1_U43/system_top_mul_33s_25ns_58_1_1_Multiplier_0_U/tmp_product__1_i_4_n_17
    SLICE_X105Y25        CARRY4 (Prop_carry4_CI_CO[3])
                                                      0.049     5.300 r  bd_0_i/hls_inst/inst/mul_33s_25ns_58_1_1_U43/system_top_mul_33s_25ns_58_1_1_Multiplier_0_U/tmp_product__1_i_3/CO[3]
                         net (fo=1, routed)           0.000     5.300    bd_0_i/hls_inst/inst/mul_33s_25ns_58_1_1_U43/system_top_mul_33s_25ns_58_1_1_Multiplier_0_U/tmp_product__1_i_3_n_17
    SLICE_X105Y26        CARRY4 (Prop_carry4_CI_CO[3])
                                                      0.049     5.349 r  bd_0_i/hls_inst/inst/mul_33s_25ns_58_1_1_U43/system_top_mul_33s_25ns_58_1_1_Multiplier_0_U/tmp_product__1_i_2/CO[3]
                         net (fo=1, routed)           0.000     5.349    bd_0_i/hls_inst/inst/mul_33s_25ns_58_1_1_U43/system_top_mul_33s_25ns_58_1_1_Multiplier_0_U/tmp_product__1_i_2_n_17
    SLICE_X105Y27        CARRY4 (Prop_carry4_CI_O[2])
                                                      0.107     5.456 r  bd_0_i/hls_inst/inst/mul_33s_25ns_58_1_1_U43/system_top_mul_33s_25ns_58_1_1_Multiplier_0_U/tmp_product__1_i_1/O[2]
                         net (fo=6, routed)           2.638     8.094    bd_0_i/hls_inst/inst/grp_p_shadowquilt_main_loop_make_verticle_strip_fu_565/grp_makePatch_alignedToLine_fu_1322/grp_alignedtoline_per_layer_loop8_fu_183/mul_78s_108ns_185_3_1_U44/system_top_mul_78s_108ns_185_3_1_Multiplier_1_U/tmp_product__1_0[30]
    DSP48_X3Y15          DSP48E1                                      r  bd_0_i/hls_inst/inst/grp_p_shadowquilt_main_loop_make_verticle_strip_fu_565/grp_makePatch_alignedToLine_fu_1322/grp_alignedtoline_per_layer_loop8_fu_183/mul_78s_108ns_185_3_1_U44/system_top_mul_78s_108ns_185_3_1_Multiplier_1_U/buff0_reg__0/B[15]
  -------------------------------------------------------------------    -------------------

                         (clock ap_clk rise edge)    10.000    10.000 r  
                                                      0.000    10.000 r  ap_clk (IN)
                         net (fo=16362, unset)        0.483    10.483    bd_0_i/hls_inst/inst/grp_p_shadowquilt_main_loop_make_verticle_strip_fu_565/grp_makePatch_alignedToLine_fu_1322/grp_alignedtoline_per_layer_loop8_fu_183/mul_78s_108ns_185_3_1_U44/system_top_mul_78s_108ns_185_3_1_Multiplier_1_U/ap_clk
    DSP48_X3Y15          DSP48E1                                      r  bd_0_i/hls_inst/inst/grp_p_shadowquilt_main_loop_make_verticle_strip_fu_565/grp_makePatch_alignedToLine_fu_1322/grp_alignedtoline_per_layer_loop8_fu_183/mul_78s_108ns_185_3_1_U44/system_top_mul_78s_108ns_185_3_1_Multiplier_1_U/buff0_reg__0/CLK
                         clock pessimism              0.000    10.483    
                         clock uncertainty           -0.035    10.447    
    DSP48_X3Y15          DSP48E1 (Setup_dsp48e1_CLK_B[15])
                                                     -0.350    10.097    bd_0_i/hls_inst/inst/grp_p_shadowquilt_main_loop_make_verticle_strip_fu_565/grp_makePatch_alignedToLine_fu_1322/grp_alignedtoline_per_layer_loop8_fu_183/mul_78s_108ns_185_3_1_U44/system_top_mul_78s_108ns_185_3_1_Multiplier_1_U/buff0_reg__0
  -------------------------------------------------------------------
                         required time                         10.097    
                         arrival time                          -8.094    
  -------------------------------------------------------------------
                         slack                                  2.004    

Slack (MET) :             2.146ns  (required time - arrival time)
  Source:                 bd_0_i/hls_inst/inst/grp_p_shadowquilt_main_loop_make_verticle_strip_fu_565/grp_makePatch_alignedToLine_fu_1322/grp_alignedtoline_per_layer_loop8_fu_183/mul_33s_25ns_58_1_1_U43/system_top_mul_33s_25ns_58_1_1_Multiplier_0_U/p__1/CLK
                            (rising edge-triggered cell DSP48E1 clocked by ap_clk  {rise@0.000ns fall@5.000ns period=10.000ns})
  Destination:            bd_0_i/hls_inst/inst/grp_p_shadowquilt_main_loop_make_verticle_strip_fu_565/grp_makePatch_alignedToLine_fu_1322/grp_alignedtoline_per_layer_loop8_fu_183/mul_78s_108ns_185_3_1_U44/system_top_mul_78s_108ns_185_3_1_Multiplier_1_U/tmp_product__13/A[8]
                            (rising edge-triggered cell DSP48E1 clocked by ap_clk  {rise@0.000ns fall@5.000ns period=10.000ns})
  Path Group:             ap_clk
  Path Type:              Setup (Max at Slow Process Corner)
  Requirement:            10.000ns  (ap_clk rise@10.000ns - ap_clk rise@0.000ns)
  Data Path Delay:        7.484ns  (logic 4.205ns (56.183%)  route 3.279ns (43.817%))
  Logic Levels:           8  (CARRY4=6 DSP48E1=1 LUT2=1)
  Clock Path Skew:        -0.025ns (DCD - SCD + CPR)
    Destination Clock Delay (DCD):    0.483ns = ( 10.483 - 10.000 ) 
    Source Clock Delay      (SCD):    0.508ns
    Clock Pessimism Removal (CPR):    0.000ns
  Clock Uncertainty:      0.035ns  ((TSJ^2 + TIJ^2)^1/2 + DJ) / 2 + PE
    Total System Jitter     (TSJ):    0.071ns
    Total Input Jitter      (TIJ):    0.000ns
    Discrete Jitter          (DJ):    0.000ns
    Phase Error              (PE):    0.000ns

    Location             Delay type                Incr(ns)  Path(ns)    Netlist Resource(s)
  -------------------------------------------------------------------    -------------------
                         (clock ap_clk rise edge)     0.000     0.000 r  
                                                      0.000     0.000 r  ap_clk (IN)
                         net (fo=16362, unset)        0.508     0.508    bd_0_i/hls_inst/inst/grp_p_shadowquilt_main_loop_make_verticle_strip_fu_565/grp_makePatch_alignedToLine_fu_1322/grp_alignedtoline_per_layer_loop8_fu_183/mul_33s_25ns_58_1_1_U43/system_top_mul_33s_25ns_58_1_1_Multiplier_0_U/ap_clk
    DSP48_X5Y10          DSP48E1                                      r  bd_0_i/hls_inst/inst/grp_p_shadowquilt_main_loop_make_verticle_strip_fu_565/grp_makePatch_alignedToLine_fu_1322/grp_alignedtoline_per_layer_loop8_fu_183/mul_33s_25ns_58_1_1_U43/system_top_mul_33s_25ns_58_1_1_Multiplier_0_U/p__1/CLK
  -------------------------------------------------------------------    -------------------
    DSP48_X5Y10          DSP48E1 (Prop_dsp48e1_CLK_PCOUT[47])
                                                      2.626     3.134 r  bd_0_i/hls_inst/inst/grp_p_shadowquilt_main_loop_make_verticle_strip_fu_565/grp_makePatch_alignedToLine_fu_1322/grp_alignedtoline_per_layer_loop8_fu_183/mul_33s_25ns_58_1_1_U43/system_top_mul_33s_25ns_58_1_1_Multiplier_0_U/p__1/PCOUT[47]
                         net (fo=1, routed)           0.000     3.134    bd_0_i/hls_inst/inst/grp_p_shadowquilt_main_loop_make_verticle_strip_fu_565/grp_makePatch_alignedToLine_fu_1322/grp_alignedtoline_per_layer_loop8_fu_183/mul_33s_25ns_58_1_1_U43/system_top_mul_33s_25ns_58_1_1_Multiplier_0_U/p__1_n_123
    DSP48_X5Y11          DSP48E1 (Prop_dsp48e1_PCIN[47]_P[0])
                                                      0.938     4.072 r  bd_0_i/hls_inst/inst/grp_p_shadowquilt_main_loop_make_verticle_strip_fu_565/grp_makePatch_alignedToLine_fu_1322/grp_alignedtoline_per_layer_loop8_fu_183/mul_33s_25ns_58_1_1_U43/system_top_mul_33s_25ns_58_1_1_Multiplier_0_U/p__2/P[0]
                         net (fo=2, routed)           0.676     4.748    bd_0_i/hls_inst/inst/grp_p_shadowquilt_main_loop_make_verticle_strip_fu_565/grp_makePatch_alignedToLine_fu_1322/grp_alignedtoline_per_layer_loop8_fu_183/mul_33s_25ns_58_1_1_U43/system_top_mul_33s_25ns_58_1_1_Multiplier_0_U/p__2_0[0]
    SLICE_X105Y20        LUT2 (Prop_lut2_I0_O)        0.043     4.791 r  bd_0_i/hls_inst/inst/grp_p_shadowquilt_main_loop_make_verticle_strip_fu_565/grp_makePatch_alignedToLine_fu_1322/grp_alignedtoline_per_layer_loop8_fu_183/mul_33s_25ns_58_1_1_U43/system_top_mul_33s_25ns_58_1_1_Multiplier_0_U/tmp_product__0_i_19/O
                         net (fo=1, routed)           0.000     4.791    bd_0_i/hls_inst/inst/grp_p_shadowquilt_main_loop_make_verticle_strip_fu_565_n_19
    SLICE_X105Y20        CARRY4 (Prop_carry4_S[1]_CO[3])
                                                      0.257     5.048 r  bd_0_i/hls_inst/inst/mul_33s_25ns_58_1_1_U43/system_top_mul_33s_25ns_58_1_1_Multiplier_0_U/tmp_product__0_i_4/CO[3]
                         net (fo=1, routed)           0.000     5.048    bd_0_i/hls_inst/inst/mul_33s_25ns_58_1_1_U43/system_top_mul_33s_25ns_58_1_1_Multiplier_0_U/tmp_product__0_i_4_n_17
    SLICE_X105Y21        CARRY4 (Prop_carry4_CI_CO[3])
                                                      0.049     5.097 r  bd_0_i/hls_inst/inst/mul_33s_25ns_58_1_1_U43/system_top_mul_33s_25ns_58_1_1_Multiplier_0_U/tmp_product__0_i_3/CO[3]
                         net (fo=1, routed)           0.000     5.097    bd_0_i/hls_inst/inst/mul_33s_25ns_58_1_1_U43/system_top_mul_33s_25ns_58_1_1_Multiplier_0_U/tmp_product__0_i_3_n_17
    SLICE_X105Y22        CARRY4 (Prop_carry4_CI_CO[3])
                                                      0.049     5.146 r  bd_0_i/hls_inst/inst/mul_33s_25ns_58_1_1_U43/system_top_mul_33s_25ns_58_1_1_Multiplier_0_U/tmp_product__0_i_2/CO[3]
                         net (fo=1, routed)           0.000     5.146    bd_0_i/hls_inst/inst/mul_33s_25ns_58_1_1_U43/system_top_mul_33s_25ns_58_1_1_Multiplier_0_U/tmp_product__0_i_2_n_17
    SLICE_X105Y23        CARRY4 (Prop_carry4_CI_CO[3])
                                                      0.049     5.195 r  bd_0_i/hls_inst/inst/mul_33s_25ns_58_1_1_U43/system_top_mul_33s_25ns_58_1_1_Multiplier_0_U/tmp_product__0_i_1/CO[3]
                         net (fo=1, routed)           0.000     5.195    bd_0_i/hls_inst/inst/mul_33s_25ns_58_1_1_U43/system_top_mul_33s_25ns_58_1_1_Multiplier_0_U/tmp_product__0_i_1_n_17
    SLICE_X105Y24        CARRY4 (Prop_carry4_CI_CO[3])
                                                      0.049     5.244 r  bd_0_i/hls_inst/inst/mul_33s_25ns_58_1_1_U43/system_top_mul_33s_25ns_58_1_1_Multiplier_0_U/tmp_product__1_i_4/CO[3]
                         net (fo=1, routed)           0.007     5.251    bd_0_i/hls_inst/inst/mul_33s_25ns_58_1_1_U43/system_top_mul_33s_25ns_58_1_1_Multiplier_0_U/tmp_product__1_i_4_n_17
    SLICE_X105Y25        CARRY4 (Prop_carry4_CI_O[3])
                                                      0.145     5.396 r  bd_0_i/hls_inst/inst/mul_33s_25ns_58_1_1_U43/system_top_mul_33s_25ns_58_1_1_Multiplier_0_U/tmp_product__1_i_3/O[3]
                         net (fo=6, routed)           2.597     7.992    bd_0_i/hls_inst/inst/grp_p_shadowquilt_main_loop_make_verticle_strip_fu_565/grp_makePatch_alignedToLine_fu_1322/grp_alignedtoline_per_layer_loop8_fu_183/mul_78s_108ns_185_3_1_U44/system_top_mul_78s_108ns_185_3_1_Multiplier_1_U/tmp_product__1_0[23]
    DSP48_X3Y9           DSP48E1                                      r  bd_0_i/hls_inst/inst/grp_p_shadowquilt_main_loop_make_verticle_strip_fu_565/grp_makePatch_alignedToLine_fu_1322/grp_alignedtoline_per_layer_loop8_fu_183/mul_78s_108ns_185_3_1_U44/system_top_mul_78s_108ns_185_3_1_Multiplier_1_U/tmp_product__13/A[8]
  -------------------------------------------------------------------    -------------------

                         (clock ap_clk rise edge)    10.000    10.000 r  
                                                      0.000    10.000 r  ap_clk (IN)
                         net (fo=16362, unset)        0.483    10.483    bd_0_i/hls_inst/inst/grp_p_shadowquilt_main_loop_make_verticle_strip_fu_565/grp_makePatch_alignedToLine_fu_1322/grp_alignedtoline_per_layer_loop8_fu_183/mul_78s_108ns_185_3_1_U44/system_top_mul_78s_108ns_185_3_1_Multiplier_1_U/ap_clk
    DSP48_X3Y9           DSP48E1                                      r  bd_0_i/hls_inst/inst/grp_p_shadowquilt_main_loop_make_verticle_strip_fu_565/grp_makePatch_alignedToLine_fu_1322/grp_alignedtoline_per_layer_loop8_fu_183/mul_78s_108ns_185_3_1_U44/system_top_mul_78s_108ns_185_3_1_Multiplier_1_U/tmp_product__13/CLK
                         clock pessimism              0.000    10.483    
                         clock uncertainty           -0.035    10.447    
    DSP48_X3Y9           DSP48E1 (Setup_dsp48e1_CLK_A[8])
                                                     -0.309    10.138    bd_0_i/hls_inst/inst/grp_p_shadowquilt_main_loop_make_verticle_strip_fu_565/grp_makePatch_alignedToLine_fu_1322/grp_alignedtoline_per_layer_loop8_fu_183/mul_78s_108ns_185_3_1_U44/system_top_mul_78s_108ns_185_3_1_Multiplier_1_U/tmp_product__13
  -------------------------------------------------------------------
                         required time                         10.138    
                         arrival time                          -7.992    
  -------------------------------------------------------------------
                         slack                                  2.146    

Slack (MET) :             2.261ns  (required time - arrival time)
  Source:                 bd_0_i/hls_inst/inst/grp_p_shadowquilt_main_loop_make_verticle_strip_fu_565/grp_makePatch_alignedToLine_fu_1322/grp_alignedtoline_per_layer_loop8_fu_183/grp_p_find_boundaries_and_starting_index_and_value9_fu_922/p_find_left_and_right_boundaries11_U0/trunc_ln565_2_reg_2793_reg[29]/C
                            (rising edge-triggered cell FDRE clocked by ap_clk  {rise@0.000ns fall@5.000ns period=10.000ns})
  Destination:            bd_0_i/hls_inst/inst/grp_p_shadowquilt_main_loop_make_verticle_strip_fu_565/grp_makePatch_alignedToLine_fu_1322/grp_alignedtoline_per_layer_loop8_fu_183/grp_p_find_boundaries_and_starting_index_and_value9_fu_922/p_find_left_and_right_boundaries11_U0/sub_ln947_3_reg_2537_reg[4]/D
                            (rising edge-triggered cell FDRE clocked by ap_clk  {rise@0.000ns fall@5.000ns period=10.000ns})
  Path Group:             ap_clk
  Path Type:              Setup (Max at Slow Process Corner)
  Requirement:            10.000ns  (ap_clk rise@10.000ns - ap_clk rise@0.000ns)
  Data Path Delay:        7.730ns  (logic 2.327ns (30.103%)  route 5.403ns (69.897%))
  Logic Levels:           22  (CARRY4=9 LUT1=2 LUT2=2 LUT5=5 LUT6=4)
  Clock Path Skew:        -0.025ns (DCD - SCD + CPR)
    Destination Clock Delay (DCD):    0.483ns = ( 10.483 - 10.000 ) 
    Source Clock Delay      (SCD):    0.508ns
    Clock Pessimism Removal (CPR):    0.000ns
  Clock Uncertainty:      0.035ns  ((TSJ^2 + TIJ^2)^1/2 + DJ) / 2 + PE
    Total System Jitter     (TSJ):    0.071ns
    Total Input Jitter      (TIJ):    0.000ns
    Discrete Jitter          (DJ):    0.000ns
    Phase Error              (PE):    0.000ns

    Location             Delay type                Incr(ns)  Path(ns)    Netlist Resource(s)
  -------------------------------------------------------------------    -------------------
                         (clock ap_clk rise edge)     0.000     0.000 r  
                                                      0.000     0.000 r  ap_clk (IN)
                         net (fo=16362, unset)        0.508     0.508    bd_0_i/hls_inst/inst/grp_p_shadowquilt_main_loop_make_verticle_strip_fu_565/grp_makePatch_alignedToLine_fu_1322/grp_alignedtoline_per_layer_loop8_fu_183/grp_p_find_boundaries_and_starting_index_and_value9_fu_922/p_find_left_and_right_boundaries11_U0/ap_clk
    SLICE_X109Y165       FDRE                                         r  bd_0_i/hls_inst/inst/grp_p_shadowquilt_main_loop_make_verticle_strip_fu_565/grp_makePatch_alignedToLine_fu_1322/grp_alignedtoline_per_layer_loop8_fu_183/grp_p_find_boundaries_and_starting_index_and_value9_fu_922/p_find_left_and_right_boundaries11_U0/trunc_ln565_2_reg_2793_reg[29]/C
  -------------------------------------------------------------------    -------------------
    SLICE_X109Y165       FDRE (Prop_fdre_C_Q)         0.216     0.724 f  bd_0_i/hls_inst/inst/grp_p_shadowquilt_main_loop_make_verticle_strip_fu_565/grp_makePatch_alignedToLine_fu_1322/grp_alignedtoline_per_layer_loop8_fu_183/grp_p_find_boundaries_and_starting_index_and_value9_fu_922/p_find_left_and_right_boundaries11_U0/trunc_ln565_2_reg_2793_reg[29]/Q
                         net (fo=6, routed)           0.311     1.035    bd_0_i/hls_inst/inst/grp_p_shadowquilt_main_loop_make_verticle_strip_fu_565/grp_makePatch_alignedToLine_fu_1322/grp_alignedtoline_per_layer_loop8_fu_183/grp_p_find_boundaries_and_starting_index_and_value9_fu_922/p_find_left_and_right_boundaries11_U0/zext_ln569_2_fu_2151_p1[29]
    SLICE_X111Y165       LUT1 (Prop_lut1_I0_O)        0.043     1.078 r  bd_0_i/hls_inst/inst/grp_p_shadowquilt_main_loop_make_verticle_strip_fu_565/grp_makePatch_alignedToLine_fu_1322/grp_alignedtoline_per_layer_loop8_fu_183/grp_p_find_boundaries_and_starting_index_and_value9_fu_922/p_find_left_and_right_boundaries11_U0/m_51_reg_2513[28]_i_24/O
                         net (fo=1, routed)           0.100     1.178    bd_0_i/hls_inst/inst/grp_p_shadowquilt_main_loop_make_verticle_strip_fu_565/grp_makePatch_alignedToLine_fu_1322/grp_alignedtoline_per_layer_loop8_fu_183/grp_p_find_boundaries_and_starting_index_and_value9_fu_922/p_find_left_and_right_boundaries11_U0/m_51_reg_2513[28]_i_24_n_17
    SLICE_X110Y165       CARRY4 (Prop_carry4_CYINIT_CO[3])
                                                      0.279     1.457 r  bd_0_i/hls_inst/inst/grp_p_shadowquilt_main_loop_make_verticle_strip_fu_565/grp_makePatch_alignedToLine_fu_1322/grp_alignedtoline_per_layer_loop8_fu_183/grp_p_find_boundaries_and_starting_index_and_value9_fu_922/p_find_left_and_right_boundaries11_U0/m_51_reg_2513_reg[28]_i_13/CO[3]
                         net (fo=1, routed)           0.000     1.457    bd_0_i/hls_inst/inst/grp_p_shadowquilt_main_loop_make_verticle_strip_fu_565/grp_makePatch_alignedToLine_fu_1322/grp_alignedtoline_per_layer_loop8_fu_183/grp_p_find_boundaries_and_starting_index_and_value9_fu_922/p_find_left_and_right_boundaries11_U0/m_51_reg_2513_reg[28]_i_13_n_17
    SLICE_X110Y166       CARRY4 (Prop_carry4_CI_CO[3])
                                                      0.049     1.506 r  bd_0_i/hls_inst/inst/grp_p_shadowquilt_main_loop_make_verticle_strip_fu_565/grp_makePatch_alignedToLine_fu_1322/grp_alignedtoline_per_layer_loop8_fu_183/grp_p_find_boundaries_and_starting_index_and_value9_fu_922/p_find_left_and_right_boundaries11_U0/m_51_reg_2513_reg[0]_i_44/CO[3]
                         net (fo=1, routed)           0.000     1.506    bd_0_i/hls_inst/inst/grp_p_shadowquilt_main_loop_make_verticle_strip_fu_565/grp_makePatch_alignedToLine_fu_1322/grp_alignedtoline_per_layer_loop8_fu_183/grp_p_find_boundaries_and_starting_index_and_value9_fu_922/p_find_left_and_right_boundaries11_U0/m_51_reg_2513_reg[0]_i_44_n_17
    SLICE_X110Y167       CARRY4 (Prop_carry4_CI_O[0])
                                                      0.104     1.610 f  bd_0_i/hls_inst/inst/grp_p_shadowquilt_main_loop_make_verticle_strip_fu_565/grp_makePatch_alignedToLine_fu_1322/grp_alignedtoline_per_layer_loop8_fu_183/grp_p_find_boundaries_and_starting_index_and_value9_fu_922/p_find_left_and_right_boundaries11_U0/m_51_reg_2513_reg[0]_i_41/O[0]
                         net (fo=4, routed)           0.435     2.045    bd_0_i/hls_inst/inst/grp_p_shadowquilt_main_loop_make_verticle_strip_fu_565/grp_makePatch_alignedToLine_fu_1322/grp_alignedtoline_per_layer_loop8_fu_183/grp_p_find_boundaries_and_starting_index_and_value9_fu_922/p_find_left_and_right_boundaries11_U0/man_V_9_fu_2155_p2[38]
    SLICE_X114Y169       LUT5 (Prop_lut5_I2_O)        0.128     2.173 f  bd_0_i/hls_inst/inst/grp_p_shadowquilt_main_loop_make_verticle_strip_fu_565/grp_makePatch_alignedToLine_fu_1322/grp_alignedtoline_per_layer_loop8_fu_183/grp_p_find_boundaries_and_starting_index_and_value9_fu_922/p_find_left_and_right_boundaries11_U0/lbVal_constprop[6]_i_4/O
                         net (fo=1, routed)           0.305     2.478    bd_0_i/hls_inst/inst/grp_p_shadowquilt_main_loop_make_verticle_strip_fu_565/grp_makePatch_alignedToLine_fu_1322/grp_alignedtoline_per_layer_loop8_fu_183/grp_p_find_boundaries_and_starting_index_and_value9_fu_922/p_find_left_and_right_boundaries11_U0/lbVal_constprop[6]_i_4_n_17
    SLICE_X116Y169       LUT6 (Prop_lut6_I5_O)        0.132     2.610 f  bd_0_i/hls_inst/inst/grp_p_shadowquilt_main_loop_make_verticle_strip_fu_565/grp_makePatch_alignedToLine_fu_1322/grp_alignedtoline_per_layer_loop8_fu_183/grp_p_find_boundaries_and_starting_index_and_value9_fu_922/p_find_left_and_right_boundaries11_U0/lbVal_constprop[6]_i_3/O
                         net (fo=4, routed)           0.257     2.867    bd_0_i/hls_inst/inst/grp_p_shadowquilt_main_loop_make_verticle_strip_fu_565/grp_makePatch_alignedToLine_fu_1322/grp_alignedtoline_per_layer_loop8_fu_183/grp_p_find_boundaries_and_starting_index_and_value9_fu_922/p_find_left_and_right_boundaries11_U0/lbVal_constprop[6]_i_3_n_17
    SLICE_X115Y169       LUT5 (Prop_lut5_I0_O)        0.043     2.910 f  bd_0_i/hls_inst/inst/grp_p_shadowquilt_main_loop_make_verticle_strip_fu_565/grp_makePatch_alignedToLine_fu_1322/grp_alignedtoline_per_layer_loop8_fu_183/grp_p_find_boundaries_and_starting_index_and_value9_fu_922/p_find_left_and_right_boundaries11_U0/m_51_reg_2513[0]_i_10/O
                         net (fo=1, routed)           0.286     3.197    bd_0_i/hls_inst/inst/grp_p_shadowquilt_main_loop_make_verticle_strip_fu_565/grp_makePatch_alignedToLine_fu_1322/grp_alignedtoline_per_layer_loop8_fu_183/grp_p_find_boundaries_and_starting_index_and_value9_fu_922/p_find_left_and_right_boundaries11_U0/m_51_reg_2513[0]_i_10_n_17
    SLICE_X115Y168       LUT6 (Prop_lut6_I5_O)        0.043     3.240 r  bd_0_i/hls_inst/inst/grp_p_shadowquilt_main_loop_make_verticle_strip_fu_565/grp_makePatch_alignedToLine_fu_1322/grp_alignedtoline_per_layer_loop8_fu_183/grp_p_find_boundaries_and_starting_index_and_value9_fu_922/p_find_left_and_right_boundaries11_U0/m_51_reg_2513[0]_i_3/O
                         net (fo=1, routed)           0.423     3.663    bd_0_i/hls_inst/inst/grp_p_shadowquilt_main_loop_make_verticle_strip_fu_565/grp_makePatch_alignedToLine_fu_1322/grp_alignedtoline_per_layer_loop8_fu_183/grp_p_find_boundaries_and_starting_index_and_value9_fu_922/p_find_left_and_right_boundaries11_U0/m_51_reg_2513[0]_i_3_n_17
    SLICE_X115Y162       LUT6 (Prop_lut6_I3_O)        0.043     3.706 f  bd_0_i/hls_inst/inst/grp_p_shadowquilt_main_loop_make_verticle_strip_fu_565/grp_makePatch_alignedToLine_fu_1322/grp_alignedtoline_per_layer_loop8_fu_183/grp_p_find_boundaries_and_starting_index_and_value9_fu_922/p_find_left_and_right_boundaries11_U0/m_51_reg_2513[0]_i_1/O
                         net (fo=9, routed)           0.394     4.100    bd_0_i/hls_inst/inst/grp_p_shadowquilt_main_loop_make_verticle_strip_fu_565/grp_makePatch_alignedToLine_fu_1322/grp_alignedtoline_per_layer_loop8_fu_183/grp_p_find_boundaries_and_starting_index_and_value9_fu_922/p_find_left_and_right_boundaries11_U0/lbVal_constprop_reg[0][0]
    SLICE_X117Y160       LUT1 (Prop_lut1_I0_O)        0.043     4.143 r  bd_0_i/hls_inst/inst/grp_p_shadowquilt_main_loop_make_verticle_strip_fu_565/grp_makePatch_alignedToLine_fu_1322/grp_alignedtoline_per_layer_loop8_fu_183/grp_p_find_boundaries_and_starting_index_and_value9_fu_922/p_find_left_and_right_boundaries11_U0/m_51_reg_2513[4]_i_4/O
                         net (fo=1, routed)           0.274     4.417    bd_0_i/hls_inst/inst/grp_p_shadowquilt_main_loop_make_verticle_strip_fu_565/grp_makePatch_alignedToLine_fu_1322/grp_alignedtoline_per_layer_loop8_fu_183/grp_p_find_boundaries_and_starting_index_and_value9_fu_922/p_find_left_and_right_boundaries11_U0/m_51_reg_2513[4]_i_4_n_17
    SLICE_X114Y157       CARRY4 (Prop_carry4_CYINIT_CO[3])
                                                      0.289     4.706 r  bd_0_i/hls_inst/inst/grp_p_shadowquilt_main_loop_make_verticle_strip_fu_565/grp_makePatch_alignedToLine_fu_1322/grp_alignedtoline_per_layer_loop8_fu_183/grp_p_find_boundaries_and_starting_index_and_value9_fu_922/p_find_left_and_right_boundaries11_U0/m_51_reg_2513_reg[4]_i_2/CO[3]
                         net (fo=1, routed)           0.000     4.706    bd_0_i/hls_inst/inst/grp_p_shadowquilt_main_loop_make_verticle_strip_fu_565/grp_makePatch_alignedToLine_fu_1322/grp_alignedtoline_per_layer_loop8_fu_183/grp_p_find_boundaries_and_starting_index_and_value9_fu_922/p_find_left_and_right_boundaries11_U0/m_51_reg_2513_reg[4]_i_2_n_17
    SLICE_X114Y158       CARRY4 (Prop_carry4_CI_CO[3])
                                                      0.050     4.756 r  bd_0_i/hls_inst/inst/grp_p_shadowquilt_main_loop_make_verticle_strip_fu_565/grp_makePatch_alignedToLine_fu_1322/grp_alignedtoline_per_layer_loop8_fu_183/grp_p_find_boundaries_and_starting_index_and_value9_fu_922/p_find_left_and_right_boundaries11_U0/m_51_reg_2513_reg[8]_i_2/CO[3]
                         net (fo=1, routed)           0.000     4.756    bd_0_i/hls_inst/inst/grp_p_shadowquilt_main_loop_make_verticle_strip_fu_565/grp_makePatch_alignedToLine_fu_1322/grp_alignedtoline_per_layer_loop8_fu_183/grp_p_find_boundaries_and_starting_index_and_value9_fu_922/p_find_left_and_right_boundaries11_U0/m_51_reg_2513_reg[8]_i_2_n_17
    SLICE_X114Y159       CARRY4 (Prop_carry4_CI_CO[3])
                                                      0.050     4.806 r  bd_0_i/hls_inst/inst/grp_p_shadowquilt_main_loop_make_verticle_strip_fu_565/grp_makePatch_alignedToLine_fu_1322/grp_alignedtoline_per_layer_loop8_fu_183/grp_p_find_boundaries_and_starting_index_and_value9_fu_922/p_find_left_and_right_boundaries11_U0/m_51_reg_2513_reg[12]_i_2/CO[3]
                         net (fo=1, routed)           0.000     4.806    bd_0_i/hls_inst/inst/grp_p_shadowquilt_main_loop_make_verticle_strip_fu_565/grp_makePatch_alignedToLine_fu_1322/grp_alignedtoline_per_layer_loop8_fu_183/grp_p_find_boundaries_and_starting_index_and_value9_fu_922/p_find_left_and_right_boundaries11_U0/m_51_reg_2513_reg[12]_i_2_n_17
    SLICE_X114Y160       CARRY4 (Prop_carry4_CI_CO[3])
                                                      0.050     4.856 r  bd_0_i/hls_inst/inst/grp_p_shadowquilt_main_loop_make_verticle_strip_fu_565/grp_makePatch_alignedToLine_fu_1322/grp_alignedtoline_per_layer_loop8_fu_183/grp_p_find_boundaries_and_starting_index_and_value9_fu_922/p_find_left_and_right_boundaries11_U0/m_51_reg_2513_reg[16]_i_2/CO[3]
                         net (fo=1, routed)           0.000     4.856    bd_0_i/hls_inst/inst/grp_p_shadowquilt_main_loop_make_verticle_strip_fu_565/grp_makePatch_alignedToLine_fu_1322/grp_alignedtoline_per_layer_loop8_fu_183/grp_p_find_boundaries_and_starting_index_and_value9_fu_922/p_find_left_and_right_boundaries11_U0/m_51_reg_2513_reg[16]_i_2_n_17
    SLICE_X114Y161       CARRY4 (Prop_carry4_CI_CO[3])
                                                      0.050     4.906 r  bd_0_i/hls_inst/inst/grp_p_shadowquilt_main_loop_make_verticle_strip_fu_565/grp_makePatch_alignedToLine_fu_1322/grp_alignedtoline_per_layer_loop8_fu_183/grp_p_find_boundaries_and_starting_index_and_value9_fu_922/p_find_left_and_right_boundaries11_U0/m_51_reg_2513_reg[20]_i_2/CO[3]
                         net (fo=1, routed)           0.000     4.906    bd_0_i/hls_inst/inst/grp_p_shadowquilt_main_loop_make_verticle_strip_fu_565/grp_makePatch_alignedToLine_fu_1322/grp_alignedtoline_per_layer_loop8_fu_183/grp_p_find_boundaries_and_starting_index_and_value9_fu_922/p_find_left_and_right_boundaries11_U0/m_51_reg_2513_reg[20]_i_2_n_17
    SLICE_X114Y162       CARRY4 (Prop_carry4_CI_O[0])
                                                      0.102     5.008 f  bd_0_i/hls_inst/inst/grp_p_shadowquilt_main_loop_make_verticle_strip_fu_565/grp_makePatch_alignedToLine_fu_1322/grp_alignedtoline_per_layer_loop8_fu_183/grp_p_find_boundaries_and_starting_index_and_value9_fu_922/p_find_left_and_right_boundaries11_U0/m_51_reg_2513_reg[24]_i_2/O[0]
                         net (fo=4, routed)           0.507     5.515    bd_0_i/hls_inst/inst/grp_p_shadowquilt_main_loop_make_verticle_strip_fu_565/grp_makePatch_alignedToLine_fu_1322/grp_alignedtoline_per_layer_loop8_fu_183/grp_p_find_boundaries_and_starting_index_and_value9_fu_922/p_find_left_and_right_boundaries11_U0/tmp_V_11_fu_915_p2[21]
    SLICE_X112Y160       LUT5 (Prop_lut5_I1_O)        0.124     5.639 f  bd_0_i/hls_inst/inst/grp_p_shadowquilt_main_loop_make_verticle_strip_fu_565/grp_makePatch_alignedToLine_fu_1322/grp_alignedtoline_per_layer_loop8_fu_183/grp_p_find_boundaries_and_starting_index_and_value9_fu_922/p_find_left_and_right_boundaries11_U0/sub_ln947_3_reg_2537[0]_i_7/O
                         net (fo=2, routed)           0.430     6.069    bd_0_i/hls_inst/inst/grp_p_shadowquilt_main_loop_make_verticle_strip_fu_565/grp_makePatch_alignedToLine_fu_1322/grp_alignedtoline_per_layer_loop8_fu_183/grp_p_find_boundaries_and_starting_index_and_value9_fu_922/p_find_left_and_right_boundaries11_U0/sub_ln947_3_reg_2537[0]_i_7_n_17
    SLICE_X113Y158       LUT5 (Prop_lut5_I3_O)        0.129     6.198 f  bd_0_i/hls_inst/inst/grp_p_shadowquilt_main_loop_make_verticle_strip_fu_565/grp_makePatch_alignedToLine_fu_1322/grp_alignedtoline_per_layer_loop8_fu_183/grp_p_find_boundaries_and_starting_index_and_value9_fu_922/p_find_left_and_right_boundaries11_U0/sub_ln947_3_reg_2537[0]_i_5/O
                         net (fo=2, routed)           0.355     6.553    bd_0_i/hls_inst/inst/grp_p_shadowquilt_main_loop_make_verticle_strip_fu_565/grp_makePatch_alignedToLine_fu_1322/grp_alignedtoline_per_layer_loop8_fu_183/grp_p_find_boundaries_and_starting_index_and_value9_fu_922/p_find_left_and_right_boundaries11_U0/sub_ln947_3_reg_2537[0]_i_5_n_17
    SLICE_X113Y159       LUT6 (Prop_lut6_I4_O)        0.043     6.596 r  bd_0_i/hls_inst/inst/grp_p_shadowquilt_main_loop_make_verticle_strip_fu_565/grp_makePatch_alignedToLine_fu_1322/grp_alignedtoline_per_layer_loop8_fu_183/grp_p_find_boundaries_and_starting_index_and_value9_fu_922/p_find_left_and_right_boundaries11_U0/trunc_ln943_3_reg_2548[0]_i_1/O
                         net (fo=9, routed)           0.606     7.202    bd_0_i/hls_inst/inst/grp_p_shadowquilt_main_loop_make_verticle_strip_fu_565/grp_makePatch_alignedToLine_fu_1322/grp_alignedtoline_per_layer_loop8_fu_183/grp_p_find_boundaries_and_starting_index_and_value9_fu_922/p_find_left_and_right_boundaries11_U0/trunc_ln943_3_reg_2548[0]_i_1_n_17
    SLICE_X113Y156       LUT2 (Prop_lut2_I1_O)        0.050     7.252 f  bd_0_i/hls_inst/inst/grp_p_shadowquilt_main_loop_make_verticle_strip_fu_565/grp_makePatch_alignedToLine_fu_1322/grp_alignedtoline_per_layer_loop8_fu_183/grp_p_find_boundaries_and_starting_index_and_value9_fu_922/p_find_left_and_right_boundaries11_U0/sub_ln944_3_reg_2519[1]_i_1/O
                         net (fo=5, routed)           0.307     7.558    bd_0_i/hls_inst/inst/grp_p_shadowquilt_main_loop_make_verticle_strip_fu_565/grp_makePatch_alignedToLine_fu_1322/grp_alignedtoline_per_layer_loop8_fu_183/grp_p_find_boundaries_and_starting_index_and_value9_fu_922/p_find_left_and_right_boundaries11_U0/sub_ln944_3_fu_947_p2[1]
    SLICE_X114Y156       LUT2 (Prop_lut2_I1_O)        0.133     7.691 r  bd_0_i/hls_inst/inst/grp_p_shadowquilt_main_loop_make_verticle_strip_fu_565/grp_makePatch_alignedToLine_fu_1322/grp_alignedtoline_per_layer_loop8_fu_183/grp_p_find_boundaries_and_starting_index_and_value9_fu_922/p_find_left_and_right_boundaries11_U0/sub_ln947_3_reg_2537[5]_i_2/O
                         net (fo=3, routed)           0.413     8.104    bd_0_i/hls_inst/inst/grp_p_shadowquilt_main_loop_make_verticle_strip_fu_565/grp_makePatch_alignedToLine_fu_1322/grp_alignedtoline_per_layer_loop8_fu_183/grp_p_find_boundaries_and_starting_index_and_value9_fu_922/p_find_left_and_right_boundaries11_U0/sub_ln947_3_reg_2537[5]_i_2_n_17
    SLICE_X112Y156       LUT5 (Prop_lut5_I2_O)        0.134     8.238 r  bd_0_i/hls_inst/inst/grp_p_shadowquilt_main_loop_make_verticle_strip_fu_565/grp_makePatch_alignedToLine_fu_1322/grp_alignedtoline_per_layer_loop8_fu_183/grp_p_find_boundaries_and_starting_index_and_value9_fu_922/p_find_left_and_right_boundaries11_U0/sub_ln947_3_reg_2537[4]_i_1/O
                         net (fo=1, routed)           0.000     8.238    bd_0_i/hls_inst/inst/grp_p_shadowquilt_main_loop_make_verticle_strip_fu_565/grp_makePatch_alignedToLine_fu_1322/grp_alignedtoline_per_layer_loop8_fu_183/grp_p_find_boundaries_and_starting_index_and_value9_fu_922/p_find_left_and_right_boundaries11_U0/sub_ln947_3_fu_973_p2[4]
    SLICE_X112Y156       FDRE                                         r  bd_0_i/hls_inst/inst/grp_p_shadowquilt_main_loop_make_verticle_strip_fu_565/grp_makePatch_alignedToLine_fu_1322/grp_alignedtoline_per_layer_loop8_fu_183/grp_p_find_boundaries_and_starting_index_and_value9_fu_922/p_find_left_and_right_boundaries11_U0/sub_ln947_3_reg_2537_reg[4]/D
  -------------------------------------------------------------------    -------------------

                         (clock ap_clk rise edge)    10.000    10.000 r  
                                                      0.000    10.000 r  ap_clk (IN)
                         net (fo=16362, unset)        0.483    10.483    bd_0_i/hls_inst/inst/grp_p_shadowquilt_main_loop_make_verticle_strip_fu_565/grp_makePatch_alignedToLine_fu_1322/grp_alignedtoline_per_layer_loop8_fu_183/grp_p_find_boundaries_and_starting_index_and_value9_fu_922/p_find_left_and_right_boundaries11_U0/ap_clk
    SLICE_X112Y156       FDRE                                         r  bd_0_i/hls_inst/inst/grp_p_shadowquilt_main_loop_make_verticle_strip_fu_565/grp_makePatch_alignedToLine_fu_1322/grp_alignedtoline_per_layer_loop8_fu_183/grp_p_find_boundaries_and_starting_index_and_value9_fu_922/p_find_left_and_right_boundaries11_U0/sub_ln947_3_reg_2537_reg[4]/C
                         clock pessimism              0.000    10.483    
                         clock uncertainty           -0.035    10.447    
    SLICE_X112Y156       FDRE (Setup_fdre_C_D)        0.052    10.499    bd_0_i/hls_inst/inst/grp_p_shadowquilt_main_loop_make_verticle_strip_fu_565/grp_makePatch_alignedToLine_fu_1322/grp_alignedtoline_per_layer_loop8_fu_183/grp_p_find_boundaries_and_starting_index_and_value9_fu_922/p_find_left_and_right_boundaries11_U0/sub_ln947_3_reg_2537_reg[4]
  -------------------------------------------------------------------
                         required time                         10.499    
                         arrival time                          -8.238    
  -------------------------------------------------------------------
                         slack                                  2.261    

Slack (MET) :             2.263ns  (required time - arrival time)
  Source:                 bd_0_i/hls_inst/inst/grp_p_shadowquilt_main_loop_make_verticle_strip_fu_565/grp_makePatch_alignedToLine_fu_1322/grp_alignedtoline_per_layer_loop8_fu_183/mul_33s_25ns_58_1_1_U43/system_top_mul_33s_25ns_58_1_1_Multiplier_0_U/p__1/CLK
                            (rising edge-triggered cell DSP48E1 clocked by ap_clk  {rise@0.000ns fall@5.000ns period=10.000ns})
  Destination:            bd_0_i/hls_inst/inst/grp_p_shadowquilt_main_loop_make_verticle_strip_fu_565/grp_makePatch_alignedToLine_fu_1322/grp_alignedtoline_per_layer_loop8_fu_183/mul_78s_108ns_185_3_1_U44/system_top_mul_78s_108ns_185_3_1_Multiplier_1_U/tmp_product__1/A[15]
                            (rising edge-triggered cell DSP48E1 clocked by ap_clk  {rise@0.000ns fall@5.000ns period=10.000ns})
  Path Group:             ap_clk
  Path Type:              Setup (Max at Slow Process Corner)
  Requirement:            10.000ns  (ap_clk rise@10.000ns - ap_clk rise@0.000ns)
  Data Path Delay:        7.369ns  (logic 4.265ns (57.874%)  route 3.104ns (42.126%))
  Logic Levels:           10  (CARRY4=8 DSP48E1=1 LUT2=1)
  Clock Path Skew:        -0.025ns (DCD - SCD + CPR)
    Destination Clock Delay (DCD):    0.483ns = ( 10.483 - 10.000 ) 
    Source Clock Delay      (SCD):    0.508ns
    Clock Pessimism Removal (CPR):    0.000ns
  Clock Uncertainty:      0.035ns  ((TSJ^2 + TIJ^2)^1/2 + DJ) / 2 + PE
    Total System Jitter     (TSJ):    0.071ns
    Total Input Jitter      (TIJ):    0.000ns
    Discrete Jitter          (DJ):    0.000ns
    Phase Error              (PE):    0.000ns

    Location             Delay type                Incr(ns)  Path(ns)    Netlist Resource(s)
  -------------------------------------------------------------------    -------------------
                         (clock ap_clk rise edge)     0.000     0.000 r  
                                                      0.000     0.000 r  ap_clk (IN)
                         net (fo=16362, unset)        0.508     0.508    bd_0_i/hls_inst/inst/grp_p_shadowquilt_main_loop_make_verticle_strip_fu_565/grp_makePatch_alignedToLine_fu_1322/grp_alignedtoline_per_layer_loop8_fu_183/mul_33s_25ns_58_1_1_U43/system_top_mul_33s_25ns_58_1_1_Multiplier_0_U/ap_clk
    DSP48_X5Y10          DSP48E1                                      r  bd_0_i/hls_inst/inst/grp_p_shadowquilt_main_loop_make_verticle_strip_fu_565/grp_makePatch_alignedToLine_fu_1322/grp_alignedtoline_per_layer_loop8_fu_183/mul_33s_25ns_58_1_1_U43/system_top_mul_33s_25ns_58_1_1_Multiplier_0_U/p__1/CLK
  -------------------------------------------------------------------    -------------------
    DSP48_X5Y10          DSP48E1 (Prop_dsp48e1_CLK_PCOUT[47])
                                                      2.626     3.134 r  bd_0_i/hls_inst/inst/grp_p_shadowquilt_main_loop_make_verticle_strip_fu_565/grp_makePatch_alignedToLine_fu_1322/grp_alignedtoline_per_layer_loop8_fu_183/mul_33s_25ns_58_1_1_U43/system_top_mul_33s_25ns_58_1_1_Multiplier_0_U/p__1/PCOUT[47]
                         net (fo=1, routed)           0.000     3.134    bd_0_i/hls_inst/inst/grp_p_shadowquilt_main_loop_make_verticle_strip_fu_565/grp_makePatch_alignedToLine_fu_1322/grp_alignedtoline_per_layer_loop8_fu_183/mul_33s_25ns_58_1_1_U43/system_top_mul_33s_25ns_58_1_1_Multiplier_0_U/p__1_n_123
    DSP48_X5Y11          DSP48E1 (Prop_dsp48e1_PCIN[47]_P[0])
                                                      0.938     4.072 r  bd_0_i/hls_inst/inst/grp_p_shadowquilt_main_loop_make_verticle_strip_fu_565/grp_makePatch_alignedToLine_fu_1322/grp_alignedtoline_per_layer_loop8_fu_183/mul_33s_25ns_58_1_1_U43/system_top_mul_33s_25ns_58_1_1_Multiplier_0_U/p__2/P[0]
                         net (fo=2, routed)           0.676     4.748    bd_0_i/hls_inst/inst/grp_p_shadowquilt_main_loop_make_verticle_strip_fu_565/grp_makePatch_alignedToLine_fu_1322/grp_alignedtoline_per_layer_loop8_fu_183/mul_33s_25ns_58_1_1_U43/system_top_mul_33s_25ns_58_1_1_Multiplier_0_U/p__2_0[0]
    SLICE_X105Y20        LUT2 (Prop_lut2_I0_O)        0.043     4.791 r  bd_0_i/hls_inst/inst/grp_p_shadowquilt_main_loop_make_verticle_strip_fu_565/grp_makePatch_alignedToLine_fu_1322/grp_alignedtoline_per_layer_loop8_fu_183/mul_33s_25ns_58_1_1_U43/system_top_mul_33s_25ns_58_1_1_Multiplier_0_U/tmp_product__0_i_19/O
                         net (fo=1, routed)           0.000     4.791    bd_0_i/hls_inst/inst/grp_p_shadowquilt_main_loop_make_verticle_strip_fu_565_n_19
    SLICE_X105Y20        CARRY4 (Prop_carry4_S[1]_CO[3])
                                                      0.257     5.048 r  bd_0_i/hls_inst/inst/mul_33s_25ns_58_1_1_U43/system_top_mul_33s_25ns_58_1_1_Multiplier_0_U/tmp_product__0_i_4/CO[3]
                         net (fo=1, routed)           0.000     5.048    bd_0_i/hls_inst/inst/mul_33s_25ns_58_1_1_U43/system_top_mul_33s_25ns_58_1_1_Multiplier_0_U/tmp_product__0_i_4_n_17
    SLICE_X105Y21        CARRY4 (Prop_carry4_CI_CO[3])
                                                      0.049     5.097 r  bd_0_i/hls_inst/inst/mul_33s_25ns_58_1_1_U43/system_top_mul_33s_25ns_58_1_1_Multiplier_0_U/tmp_product__0_i_3/CO[3]
                         net (fo=1, routed)           0.000     5.097    bd_0_i/hls_inst/inst/mul_33s_25ns_58_1_1_U43/system_top_mul_33s_25ns_58_1_1_Multiplier_0_U/tmp_product__0_i_3_n_17
    SLICE_X105Y22        CARRY4 (Prop_carry4_CI_CO[3])
                                                      0.049     5.146 r  bd_0_i/hls_inst/inst/mul_33s_25ns_58_1_1_U43/system_top_mul_33s_25ns_58_1_1_Multiplier_0_U/tmp_product__0_i_2/CO[3]
                         net (fo=1, routed)           0.000     5.146    bd_0_i/hls_inst/inst/mul_33s_25ns_58_1_1_U43/system_top_mul_33s_25ns_58_1_1_Multiplier_0_U/tmp_product__0_i_2_n_17
    SLICE_X105Y23        CARRY4 (Prop_carry4_CI_CO[3])
                                                      0.049     5.195 r  bd_0_i/hls_inst/inst/mul_33s_25ns_58_1_1_U43/system_top_mul_33s_25ns_58_1_1_Multiplier_0_U/tmp_product__0_i_1/CO[3]
                         net (fo=1, routed)           0.000     5.195    bd_0_i/hls_inst/inst/mul_33s_25ns_58_1_1_U43/system_top_mul_33s_25ns_58_1_1_Multiplier_0_U/tmp_product__0_i_1_n_17
    SLICE_X105Y24        CARRY4 (Prop_carry4_CI_CO[3])
                                                      0.049     5.244 r  bd_0_i/hls_inst/inst/mul_33s_25ns_58_1_1_U43/system_top_mul_33s_25ns_58_1_1_Multiplier_0_U/tmp_product__1_i_4/CO[3]
                         net (fo=1, routed)           0.007     5.251    bd_0_i/hls_inst/inst/mul_33s_25ns_58_1_1_U43/system_top_mul_33s_25ns_58_1_1_Multiplier_0_U/tmp_product__1_i_4_n_17
    SLICE_X105Y25        CARRY4 (Prop_carry4_CI_CO[3])
                                                      0.049     5.300 r  bd_0_i/hls_inst/inst/mul_33s_25ns_58_1_1_U43/system_top_mul_33s_25ns_58_1_1_Multiplier_0_U/tmp_product__1_i_3/CO[3]
                         net (fo=1, routed)           0.000     5.300    bd_0_i/hls_inst/inst/mul_33s_25ns_58_1_1_U43/system_top_mul_33s_25ns_58_1_1_Multiplier_0_U/tmp_product__1_i_3_n_17
    SLICE_X105Y26        CARRY4 (Prop_carry4_CI_CO[3])
                                                      0.049     5.349 r  bd_0_i/hls_inst/inst/mul_33s_25ns_58_1_1_U43/system_top_mul_33s_25ns_58_1_1_Multiplier_0_U/tmp_product__1_i_2/CO[3]
                         net (fo=1, routed)           0.000     5.349    bd_0_i/hls_inst/inst/mul_33s_25ns_58_1_1_U43/system_top_mul_33s_25ns_58_1_1_Multiplier_0_U/tmp_product__1_i_2_n_17
    SLICE_X105Y27        CARRY4 (Prop_carry4_CI_O[2])
                                                      0.107     5.456 r  bd_0_i/hls_inst/inst/mul_33s_25ns_58_1_1_U43/system_top_mul_33s_25ns_58_1_1_Multiplier_0_U/tmp_product__1_i_1/O[2]
                         net (fo=6, routed)           2.422     7.877    bd_0_i/hls_inst/inst/grp_p_shadowquilt_main_loop_make_verticle_strip_fu_565/grp_makePatch_alignedToLine_fu_1322/grp_alignedtoline_per_layer_loop8_fu_183/mul_78s_108ns_185_3_1_U44/system_top_mul_78s_108ns_185_3_1_Multiplier_1_U/tmp_product__1_0[30]
    DSP48_X3Y13          DSP48E1                                      r  bd_0_i/hls_inst/inst/grp_p_shadowquilt_main_loop_make_verticle_strip_fu_565/grp_makePatch_alignedToLine_fu_1322/grp_alignedtoline_per_layer_loop8_fu_183/mul_78s_108ns_185_3_1_U44/system_top_mul_78s_108ns_185_3_1_Multiplier_1_U/tmp_product__1/A[15]
  -------------------------------------------------------------------    -------------------

                         (clock ap_clk rise edge)    10.000    10.000 r  
                                                      0.000    10.000 r  ap_clk (IN)
                         net (fo=16362, unset)        0.483    10.483    bd_0_i/hls_inst/inst/grp_p_shadowquilt_main_loop_make_verticle_strip_fu_565/grp_makePatch_alignedToLine_fu_1322/grp_alignedtoline_per_layer_loop8_fu_183/mul_78s_108ns_185_3_1_U44/system_top_mul_78s_108ns_185_3_1_Multiplier_1_U/ap_clk
    DSP48_X3Y13          DSP48E1                                      r  bd_0_i/hls_inst/inst/grp_p_shadowquilt_main_loop_make_verticle_strip_fu_565/grp_makePatch_alignedToLine_fu_1322/grp_alignedtoline_per_layer_loop8_fu_183/mul_78s_108ns_185_3_1_U44/system_top_mul_78s_108ns_185_3_1_Multiplier_1_U/tmp_product__1/CLK
                         clock pessimism              0.000    10.483    
                         clock uncertainty           -0.035    10.447    
    DSP48_X3Y13          DSP48E1 (Setup_dsp48e1_CLK_A[15])
                                                     -0.307    10.140    bd_0_i/hls_inst/inst/grp_p_shadowquilt_main_loop_make_verticle_strip_fu_565/grp_makePatch_alignedToLine_fu_1322/grp_alignedtoline_per_layer_loop8_fu_183/mul_78s_108ns_185_3_1_U44/system_top_mul_78s_108ns_185_3_1_Multiplier_1_U/tmp_product__1
  -------------------------------------------------------------------
                         required time                         10.140    
                         arrival time                          -7.877    
  -------------------------------------------------------------------
                         slack                                  2.263    

Slack (MET) :             2.324ns  (required time - arrival time)
  Source:                 bd_0_i/hls_inst/inst/grp_p_shadowquilt_main_loop_make_verticle_strip_fu_565/grp_makePatch_alignedToLine_fu_1322/grp_alignedtoline_per_layer_loop8_fu_183/grp_p_find_boundaries_and_starting_index_and_value9_fu_922/p_find_left_and_right_boundaries11_U0/trunc_ln565_2_reg_2793_reg[29]/C
                            (rising edge-triggered cell FDRE clocked by ap_clk  {rise@0.000ns fall@5.000ns period=10.000ns})
  Destination:            bd_0_i/hls_inst/inst/grp_p_shadowquilt_main_loop_make_verticle_strip_fu_565/grp_makePatch_alignedToLine_fu_1322/grp_alignedtoline_per_layer_loop8_fu_183/grp_p_find_boundaries_and_starting_index_and_value9_fu_922/p_find_left_and_right_boundaries11_U0/p_Result_91_reg_2542_reg[0]/D
                            (rising edge-triggered cell FDRE clocked by ap_clk  {rise@0.000ns fall@5.000ns period=10.000ns})
  Path Group:             ap_clk
  Path Type:              Setup (Max at Slow Process Corner)
  Requirement:            10.000ns  (ap_clk rise@10.000ns - ap_clk rise@0.000ns)
  Data Path Delay:        7.646ns  (logic 2.229ns (29.152%)  route 5.417ns (70.848%))
  Logic Levels:           22  (CARRY4=9 LUT1=2 LUT2=1 LUT5=4 LUT6=6)
  Clock Path Skew:        -0.025ns (DCD - SCD + CPR)
    Destination Clock Delay (DCD):    0.483ns = ( 10.483 - 10.000 ) 
    Source Clock Delay      (SCD):    0.508ns
    Clock Pessimism Removal (CPR):    0.000ns
  Clock Uncertainty:      0.035ns  ((TSJ^2 + TIJ^2)^1/2 + DJ) / 2 + PE
    Total System Jitter     (TSJ):    0.071ns
    Total Input Jitter      (TIJ):    0.000ns
    Discrete Jitter          (DJ):    0.000ns
    Phase Error              (PE):    0.000ns

    Location             Delay type                Incr(ns)  Path(ns)    Netlist Resource(s)
  -------------------------------------------------------------------    -------------------
                         (clock ap_clk rise edge)     0.000     0.000 r  
                                                      0.000     0.000 r  ap_clk (IN)
                         net (fo=16362, unset)        0.508     0.508    bd_0_i/hls_inst/inst/grp_p_shadowquilt_main_loop_make_verticle_strip_fu_565/grp_makePatch_alignedToLine_fu_1322/grp_alignedtoline_per_layer_loop8_fu_183/grp_p_find_boundaries_and_starting_index_and_value9_fu_922/p_find_left_and_right_boundaries11_U0/ap_clk
    SLICE_X109Y165       FDRE                                         r  bd_0_i/hls_inst/inst/grp_p_shadowquilt_main_loop_make_verticle_strip_fu_565/grp_makePatch_alignedToLine_fu_1322/grp_alignedtoline_per_layer_loop8_fu_183/grp_p_find_boundaries_and_starting_index_and_value9_fu_922/p_find_left_and_right_boundaries11_U0/trunc_ln565_2_reg_2793_reg[29]/C
  -------------------------------------------------------------------    -------------------
    SLICE_X109Y165       FDRE (Prop_fdre_C_Q)         0.216     0.724 f  bd_0_i/hls_inst/inst/grp_p_shadowquilt_main_loop_make_verticle_strip_fu_565/grp_makePatch_alignedToLine_fu_1322/grp_alignedtoline_per_layer_loop8_fu_183/grp_p_find_boundaries_and_starting_index_and_value9_fu_922/p_find_left_and_right_boundaries11_U0/trunc_ln565_2_reg_2793_reg[29]/Q
                         net (fo=6, routed)           0.311     1.035    bd_0_i/hls_inst/inst/grp_p_shadowquilt_main_loop_make_verticle_strip_fu_565/grp_makePatch_alignedToLine_fu_1322/grp_alignedtoline_per_layer_loop8_fu_183/grp_p_find_boundaries_and_starting_index_and_value9_fu_922/p_find_left_and_right_boundaries11_U0/zext_ln569_2_fu_2151_p1[29]
    SLICE_X111Y165       LUT1 (Prop_lut1_I0_O)        0.043     1.078 r  bd_0_i/hls_inst/inst/grp_p_shadowquilt_main_loop_make_verticle_strip_fu_565/grp_makePatch_alignedToLine_fu_1322/grp_alignedtoline_per_layer_loop8_fu_183/grp_p_find_boundaries_and_starting_index_and_value9_fu_922/p_find_left_and_right_boundaries11_U0/m_51_reg_2513[28]_i_24/O
                         net (fo=1, routed)           0.100     1.178    bd_0_i/hls_inst/inst/grp_p_shadowquilt_main_loop_make_verticle_strip_fu_565/grp_makePatch_alignedToLine_fu_1322/grp_alignedtoline_per_layer_loop8_fu_183/grp_p_find_boundaries_and_starting_index_and_value9_fu_922/p_find_left_and_right_boundaries11_U0/m_51_reg_2513[28]_i_24_n_17
    SLICE_X110Y165       CARRY4 (Prop_carry4_CYINIT_CO[3])
                                                      0.279     1.457 r  bd_0_i/hls_inst/inst/grp_p_shadowquilt_main_loop_make_verticle_strip_fu_565/grp_makePatch_alignedToLine_fu_1322/grp_alignedtoline_per_layer_loop8_fu_183/grp_p_find_boundaries_and_starting_index_and_value9_fu_922/p_find_left_and_right_boundaries11_U0/m_51_reg_2513_reg[28]_i_13/CO[3]
                         net (fo=1, routed)           0.000     1.457    bd_0_i/hls_inst/inst/grp_p_shadowquilt_main_loop_make_verticle_strip_fu_565/grp_makePatch_alignedToLine_fu_1322/grp_alignedtoline_per_layer_loop8_fu_183/grp_p_find_boundaries_and_starting_index_and_value9_fu_922/p_find_left_and_right_boundaries11_U0/m_51_reg_2513_reg[28]_i_13_n_17
    SLICE_X110Y166       CARRY4 (Prop_carry4_CI_CO[3])
                                                      0.049     1.506 r  bd_0_i/hls_inst/inst/grp_p_shadowquilt_main_loop_make_verticle_strip_fu_565/grp_makePatch_alignedToLine_fu_1322/grp_alignedtoline_per_layer_loop8_fu_183/grp_p_find_boundaries_and_starting_index_and_value9_fu_922/p_find_left_and_right_boundaries11_U0/m_51_reg_2513_reg[0]_i_44/CO[3]
                         net (fo=1, routed)           0.000     1.506    bd_0_i/hls_inst/inst/grp_p_shadowquilt_main_loop_make_verticle_strip_fu_565/grp_makePatch_alignedToLine_fu_1322/grp_alignedtoline_per_layer_loop8_fu_183/grp_p_find_boundaries_and_starting_index_and_value9_fu_922/p_find_left_and_right_boundaries11_U0/m_51_reg_2513_reg[0]_i_44_n_17
    SLICE_X110Y167       CARRY4 (Prop_carry4_CI_O[0])
                                                      0.104     1.610 f  bd_0_i/hls_inst/inst/grp_p_shadowquilt_main_loop_make_verticle_strip_fu_565/grp_makePatch_alignedToLine_fu_1322/grp_alignedtoline_per_layer_loop8_fu_183/grp_p_find_boundaries_and_starting_index_and_value9_fu_922/p_find_left_and_right_boundaries11_U0/m_51_reg_2513_reg[0]_i_41/O[0]
                         net (fo=4, routed)           0.435     2.045    bd_0_i/hls_inst/inst/grp_p_shadowquilt_main_loop_make_verticle_strip_fu_565/grp_makePatch_alignedToLine_fu_1322/grp_alignedtoline_per_layer_loop8_fu_183/grp_p_find_boundaries_and_starting_index_and_value9_fu_922/p_find_left_and_right_boundaries11_U0/man_V_9_fu_2155_p2[38]
    SLICE_X114Y169       LUT5 (Prop_lut5_I2_O)        0.128     2.173 f  bd_0_i/hls_inst/inst/grp_p_shadowquilt_main_loop_make_verticle_strip_fu_565/grp_makePatch_alignedToLine_fu_1322/grp_alignedtoline_per_layer_loop8_fu_183/grp_p_find_boundaries_and_starting_index_and_value9_fu_922/p_find_left_and_right_boundaries11_U0/lbVal_constprop[6]_i_4/O
                         net (fo=1, routed)           0.305     2.478    bd_0_i/hls_inst/inst/grp_p_shadowquilt_main_loop_make_verticle_strip_fu_565/grp_makePatch_alignedToLine_fu_1322/grp_alignedtoline_per_layer_loop8_fu_183/grp_p_find_boundaries_and_starting_index_and_value9_fu_922/p_find_left_and_right_boundaries11_U0/lbVal_constprop[6]_i_4_n_17
    SLICE_X116Y169       LUT6 (Prop_lut6_I5_O)        0.132     2.610 f  bd_0_i/hls_inst/inst/grp_p_shadowquilt_main_loop_make_verticle_strip_fu_565/grp_makePatch_alignedToLine_fu_1322/grp_alignedtoline_per_layer_loop8_fu_183/grp_p_find_boundaries_and_starting_index_and_value9_fu_922/p_find_left_and_right_boundaries11_U0/lbVal_constprop[6]_i_3/O
                         net (fo=4, routed)           0.257     2.867    bd_0_i/hls_inst/inst/grp_p_shadowquilt_main_loop_make_verticle_strip_fu_565/grp_makePatch_alignedToLine_fu_1322/grp_alignedtoline_per_layer_loop8_fu_183/grp_p_find_boundaries_and_starting_index_and_value9_fu_922/p_find_left_and_right_boundaries11_U0/lbVal_constprop[6]_i_3_n_17
    SLICE_X115Y169       LUT5 (Prop_lut5_I0_O)        0.043     2.910 f  bd_0_i/hls_inst/inst/grp_p_shadowquilt_main_loop_make_verticle_strip_fu_565/grp_makePatch_alignedToLine_fu_1322/grp_alignedtoline_per_layer_loop8_fu_183/grp_p_find_boundaries_and_starting_index_and_value9_fu_922/p_find_left_and_right_boundaries11_U0/m_51_reg_2513[0]_i_10/O
                         net (fo=1, routed)           0.286     3.197    bd_0_i/hls_inst/inst/grp_p_shadowquilt_main_loop_make_verticle_strip_fu_565/grp_makePatch_alignedToLine_fu_1322/grp_alignedtoline_per_layer_loop8_fu_183/grp_p_find_boundaries_and_starting_index_and_value9_fu_922/p_find_left_and_right_boundaries11_U0/m_51_reg_2513[0]_i_10_n_17
    SLICE_X115Y168       LUT6 (Prop_lut6_I5_O)        0.043     3.240 r  bd_0_i/hls_inst/inst/grp_p_shadowquilt_main_loop_make_verticle_strip_fu_565/grp_makePatch_alignedToLine_fu_1322/grp_alignedtoline_per_layer_loop8_fu_183/grp_p_find_boundaries_and_starting_index_and_value9_fu_922/p_find_left_and_right_boundaries11_U0/m_51_reg_2513[0]_i_3/O
                         net (fo=1, routed)           0.423     3.663    bd_0_i/hls_inst/inst/grp_p_shadowquilt_main_loop_make_verticle_strip_fu_565/grp_makePatch_alignedToLine_fu_1322/grp_alignedtoline_per_layer_loop8_fu_183/grp_p_find_boundaries_and_starting_index_and_value9_fu_922/p_find_left_and_right_boundaries11_U0/m_51_reg_2513[0]_i_3_n_17
    SLICE_X115Y162       LUT6 (Prop_lut6_I3_O)        0.043     3.706 f  bd_0_i/hls_inst/inst/grp_p_shadowquilt_main_loop_make_verticle_strip_fu_565/grp_makePatch_alignedToLine_fu_1322/grp_alignedtoline_per_layer_loop8_fu_183/grp_p_find_boundaries_and_starting_index_and_value9_fu_922/p_find_left_and_right_boundaries11_U0/m_51_reg_2513[0]_i_1/O
                         net (fo=9, routed)           0.394     4.100    bd_0_i/hls_inst/inst/grp_p_shadowquilt_main_loop_make_verticle_strip_fu_565/grp_makePatch_alignedToLine_fu_1322/grp_alignedtoline_per_layer_loop8_fu_183/grp_p_find_boundaries_and_starting_index_and_value9_fu_922/p_find_left_and_right_boundaries11_U0/lbVal_constprop_reg[0][0]
    SLICE_X117Y160       LUT1 (Prop_lut1_I0_O)        0.043     4.143 r  bd_0_i/hls_inst/inst/grp_p_shadowquilt_main_loop_make_verticle_strip_fu_565/grp_makePatch_alignedToLine_fu_1322/grp_alignedtoline_per_layer_loop8_fu_183/grp_p_find_boundaries_and_starting_index_and_value9_fu_922/p_find_left_and_right_boundaries11_U0/m_51_reg_2513[4]_i_4/O
                         net (fo=1, routed)           0.274     4.417    bd_0_i/hls_inst/inst/grp_p_shadowquilt_main_loop_make_verticle_strip_fu_565/grp_makePatch_alignedToLine_fu_1322/grp_alignedtoline_per_layer_loop8_fu_183/grp_p_find_boundaries_and_starting_index_and_value9_fu_922/p_find_left_and_right_boundaries11_U0/m_51_reg_2513[4]_i_4_n_17
    SLICE_X114Y157       CARRY4 (Prop_carry4_CYINIT_CO[3])
                                                      0.289     4.706 r  bd_0_i/hls_inst/inst/grp_p_shadowquilt_main_loop_make_verticle_strip_fu_565/grp_makePatch_alignedToLine_fu_1322/grp_alignedtoline_per_layer_loop8_fu_183/grp_p_find_boundaries_and_starting_index_and_value9_fu_922/p_find_left_and_right_boundaries11_U0/m_51_reg_2513_reg[4]_i_2/CO[3]
                         net (fo=1, routed)           0.000     4.706    bd_0_i/hls_inst/inst/grp_p_shadowquilt_main_loop_make_verticle_strip_fu_565/grp_makePatch_alignedToLine_fu_1322/grp_alignedtoline_per_layer_loop8_fu_183/grp_p_find_boundaries_and_starting_index_and_value9_fu_922/p_find_left_and_right_boundaries11_U0/m_51_reg_2513_reg[4]_i_2_n_17
    SLICE_X114Y158       CARRY4 (Prop_carry4_CI_CO[3])
                                                      0.050     4.756 r  bd_0_i/hls_inst/inst/grp_p_shadowquilt_main_loop_make_verticle_strip_fu_565/grp_makePatch_alignedToLine_fu_1322/grp_alignedtoline_per_layer_loop8_fu_183/grp_p_find_boundaries_and_starting_index_and_value9_fu_922/p_find_left_and_right_boundaries11_U0/m_51_reg_2513_reg[8]_i_2/CO[3]
                         net (fo=1, routed)           0.000     4.756    bd_0_i/hls_inst/inst/grp_p_shadowquilt_main_loop_make_verticle_strip_fu_565/grp_makePatch_alignedToLine_fu_1322/grp_alignedtoline_per_layer_loop8_fu_183/grp_p_find_boundaries_and_starting_index_and_value9_fu_922/p_find_left_and_right_boundaries11_U0/m_51_reg_2513_reg[8]_i_2_n_17
    SLICE_X114Y159       CARRY4 (Prop_carry4_CI_CO[3])
                                                      0.050     4.806 r  bd_0_i/hls_inst/inst/grp_p_shadowquilt_main_loop_make_verticle_strip_fu_565/grp_makePatch_alignedToLine_fu_1322/grp_alignedtoline_per_layer_loop8_fu_183/grp_p_find_boundaries_and_starting_index_and_value9_fu_922/p_find_left_and_right_boundaries11_U0/m_51_reg_2513_reg[12]_i_2/CO[3]
                         net (fo=1, routed)           0.000     4.806    bd_0_i/hls_inst/inst/grp_p_shadowquilt_main_loop_make_verticle_strip_fu_565/grp_makePatch_alignedToLine_fu_1322/grp_alignedtoline_per_layer_loop8_fu_183/grp_p_find_boundaries_and_starting_index_and_value9_fu_922/p_find_left_and_right_boundaries11_U0/m_51_reg_2513_reg[12]_i_2_n_17
    SLICE_X114Y160       CARRY4 (Prop_carry4_CI_CO[3])
                                                      0.050     4.856 r  bd_0_i/hls_inst/inst/grp_p_shadowquilt_main_loop_make_verticle_strip_fu_565/grp_makePatch_alignedToLine_fu_1322/grp_alignedtoline_per_layer_loop8_fu_183/grp_p_find_boundaries_and_starting_index_and_value9_fu_922/p_find_left_and_right_boundaries11_U0/m_51_reg_2513_reg[16]_i_2/CO[3]
                         net (fo=1, routed)           0.000     4.856    bd_0_i/hls_inst/inst/grp_p_shadowquilt_main_loop_make_verticle_strip_fu_565/grp_makePatch_alignedToLine_fu_1322/grp_alignedtoline_per_layer_loop8_fu_183/grp_p_find_boundaries_and_starting_index_and_value9_fu_922/p_find_left_and_right_boundaries11_U0/m_51_reg_2513_reg[16]_i_2_n_17
    SLICE_X114Y161       CARRY4 (Prop_carry4_CI_CO[3])
                                                      0.050     4.906 r  bd_0_i/hls_inst/inst/grp_p_shadowquilt_main_loop_make_verticle_strip_fu_565/grp_makePatch_alignedToLine_fu_1322/grp_alignedtoline_per_layer_loop8_fu_183/grp_p_find_boundaries_and_starting_index_and_value9_fu_922/p_find_left_and_right_boundaries11_U0/m_51_reg_2513_reg[20]_i_2/CO[3]
                         net (fo=1, routed)           0.000     4.906    bd_0_i/hls_inst/inst/grp_p_shadowquilt_main_loop_make_verticle_strip_fu_565/grp_makePatch_alignedToLine_fu_1322/grp_alignedtoline_per_layer_loop8_fu_183/grp_p_find_boundaries_and_starting_index_and_value9_fu_922/p_find_left_and_right_boundaries11_U0/m_51_reg_2513_reg[20]_i_2_n_17
    SLICE_X114Y162       CARRY4 (Prop_carry4_CI_O[0])
                                                      0.102     5.008 f  bd_0_i/hls_inst/inst/grp_p_shadowquilt_main_loop_make_verticle_strip_fu_565/grp_makePatch_alignedToLine_fu_1322/grp_alignedtoline_per_layer_loop8_fu_183/grp_p_find_boundaries_and_starting_index_and_value9_fu_922/p_find_left_and_right_boundaries11_U0/m_51_reg_2513_reg[24]_i_2/O[0]
                         net (fo=4, routed)           0.507     5.515    bd_0_i/hls_inst/inst/grp_p_shadowquilt_main_loop_make_verticle_strip_fu_565/grp_makePatch_alignedToLine_fu_1322/grp_alignedtoline_per_layer_loop8_fu_183/grp_p_find_boundaries_and_starting_index_and_value9_fu_922/p_find_left_and_right_boundaries11_U0/tmp_V_11_fu_915_p2[21]
    SLICE_X112Y160       LUT5 (Prop_lut5_I1_O)        0.124     5.639 f  bd_0_i/hls_inst/inst/grp_p_shadowquilt_main_loop_make_verticle_strip_fu_565/grp_makePatch_alignedToLine_fu_1322/grp_alignedtoline_per_layer_loop8_fu_183/grp_p_find_boundaries_and_starting_index_and_value9_fu_922/p_find_left_and_right_boundaries11_U0/sub_ln947_3_reg_2537[0]_i_7/O
                         net (fo=2, routed)           0.430     6.069    bd_0_i/hls_inst/inst/grp_p_shadowquilt_main_loop_make_verticle_strip_fu_565/grp_makePatch_alignedToLine_fu_1322/grp_alignedtoline_per_layer_loop8_fu_183/grp_p_find_boundaries_and_starting_index_and_value9_fu_922/p_find_left_and_right_boundaries11_U0/sub_ln947_3_reg_2537[0]_i_7_n_17
    SLICE_X113Y158       LUT5 (Prop_lut5_I3_O)        0.129     6.198 f  bd_0_i/hls_inst/inst/grp_p_shadowquilt_main_loop_make_verticle_strip_fu_565/grp_makePatch_alignedToLine_fu_1322/grp_alignedtoline_per_layer_loop8_fu_183/grp_p_find_boundaries_and_starting_index_and_value9_fu_922/p_find_left_and_right_boundaries11_U0/sub_ln947_3_reg_2537[0]_i_5/O
                         net (fo=2, routed)           0.355     6.553    bd_0_i/hls_inst/inst/grp_p_shadowquilt_main_loop_make_verticle_strip_fu_565/grp_makePatch_alignedToLine_fu_1322/grp_alignedtoline_per_layer_loop8_fu_183/grp_p_find_boundaries_and_starting_index_and_value9_fu_922/p_find_left_and_right_boundaries11_U0/sub_ln947_3_reg_2537[0]_i_5_n_17
    SLICE_X113Y159       LUT6 (Prop_lut6_I4_O)        0.043     6.596 r  bd_0_i/hls_inst/inst/grp_p_shadowquilt_main_loop_make_verticle_strip_fu_565/grp_makePatch_alignedToLine_fu_1322/grp_alignedtoline_per_layer_loop8_fu_183/grp_p_find_boundaries_and_starting_index_and_value9_fu_922/p_find_left_and_right_boundaries11_U0/trunc_ln943_3_reg_2548[0]_i_1/O
                         net (fo=9, routed)           0.606     7.202    bd_0_i/hls_inst/inst/grp_p_shadowquilt_main_loop_make_verticle_strip_fu_565/grp_makePatch_alignedToLine_fu_1322/grp_alignedtoline_per_layer_loop8_fu_183/grp_p_find_boundaries_and_starting_index_and_value9_fu_922/p_find_left_and_right_boundaries11_U0/trunc_ln943_3_reg_2548[0]_i_1_n_17
    SLICE_X113Y156       LUT2 (Prop_lut2_I1_O)        0.050     7.252 r  bd_0_i/hls_inst/inst/grp_p_shadowquilt_main_loop_make_verticle_strip_fu_565/grp_makePatch_alignedToLine_fu_1322/grp_alignedtoline_per_layer_loop8_fu_183/grp_p_find_boundaries_and_starting_index_and_value9_fu_922/p_find_left_and_right_boundaries11_U0/sub_ln944_3_reg_2519[1]_i_1/O
                         net (fo=5, routed)           0.526     7.778    bd_0_i/hls_inst/inst/grp_p_shadowquilt_main_loop_make_verticle_strip_fu_565/grp_makePatch_alignedToLine_fu_1322/grp_alignedtoline_per_layer_loop8_fu_183/grp_p_find_boundaries_and_starting_index_and_value9_fu_922/p_find_left_and_right_boundaries11_U0/sub_ln944_3_fu_947_p2[1]
    SLICE_X114Y156       LUT6 (Prop_lut6_I4_O)        0.126     7.904 r  bd_0_i/hls_inst/inst/grp_p_shadowquilt_main_loop_make_verticle_strip_fu_565/grp_makePatch_alignedToLine_fu_1322/grp_alignedtoline_per_layer_loop8_fu_183/grp_p_find_boundaries_and_starting_index_and_value9_fu_922/p_find_left_and_right_boundaries11_U0/p_Result_91_reg_2542[0]_i_3/O
                         net (fo=1, routed)           0.207     8.111    bd_0_i/hls_inst/inst/grp_p_shadowquilt_main_loop_make_verticle_strip_fu_565/grp_makePatch_alignedToLine_fu_1322/grp_alignedtoline_per_layer_loop8_fu_183/grp_p_find_boundaries_and_starting_index_and_value9_fu_922/p_find_left_and_right_boundaries11_U0/p_Result_91_reg_2542[0]_i_3_n_17
    SLICE_X113Y156       LUT6 (Prop_lut6_I2_O)        0.043     8.154 r  bd_0_i/hls_inst/inst/grp_p_shadowquilt_main_loop_make_verticle_strip_fu_565/grp_makePatch_alignedToLine_fu_1322/grp_alignedtoline_per_layer_loop8_fu_183/grp_p_find_boundaries_and_starting_index_and_value9_fu_922/p_find_left_and_right_boundaries11_U0/p_Result_91_reg_2542[0]_i_1/O
                         net (fo=1, routed)           0.000     8.154    bd_0_i/hls_inst/inst/grp_p_shadowquilt_main_loop_make_verticle_strip_fu_565/grp_makePatch_alignedToLine_fu_1322/grp_alignedtoline_per_layer_loop8_fu_183/grp_p_find_boundaries_and_starting_index_and_value9_fu_922/p_find_left_and_right_boundaries11_U0/p_Result_91_fu_979_p3
    SLICE_X113Y156       FDRE                                         r  bd_0_i/hls_inst/inst/grp_p_shadowquilt_main_loop_make_verticle_strip_fu_565/grp_makePatch_alignedToLine_fu_1322/grp_alignedtoline_per_layer_loop8_fu_183/grp_p_find_boundaries_and_starting_index_and_value9_fu_922/p_find_left_and_right_boundaries11_U0/p_Result_91_reg_2542_reg[0]/D
  -------------------------------------------------------------------    -------------------

                         (clock ap_clk rise edge)    10.000    10.000 r  
                                                      0.000    10.000 r  ap_clk (IN)
                         net (fo=16362, unset)        0.483    10.483    bd_0_i/hls_inst/inst/grp_p_shadowquilt_main_loop_make_verticle_strip_fu_565/grp_makePatch_alignedToLine_fu_1322/grp_alignedtoline_per_layer_loop8_fu_183/grp_p_find_boundaries_and_starting_index_and_value9_fu_922/p_find_left_and_right_boundaries11_U0/ap_clk
    SLICE_X113Y156       FDRE                                         r  bd_0_i/hls_inst/inst/grp_p_shadowquilt_main_loop_make_verticle_strip_fu_565/grp_makePatch_alignedToLine_fu_1322/grp_alignedtoline_per_layer_loop8_fu_183/grp_p_find_boundaries_and_starting_index_and_value9_fu_922/p_find_left_and_right_boundaries11_U0/p_Result_91_reg_2542_reg[0]/C
                         clock pessimism              0.000    10.483    
                         clock uncertainty           -0.035    10.447    
    SLICE_X113Y156       FDRE (Setup_fdre_C_D)        0.031    10.478    bd_0_i/hls_inst/inst/grp_p_shadowquilt_main_loop_make_verticle_strip_fu_565/grp_makePatch_alignedToLine_fu_1322/grp_alignedtoline_per_layer_loop8_fu_183/grp_p_find_boundaries_and_starting_index_and_value9_fu_922/p_find_left_and_right_boundaries11_U0/p_Result_91_reg_2542_reg[0]
  -------------------------------------------------------------------
                         required time                         10.478    
                         arrival time                          -8.154    
  -------------------------------------------------------------------
                         slack                                  2.324    

Slack (MET) :             2.375ns  (required time - arrival time)
  Source:                 bd_0_i/hls_inst/inst/grp_p_shadowquilt_main_loop_make_verticle_strip_fu_565/grp_makePatch_alignedToLine_fu_1322/grp_alignedtoline_per_layer_loop8_fu_183/grp_p_find_boundaries_and_starting_index_and_value9_fu_922/p_find_left_and_right_boundaries11_U0/trunc_ln565_2_reg_2793_reg[29]/C
                            (rising edge-triggered cell FDRE clocked by ap_clk  {rise@0.000ns fall@5.000ns period=10.000ns})
  Destination:            bd_0_i/hls_inst/inst/grp_p_shadowquilt_main_loop_make_verticle_strip_fu_565/grp_makePatch_alignedToLine_fu_1322/grp_alignedtoline_per_layer_loop8_fu_183/grp_p_find_boundaries_and_starting_index_and_value9_fu_922/p_find_left_and_right_boundaries11_U0/sub_ln947_3_reg_2537_reg[3]/D
                            (rising edge-triggered cell FDRE clocked by ap_clk  {rise@0.000ns fall@5.000ns period=10.000ns})
  Path Group:             ap_clk
  Path Type:              Setup (Max at Slow Process Corner)
  Requirement:            10.000ns  (ap_clk rise@10.000ns - ap_clk rise@0.000ns)
  Data Path Delay:        7.616ns  (logic 2.330ns (30.592%)  route 5.286ns (69.408%))
  Logic Levels:           22  (CARRY4=9 LUT1=2 LUT2=2 LUT4=1 LUT5=4 LUT6=4)
  Clock Path Skew:        -0.025ns (DCD - SCD + CPR)
    Destination Clock Delay (DCD):    0.483ns = ( 10.483 - 10.000 ) 
    Source Clock Delay      (SCD):    0.508ns
    Clock Pessimism Removal (CPR):    0.000ns
  Clock Uncertainty:      0.035ns  ((TSJ^2 + TIJ^2)^1/2 + DJ) / 2 + PE
    Total System Jitter     (TSJ):    0.071ns
    Total Input Jitter      (TIJ):    0.000ns
    Discrete Jitter          (DJ):    0.000ns
    Phase Error              (PE):    0.000ns

    Location             Delay type                Incr(ns)  Path(ns)    Netlist Resource(s)
  -------------------------------------------------------------------    -------------------
                         (clock ap_clk rise edge)     0.000     0.000 r  
                                                      0.000     0.000 r  ap_clk (IN)
                         net (fo=16362, unset)        0.508     0.508    bd_0_i/hls_inst/inst/grp_p_shadowquilt_main_loop_make_verticle_strip_fu_565/grp_makePatch_alignedToLine_fu_1322/grp_alignedtoline_per_layer_loop8_fu_183/grp_p_find_boundaries_and_starting_index_and_value9_fu_922/p_find_left_and_right_boundaries11_U0/ap_clk
    SLICE_X109Y165       FDRE                                         r  bd_0_i/hls_inst/inst/grp_p_shadowquilt_main_loop_make_verticle_strip_fu_565/grp_makePatch_alignedToLine_fu_1322/grp_alignedtoline_per_layer_loop8_fu_183/grp_p_find_boundaries_and_starting_index_and_value9_fu_922/p_find_left_and_right_boundaries11_U0/trunc_ln565_2_reg_2793_reg[29]/C
  -------------------------------------------------------------------    -------------------
    SLICE_X109Y165       FDRE (Prop_fdre_C_Q)         0.216     0.724 f  bd_0_i/hls_inst/inst/grp_p_shadowquilt_main_loop_make_verticle_strip_fu_565/grp_makePatch_alignedToLine_fu_1322/grp_alignedtoline_per_layer_loop8_fu_183/grp_p_find_boundaries_and_starting_index_and_value9_fu_922/p_find_left_and_right_boundaries11_U0/trunc_ln565_2_reg_2793_reg[29]/Q
                         net (fo=6, routed)           0.311     1.035    bd_0_i/hls_inst/inst/grp_p_shadowquilt_main_loop_make_verticle_strip_fu_565/grp_makePatch_alignedToLine_fu_1322/grp_alignedtoline_per_layer_loop8_fu_183/grp_p_find_boundaries_and_starting_index_and_value9_fu_922/p_find_left_and_right_boundaries11_U0/zext_ln569_2_fu_2151_p1[29]
    SLICE_X111Y165       LUT1 (Prop_lut1_I0_O)        0.043     1.078 r  bd_0_i/hls_inst/inst/grp_p_shadowquilt_main_loop_make_verticle_strip_fu_565/grp_makePatch_alignedToLine_fu_1322/grp_alignedtoline_per_layer_loop8_fu_183/grp_p_find_boundaries_and_starting_index_and_value9_fu_922/p_find_left_and_right_boundaries11_U0/m_51_reg_2513[28]_i_24/O
                         net (fo=1, routed)           0.100     1.178    bd_0_i/hls_inst/inst/grp_p_shadowquilt_main_loop_make_verticle_strip_fu_565/grp_makePatch_alignedToLine_fu_1322/grp_alignedtoline_per_layer_loop8_fu_183/grp_p_find_boundaries_and_starting_index_and_value9_fu_922/p_find_left_and_right_boundaries11_U0/m_51_reg_2513[28]_i_24_n_17
    SLICE_X110Y165       CARRY4 (Prop_carry4_CYINIT_CO[3])
                                                      0.279     1.457 r  bd_0_i/hls_inst/inst/grp_p_shadowquilt_main_loop_make_verticle_strip_fu_565/grp_makePatch_alignedToLine_fu_1322/grp_alignedtoline_per_layer_loop8_fu_183/grp_p_find_boundaries_and_starting_index_and_value9_fu_922/p_find_left_and_right_boundaries11_U0/m_51_reg_2513_reg[28]_i_13/CO[3]
                         net (fo=1, routed)           0.000     1.457    bd_0_i/hls_inst/inst/grp_p_shadowquilt_main_loop_make_verticle_strip_fu_565/grp_makePatch_alignedToLine_fu_1322/grp_alignedtoline_per_layer_loop8_fu_183/grp_p_find_boundaries_and_starting_index_and_value9_fu_922/p_find_left_and_right_boundaries11_U0/m_51_reg_2513_reg[28]_i_13_n_17
    SLICE_X110Y166       CARRY4 (Prop_carry4_CI_CO[3])
                                                      0.049     1.506 r  bd_0_i/hls_inst/inst/grp_p_shadowquilt_main_loop_make_verticle_strip_fu_565/grp_makePatch_alignedToLine_fu_1322/grp_alignedtoline_per_layer_loop8_fu_183/grp_p_find_boundaries_and_starting_index_and_value9_fu_922/p_find_left_and_right_boundaries11_U0/m_51_reg_2513_reg[0]_i_44/CO[3]
                         net (fo=1, routed)           0.000     1.506    bd_0_i/hls_inst/inst/grp_p_shadowquilt_main_loop_make_verticle_strip_fu_565/grp_makePatch_alignedToLine_fu_1322/grp_alignedtoline_per_layer_loop8_fu_183/grp_p_find_boundaries_and_starting_index_and_value9_fu_922/p_find_left_and_right_boundaries11_U0/m_51_reg_2513_reg[0]_i_44_n_17
    SLICE_X110Y167       CARRY4 (Prop_carry4_CI_O[0])
                                                      0.104     1.610 f  bd_0_i/hls_inst/inst/grp_p_shadowquilt_main_loop_make_verticle_strip_fu_565/grp_makePatch_alignedToLine_fu_1322/grp_alignedtoline_per_layer_loop8_fu_183/grp_p_find_boundaries_and_starting_index_and_value9_fu_922/p_find_left_and_right_boundaries11_U0/m_51_reg_2513_reg[0]_i_41/O[0]
                         net (fo=4, routed)           0.435     2.045    bd_0_i/hls_inst/inst/grp_p_shadowquilt_main_loop_make_verticle_strip_fu_565/grp_makePatch_alignedToLine_fu_1322/grp_alignedtoline_per_layer_loop8_fu_183/grp_p_find_boundaries_and_starting_index_and_value9_fu_922/p_find_left_and_right_boundaries11_U0/man_V_9_fu_2155_p2[38]
    SLICE_X114Y169       LUT5 (Prop_lut5_I2_O)        0.128     2.173 f  bd_0_i/hls_inst/inst/grp_p_shadowquilt_main_loop_make_verticle_strip_fu_565/grp_makePatch_alignedToLine_fu_1322/grp_alignedtoline_per_layer_loop8_fu_183/grp_p_find_boundaries_and_starting_index_and_value9_fu_922/p_find_left_and_right_boundaries11_U0/lbVal_constprop[6]_i_4/O
                         net (fo=1, routed)           0.305     2.478    bd_0_i/hls_inst/inst/grp_p_shadowquilt_main_loop_make_verticle_strip_fu_565/grp_makePatch_alignedToLine_fu_1322/grp_alignedtoline_per_layer_loop8_fu_183/grp_p_find_boundaries_and_starting_index_and_value9_fu_922/p_find_left_and_right_boundaries11_U0/lbVal_constprop[6]_i_4_n_17
    SLICE_X116Y169       LUT6 (Prop_lut6_I5_O)        0.132     2.610 f  bd_0_i/hls_inst/inst/grp_p_shadowquilt_main_loop_make_verticle_strip_fu_565/grp_makePatch_alignedToLine_fu_1322/grp_alignedtoline_per_layer_loop8_fu_183/grp_p_find_boundaries_and_starting_index_and_value9_fu_922/p_find_left_and_right_boundaries11_U0/lbVal_constprop[6]_i_3/O
                         net (fo=4, routed)           0.257     2.867    bd_0_i/hls_inst/inst/grp_p_shadowquilt_main_loop_make_verticle_strip_fu_565/grp_makePatch_alignedToLine_fu_1322/grp_alignedtoline_per_layer_loop8_fu_183/grp_p_find_boundaries_and_starting_index_and_value9_fu_922/p_find_left_and_right_boundaries11_U0/lbVal_constprop[6]_i_3_n_17
    SLICE_X115Y169       LUT5 (Prop_lut5_I0_O)        0.043     2.910 f  bd_0_i/hls_inst/inst/grp_p_shadowquilt_main_loop_make_verticle_strip_fu_565/grp_makePatch_alignedToLine_fu_1322/grp_alignedtoline_per_layer_loop8_fu_183/grp_p_find_boundaries_and_starting_index_and_value9_fu_922/p_find_left_and_right_boundaries11_U0/m_51_reg_2513[0]_i_10/O
                         net (fo=1, routed)           0.286     3.197    bd_0_i/hls_inst/inst/grp_p_shadowquilt_main_loop_make_verticle_strip_fu_565/grp_makePatch_alignedToLine_fu_1322/grp_alignedtoline_per_layer_loop8_fu_183/grp_p_find_boundaries_and_starting_index_and_value9_fu_922/p_find_left_and_right_boundaries11_U0/m_51_reg_2513[0]_i_10_n_17
    SLICE_X115Y168       LUT6 (Prop_lut6_I5_O)        0.043     3.240 r  bd_0_i/hls_inst/inst/grp_p_shadowquilt_main_loop_make_verticle_strip_fu_565/grp_makePatch_alignedToLine_fu_1322/grp_alignedtoline_per_layer_loop8_fu_183/grp_p_find_boundaries_and_starting_index_and_value9_fu_922/p_find_left_and_right_boundaries11_U0/m_51_reg_2513[0]_i_3/O
                         net (fo=1, routed)           0.423     3.663    bd_0_i/hls_inst/inst/grp_p_shadowquilt_main_loop_make_verticle_strip_fu_565/grp_makePatch_alignedToLine_fu_1322/grp_alignedtoline_per_layer_loop8_fu_183/grp_p_find_boundaries_and_starting_index_and_value9_fu_922/p_find_left_and_right_boundaries11_U0/m_51_reg_2513[0]_i_3_n_17
    SLICE_X115Y162       LUT6 (Prop_lut6_I3_O)        0.043     3.706 f  bd_0_i/hls_inst/inst/grp_p_shadowquilt_main_loop_make_verticle_strip_fu_565/grp_makePatch_alignedToLine_fu_1322/grp_alignedtoline_per_layer_loop8_fu_183/grp_p_find_boundaries_and_starting_index_and_value9_fu_922/p_find_left_and_right_boundaries11_U0/m_51_reg_2513[0]_i_1/O
                         net (fo=9, routed)           0.394     4.100    bd_0_i/hls_inst/inst/grp_p_shadowquilt_main_loop_make_verticle_strip_fu_565/grp_makePatch_alignedToLine_fu_1322/grp_alignedtoline_per_layer_loop8_fu_183/grp_p_find_boundaries_and_starting_index_and_value9_fu_922/p_find_left_and_right_boundaries11_U0/lbVal_constprop_reg[0][0]
    SLICE_X117Y160       LUT1 (Prop_lut1_I0_O)        0.043     4.143 r  bd_0_i/hls_inst/inst/grp_p_shadowquilt_main_loop_make_verticle_strip_fu_565/grp_makePatch_alignedToLine_fu_1322/grp_alignedtoline_per_layer_loop8_fu_183/grp_p_find_boundaries_and_starting_index_and_value9_fu_922/p_find_left_and_right_boundaries11_U0/m_51_reg_2513[4]_i_4/O
                         net (fo=1, routed)           0.274     4.417    bd_0_i/hls_inst/inst/grp_p_shadowquilt_main_loop_make_verticle_strip_fu_565/grp_makePatch_alignedToLine_fu_1322/grp_alignedtoline_per_layer_loop8_fu_183/grp_p_find_boundaries_and_starting_index_and_value9_fu_922/p_find_left_and_right_boundaries11_U0/m_51_reg_2513[4]_i_4_n_17
    SLICE_X114Y157       CARRY4 (Prop_carry4_CYINIT_CO[3])
                                                      0.289     4.706 r  bd_0_i/hls_inst/inst/grp_p_shadowquilt_main_loop_make_verticle_strip_fu_565/grp_makePatch_alignedToLine_fu_1322/grp_alignedtoline_per_layer_loop8_fu_183/grp_p_find_boundaries_and_starting_index_and_value9_fu_922/p_find_left_and_right_boundaries11_U0/m_51_reg_2513_reg[4]_i_2/CO[3]
                         net (fo=1, routed)           0.000     4.706    bd_0_i/hls_inst/inst/grp_p_shadowquilt_main_loop_make_verticle_strip_fu_565/grp_makePatch_alignedToLine_fu_1322/grp_alignedtoline_per_layer_loop8_fu_183/grp_p_find_boundaries_and_starting_index_and_value9_fu_922/p_find_left_and_right_boundaries11_U0/m_51_reg_2513_reg[4]_i_2_n_17
    SLICE_X114Y158       CARRY4 (Prop_carry4_CI_CO[3])
                                                      0.050     4.756 r  bd_0_i/hls_inst/inst/grp_p_shadowquilt_main_loop_make_verticle_strip_fu_565/grp_makePatch_alignedToLine_fu_1322/grp_alignedtoline_per_layer_loop8_fu_183/grp_p_find_boundaries_and_starting_index_and_value9_fu_922/p_find_left_and_right_boundaries11_U0/m_51_reg_2513_reg[8]_i_2/CO[3]
                         net (fo=1, routed)           0.000     4.756    bd_0_i/hls_inst/inst/grp_p_shadowquilt_main_loop_make_verticle_strip_fu_565/grp_makePatch_alignedToLine_fu_1322/grp_alignedtoline_per_layer_loop8_fu_183/grp_p_find_boundaries_and_starting_index_and_value9_fu_922/p_find_left_and_right_boundaries11_U0/m_51_reg_2513_reg[8]_i_2_n_17
    SLICE_X114Y159       CARRY4 (Prop_carry4_CI_CO[3])
                                                      0.050     4.806 r  bd_0_i/hls_inst/inst/grp_p_shadowquilt_main_loop_make_verticle_strip_fu_565/grp_makePatch_alignedToLine_fu_1322/grp_alignedtoline_per_layer_loop8_fu_183/grp_p_find_boundaries_and_starting_index_and_value9_fu_922/p_find_left_and_right_boundaries11_U0/m_51_reg_2513_reg[12]_i_2/CO[3]
                         net (fo=1, routed)           0.000     4.806    bd_0_i/hls_inst/inst/grp_p_shadowquilt_main_loop_make_verticle_strip_fu_565/grp_makePatch_alignedToLine_fu_1322/grp_alignedtoline_per_layer_loop8_fu_183/grp_p_find_boundaries_and_starting_index_and_value9_fu_922/p_find_left_and_right_boundaries11_U0/m_51_reg_2513_reg[12]_i_2_n_17
    SLICE_X114Y160       CARRY4 (Prop_carry4_CI_CO[3])
                                                      0.050     4.856 r  bd_0_i/hls_inst/inst/grp_p_shadowquilt_main_loop_make_verticle_strip_fu_565/grp_makePatch_alignedToLine_fu_1322/grp_alignedtoline_per_layer_loop8_fu_183/grp_p_find_boundaries_and_starting_index_and_value9_fu_922/p_find_left_and_right_boundaries11_U0/m_51_reg_2513_reg[16]_i_2/CO[3]
                         net (fo=1, routed)           0.000     4.856    bd_0_i/hls_inst/inst/grp_p_shadowquilt_main_loop_make_verticle_strip_fu_565/grp_makePatch_alignedToLine_fu_1322/grp_alignedtoline_per_layer_loop8_fu_183/grp_p_find_boundaries_and_starting_index_and_value9_fu_922/p_find_left_and_right_boundaries11_U0/m_51_reg_2513_reg[16]_i_2_n_17
    SLICE_X114Y161       CARRY4 (Prop_carry4_CI_CO[3])
                                                      0.050     4.906 r  bd_0_i/hls_inst/inst/grp_p_shadowquilt_main_loop_make_verticle_strip_fu_565/grp_makePatch_alignedToLine_fu_1322/grp_alignedtoline_per_layer_loop8_fu_183/grp_p_find_boundaries_and_starting_index_and_value9_fu_922/p_find_left_and_right_boundaries11_U0/m_51_reg_2513_reg[20]_i_2/CO[3]
                         net (fo=1, routed)           0.000     4.906    bd_0_i/hls_inst/inst/grp_p_shadowquilt_main_loop_make_verticle_strip_fu_565/grp_makePatch_alignedToLine_fu_1322/grp_alignedtoline_per_layer_loop8_fu_183/grp_p_find_boundaries_and_starting_index_and_value9_fu_922/p_find_left_and_right_boundaries11_U0/m_51_reg_2513_reg[20]_i_2_n_17
    SLICE_X114Y162       CARRY4 (Prop_carry4_CI_O[0])
                                                      0.102     5.008 f  bd_0_i/hls_inst/inst/grp_p_shadowquilt_main_loop_make_verticle_strip_fu_565/grp_makePatch_alignedToLine_fu_1322/grp_alignedtoline_per_layer_loop8_fu_183/grp_p_find_boundaries_and_starting_index_and_value9_fu_922/p_find_left_and_right_boundaries11_U0/m_51_reg_2513_reg[24]_i_2/O[0]
                         net (fo=4, routed)           0.507     5.515    bd_0_i/hls_inst/inst/grp_p_shadowquilt_main_loop_make_verticle_strip_fu_565/grp_makePatch_alignedToLine_fu_1322/grp_alignedtoline_per_layer_loop8_fu_183/grp_p_find_boundaries_and_starting_index_and_value9_fu_922/p_find_left_and_right_boundaries11_U0/tmp_V_11_fu_915_p2[21]
    SLICE_X112Y160       LUT5 (Prop_lut5_I1_O)        0.124     5.639 f  bd_0_i/hls_inst/inst/grp_p_shadowquilt_main_loop_make_verticle_strip_fu_565/grp_makePatch_alignedToLine_fu_1322/grp_alignedtoline_per_layer_loop8_fu_183/grp_p_find_boundaries_and_starting_index_and_value9_fu_922/p_find_left_and_right_boundaries11_U0/sub_ln947_3_reg_2537[0]_i_7/O
                         net (fo=2, routed)           0.430     6.069    bd_0_i/hls_inst/inst/grp_p_shadowquilt_main_loop_make_verticle_strip_fu_565/grp_makePatch_alignedToLine_fu_1322/grp_alignedtoline_per_layer_loop8_fu_183/grp_p_find_boundaries_and_starting_index_and_value9_fu_922/p_find_left_and_right_boundaries11_U0/sub_ln947_3_reg_2537[0]_i_7_n_17
    SLICE_X113Y158       LUT5 (Prop_lut5_I3_O)        0.129     6.198 f  bd_0_i/hls_inst/inst/grp_p_shadowquilt_main_loop_make_verticle_strip_fu_565/grp_makePatch_alignedToLine_fu_1322/grp_alignedtoline_per_layer_loop8_fu_183/grp_p_find_boundaries_and_starting_index_and_value9_fu_922/p_find_left_and_right_boundaries11_U0/sub_ln947_3_reg_2537[0]_i_5/O
                         net (fo=2, routed)           0.355     6.553    bd_0_i/hls_inst/inst/grp_p_shadowquilt_main_loop_make_verticle_strip_fu_565/grp_makePatch_alignedToLine_fu_1322/grp_alignedtoline_per_layer_loop8_fu_183/grp_p_find_boundaries_and_starting_index_and_value9_fu_922/p_find_left_and_right_boundaries11_U0/sub_ln947_3_reg_2537[0]_i_5_n_17
    SLICE_X113Y159       LUT6 (Prop_lut6_I4_O)        0.043     6.596 r  bd_0_i/hls_inst/inst/grp_p_shadowquilt_main_loop_make_verticle_strip_fu_565/grp_makePatch_alignedToLine_fu_1322/grp_alignedtoline_per_layer_loop8_fu_183/grp_p_find_boundaries_and_starting_index_and_value9_fu_922/p_find_left_and_right_boundaries11_U0/trunc_ln943_3_reg_2548[0]_i_1/O
                         net (fo=9, routed)           0.606     7.202    bd_0_i/hls_inst/inst/grp_p_shadowquilt_main_loop_make_verticle_strip_fu_565/grp_makePatch_alignedToLine_fu_1322/grp_alignedtoline_per_layer_loop8_fu_183/grp_p_find_boundaries_and_starting_index_and_value9_fu_922/p_find_left_and_right_boundaries11_U0/trunc_ln943_3_reg_2548[0]_i_1_n_17
    SLICE_X113Y156       LUT2 (Prop_lut2_I1_O)        0.050     7.252 f  bd_0_i/hls_inst/inst/grp_p_shadowquilt_main_loop_make_verticle_strip_fu_565/grp_makePatch_alignedToLine_fu_1322/grp_alignedtoline_per_layer_loop8_fu_183/grp_p_find_boundaries_and_starting_index_and_value9_fu_922/p_find_left_and_right_boundaries11_U0/sub_ln944_3_reg_2519[1]_i_1/O
                         net (fo=5, routed)           0.307     7.558    bd_0_i/hls_inst/inst/grp_p_shadowquilt_main_loop_make_verticle_strip_fu_565/grp_makePatch_alignedToLine_fu_1322/grp_alignedtoline_per_layer_loop8_fu_183/grp_p_find_boundaries_and_starting_index_and_value9_fu_922/p_find_left_and_right_boundaries11_U0/sub_ln944_3_fu_947_p2[1]
    SLICE_X114Y156       LUT2 (Prop_lut2_I1_O)        0.133     7.691 r  bd_0_i/hls_inst/inst/grp_p_shadowquilt_main_loop_make_verticle_strip_fu_565/grp_makePatch_alignedToLine_fu_1322/grp_alignedtoline_per_layer_loop8_fu_183/grp_p_find_boundaries_and_starting_index_and_value9_fu_922/p_find_left_and_right_boundaries11_U0/sub_ln947_3_reg_2537[5]_i_2/O
                         net (fo=3, routed)           0.296     7.987    bd_0_i/hls_inst/inst/grp_p_shadowquilt_main_loop_make_verticle_strip_fu_565/grp_makePatch_alignedToLine_fu_1322/grp_alignedtoline_per_layer_loop8_fu_183/grp_p_find_boundaries_and_starting_index_and_value9_fu_922/p_find_left_and_right_boundaries11_U0/sub_ln947_3_reg_2537[5]_i_2_n_17
    SLICE_X112Y156       LUT4 (Prop_lut4_I2_O)        0.137     8.124 r  bd_0_i/hls_inst/inst/grp_p_shadowquilt_main_loop_make_verticle_strip_fu_565/grp_makePatch_alignedToLine_fu_1322/grp_alignedtoline_per_layer_loop8_fu_183/grp_p_find_boundaries_and_starting_index_and_value9_fu_922/p_find_left_and_right_boundaries11_U0/sub_ln947_3_reg_2537[3]_i_1/O
                         net (fo=1, routed)           0.000     8.124    bd_0_i/hls_inst/inst/grp_p_shadowquilt_main_loop_make_verticle_strip_fu_565/grp_makePatch_alignedToLine_fu_1322/grp_alignedtoline_per_layer_loop8_fu_183/grp_p_find_boundaries_and_starting_index_and_value9_fu_922/p_find_left_and_right_boundaries11_U0/sub_ln947_3_fu_973_p2[3]
    SLICE_X112Y156       FDRE                                         r  bd_0_i/hls_inst/inst/grp_p_shadowquilt_main_loop_make_verticle_strip_fu_565/grp_makePatch_alignedToLine_fu_1322/grp_alignedtoline_per_layer_loop8_fu_183/grp_p_find_boundaries_and_starting_index_and_value9_fu_922/p_find_left_and_right_boundaries11_U0/sub_ln947_3_reg_2537_reg[3]/D
  -------------------------------------------------------------------    -------------------

                         (clock ap_clk rise edge)    10.000    10.000 r  
                                                      0.000    10.000 r  ap_clk (IN)
                         net (fo=16362, unset)        0.483    10.483    bd_0_i/hls_inst/inst/grp_p_shadowquilt_main_loop_make_verticle_strip_fu_565/grp_makePatch_alignedToLine_fu_1322/grp_alignedtoline_per_layer_loop8_fu_183/grp_p_find_boundaries_and_starting_index_and_value9_fu_922/p_find_left_and_right_boundaries11_U0/ap_clk
    SLICE_X112Y156       FDRE                                         r  bd_0_i/hls_inst/inst/grp_p_shadowquilt_main_loop_make_verticle_strip_fu_565/grp_makePatch_alignedToLine_fu_1322/grp_alignedtoline_per_layer_loop8_fu_183/grp_p_find_boundaries_and_starting_index_and_value9_fu_922/p_find_left_and_right_boundaries11_U0/sub_ln947_3_reg_2537_reg[3]/C
                         clock pessimism              0.000    10.483    
                         clock uncertainty           -0.035    10.447    
    SLICE_X112Y156       FDRE (Setup_fdre_C_D)        0.052    10.499    bd_0_i/hls_inst/inst/grp_p_shadowquilt_main_loop_make_verticle_strip_fu_565/grp_makePatch_alignedToLine_fu_1322/grp_alignedtoline_per_layer_loop8_fu_183/grp_p_find_boundaries_and_starting_index_and_value9_fu_922/p_find_left_and_right_boundaries11_U0/sub_ln947_3_reg_2537_reg[3]
  -------------------------------------------------------------------
                         required time                         10.499    
                         arrival time                          -8.124    
  -------------------------------------------------------------------
                         slack                                  2.375    

Slack (MET) :             2.390ns  (required time - arrival time)
  Source:                 bd_0_i/hls_inst/inst/grp_p_shadowquilt_main_loop_make_verticle_strip_fu_565/grp_makePatch_alignedToLine_fu_1322/grp_alignedtoline_per_layer_loop8_fu_183/mul_33s_25ns_58_1_1_U43/system_top_mul_33s_25ns_58_1_1_Multiplier_0_U/p__1/CLK
                            (rising edge-triggered cell DSP48E1 clocked by ap_clk  {rise@0.000ns fall@5.000ns period=10.000ns})
  Destination:            bd_0_i/hls_inst/inst/grp_p_shadowquilt_main_loop_make_verticle_strip_fu_565/grp_makePatch_alignedToLine_fu_1322/grp_alignedtoline_per_layer_loop8_fu_183/mul_78s_108ns_185_3_1_U44/system_top_mul_78s_108ns_185_3_1_Multiplier_1_U/buff0_reg__0/B[14]
                            (rising edge-triggered cell DSP48E1 clocked by ap_clk  {rise@0.000ns fall@5.000ns period=10.000ns})
  Path Group:             ap_clk
  Path Type:              Setup (Max at Slow Process Corner)
  Requirement:            10.000ns  (ap_clk rise@10.000ns - ap_clk rise@0.000ns)
  Data Path Delay:        7.199ns  (logic 4.311ns (59.886%)  route 2.888ns (40.114%))
  Logic Levels:           10  (CARRY4=8 DSP48E1=1 LUT2=1)
  Clock Path Skew:        -0.025ns (DCD - SCD + CPR)
    Destination Clock Delay (DCD):    0.483ns = ( 10.483 - 10.000 ) 
    Source Clock Delay      (SCD):    0.508ns
    Clock Pessimism Removal (CPR):    0.000ns
  Clock Uncertainty:      0.035ns  ((TSJ^2 + TIJ^2)^1/2 + DJ) / 2 + PE
    Total System Jitter     (TSJ):    0.071ns
    Total Input Jitter      (TIJ):    0.000ns
    Discrete Jitter          (DJ):    0.000ns
    Phase Error              (PE):    0.000ns

    Location             Delay type                Incr(ns)  Path(ns)    Netlist Resource(s)
  -------------------------------------------------------------------    -------------------
                         (clock ap_clk rise edge)     0.000     0.000 r  
                                                      0.000     0.000 r  ap_clk (IN)
                         net (fo=16362, unset)        0.508     0.508    bd_0_i/hls_inst/inst/grp_p_shadowquilt_main_loop_make_verticle_strip_fu_565/grp_makePatch_alignedToLine_fu_1322/grp_alignedtoline_per_layer_loop8_fu_183/mul_33s_25ns_58_1_1_U43/system_top_mul_33s_25ns_58_1_1_Multiplier_0_U/ap_clk
    DSP48_X5Y10          DSP48E1                                      r  bd_0_i/hls_inst/inst/grp_p_shadowquilt_main_loop_make_verticle_strip_fu_565/grp_makePatch_alignedToLine_fu_1322/grp_alignedtoline_per_layer_loop8_fu_183/mul_33s_25ns_58_1_1_U43/system_top_mul_33s_25ns_58_1_1_Multiplier_0_U/p__1/CLK
  -------------------------------------------------------------------    -------------------
    DSP48_X5Y10          DSP48E1 (Prop_dsp48e1_CLK_PCOUT[47])
                                                      2.626     3.134 r  bd_0_i/hls_inst/inst/grp_p_shadowquilt_main_loop_make_verticle_strip_fu_565/grp_makePatch_alignedToLine_fu_1322/grp_alignedtoline_per_layer_loop8_fu_183/mul_33s_25ns_58_1_1_U43/system_top_mul_33s_25ns_58_1_1_Multiplier_0_U/p__1/PCOUT[47]
                         net (fo=1, routed)           0.000     3.134    bd_0_i/hls_inst/inst/grp_p_shadowquilt_main_loop_make_verticle_strip_fu_565/grp_makePatch_alignedToLine_fu_1322/grp_alignedtoline_per_layer_loop8_fu_183/mul_33s_25ns_58_1_1_U43/system_top_mul_33s_25ns_58_1_1_Multiplier_0_U/p__1_n_123
    DSP48_X5Y11          DSP48E1 (Prop_dsp48e1_PCIN[47]_P[0])
                                                      0.938     4.072 r  bd_0_i/hls_inst/inst/grp_p_shadowquilt_main_loop_make_verticle_strip_fu_565/grp_makePatch_alignedToLine_fu_1322/grp_alignedtoline_per_layer_loop8_fu_183/mul_33s_25ns_58_1_1_U43/system_top_mul_33s_25ns_58_1_1_Multiplier_0_U/p__2/P[0]
                         net (fo=2, routed)           0.676     4.748    bd_0_i/hls_inst/inst/grp_p_shadowquilt_main_loop_make_verticle_strip_fu_565/grp_makePatch_alignedToLine_fu_1322/grp_alignedtoline_per_layer_loop8_fu_183/mul_33s_25ns_58_1_1_U43/system_top_mul_33s_25ns_58_1_1_Multiplier_0_U/p__2_0[0]
    SLICE_X105Y20        LUT2 (Prop_lut2_I0_O)        0.043     4.791 r  bd_0_i/hls_inst/inst/grp_p_shadowquilt_main_loop_make_verticle_strip_fu_565/grp_makePatch_alignedToLine_fu_1322/grp_alignedtoline_per_layer_loop8_fu_183/mul_33s_25ns_58_1_1_U43/system_top_mul_33s_25ns_58_1_1_Multiplier_0_U/tmp_product__0_i_19/O
                         net (fo=1, routed)           0.000     4.791    bd_0_i/hls_inst/inst/grp_p_shadowquilt_main_loop_make_verticle_strip_fu_565_n_19
    SLICE_X105Y20        CARRY4 (Prop_carry4_S[1]_CO[3])
                                                      0.257     5.048 r  bd_0_i/hls_inst/inst/mul_33s_25ns_58_1_1_U43/system_top_mul_33s_25ns_58_1_1_Multiplier_0_U/tmp_product__0_i_4/CO[3]
                         net (fo=1, routed)           0.000     5.048    bd_0_i/hls_inst/inst/mul_33s_25ns_58_1_1_U43/system_top_mul_33s_25ns_58_1_1_Multiplier_0_U/tmp_product__0_i_4_n_17
    SLICE_X105Y21        CARRY4 (Prop_carry4_CI_CO[3])
                                                      0.049     5.097 r  bd_0_i/hls_inst/inst/mul_33s_25ns_58_1_1_U43/system_top_mul_33s_25ns_58_1_1_Multiplier_0_U/tmp_product__0_i_3/CO[3]
                         net (fo=1, routed)           0.000     5.097    bd_0_i/hls_inst/inst/mul_33s_25ns_58_1_1_U43/system_top_mul_33s_25ns_58_1_1_Multiplier_0_U/tmp_product__0_i_3_n_17
    SLICE_X105Y22        CARRY4 (Prop_carry4_CI_CO[3])
                                                      0.049     5.146 r  bd_0_i/hls_inst/inst/mul_33s_25ns_58_1_1_U43/system_top_mul_33s_25ns_58_1_1_Multiplier_0_U/tmp_product__0_i_2/CO[3]
                         net (fo=1, routed)           0.000     5.146    bd_0_i/hls_inst/inst/mul_33s_25ns_58_1_1_U43/system_top_mul_33s_25ns_58_1_1_Multiplier_0_U/tmp_product__0_i_2_n_17
    SLICE_X105Y23        CARRY4 (Prop_carry4_CI_CO[3])
                                                      0.049     5.195 r  bd_0_i/hls_inst/inst/mul_33s_25ns_58_1_1_U43/system_top_mul_33s_25ns_58_1_1_Multiplier_0_U/tmp_product__0_i_1/CO[3]
                         net (fo=1, routed)           0.000     5.195    bd_0_i/hls_inst/inst/mul_33s_25ns_58_1_1_U43/system_top_mul_33s_25ns_58_1_1_Multiplier_0_U/tmp_product__0_i_1_n_17
    SLICE_X105Y24        CARRY4 (Prop_carry4_CI_CO[3])
                                                      0.049     5.244 r  bd_0_i/hls_inst/inst/mul_33s_25ns_58_1_1_U43/system_top_mul_33s_25ns_58_1_1_Multiplier_0_U/tmp_product__1_i_4/CO[3]
                         net (fo=1, routed)           0.007     5.251    bd_0_i/hls_inst/inst/mul_33s_25ns_58_1_1_U43/system_top_mul_33s_25ns_58_1_1_Multiplier_0_U/tmp_product__1_i_4_n_17
    SLICE_X105Y25        CARRY4 (Prop_carry4_CI_CO[3])
                                                      0.049     5.300 r  bd_0_i/hls_inst/inst/mul_33s_25ns_58_1_1_U43/system_top_mul_33s_25ns_58_1_1_Multiplier_0_U/tmp_product__1_i_3/CO[3]
                         net (fo=1, routed)           0.000     5.300    bd_0_i/hls_inst/inst/mul_33s_25ns_58_1_1_U43/system_top_mul_33s_25ns_58_1_1_Multiplier_0_U/tmp_product__1_i_3_n_17
    SLICE_X105Y26        CARRY4 (Prop_carry4_CI_CO[3])
                                                      0.049     5.349 r  bd_0_i/hls_inst/inst/mul_33s_25ns_58_1_1_U43/system_top_mul_33s_25ns_58_1_1_Multiplier_0_U/tmp_product__1_i_2/CO[3]
                         net (fo=1, routed)           0.000     5.349    bd_0_i/hls_inst/inst/mul_33s_25ns_58_1_1_U43/system_top_mul_33s_25ns_58_1_1_Multiplier_0_U/tmp_product__1_i_2_n_17
    SLICE_X105Y27        CARRY4 (Prop_carry4_CI_O[1])
                                                      0.153     5.502 r  bd_0_i/hls_inst/inst/mul_33s_25ns_58_1_1_U43/system_top_mul_33s_25ns_58_1_1_Multiplier_0_U/tmp_product__1_i_1/O[1]
                         net (fo=6, routed)           2.205     7.707    bd_0_i/hls_inst/inst/grp_p_shadowquilt_main_loop_make_verticle_strip_fu_565/grp_makePatch_alignedToLine_fu_1322/grp_alignedtoline_per_layer_loop8_fu_183/mul_78s_108ns_185_3_1_U44/system_top_mul_78s_108ns_185_3_1_Multiplier_1_U/tmp_product__1_0[29]
    DSP48_X3Y15          DSP48E1                                      r  bd_0_i/hls_inst/inst/grp_p_shadowquilt_main_loop_make_verticle_strip_fu_565/grp_makePatch_alignedToLine_fu_1322/grp_alignedtoline_per_layer_loop8_fu_183/mul_78s_108ns_185_3_1_U44/system_top_mul_78s_108ns_185_3_1_Multiplier_1_U/buff0_reg__0/B[14]
  -------------------------------------------------------------------    -------------------

                         (clock ap_clk rise edge)    10.000    10.000 r  
                                                      0.000    10.000 r  ap_clk (IN)
                         net (fo=16362, unset)        0.483    10.483    bd_0_i/hls_inst/inst/grp_p_shadowquilt_main_loop_make_verticle_strip_fu_565/grp_makePatch_alignedToLine_fu_1322/grp_alignedtoline_per_layer_loop8_fu_183/mul_78s_108ns_185_3_1_U44/system_top_mul_78s_108ns_185_3_1_Multiplier_1_U/ap_clk
    DSP48_X3Y15          DSP48E1                                      r  bd_0_i/hls_inst/inst/grp_p_shadowquilt_main_loop_make_verticle_strip_fu_565/grp_makePatch_alignedToLine_fu_1322/grp_alignedtoline_per_layer_loop8_fu_183/mul_78s_108ns_185_3_1_U44/system_top_mul_78s_108ns_185_3_1_Multiplier_1_U/buff0_reg__0/CLK
                         clock pessimism              0.000    10.483    
                         clock uncertainty           -0.035    10.447    
    DSP48_X3Y15          DSP48E1 (Setup_dsp48e1_CLK_B[14])
                                                     -0.351    10.096    bd_0_i/hls_inst/inst/grp_p_shadowquilt_main_loop_make_verticle_strip_fu_565/grp_makePatch_alignedToLine_fu_1322/grp_alignedtoline_per_layer_loop8_fu_183/mul_78s_108ns_185_3_1_U44/system_top_mul_78s_108ns_185_3_1_Multiplier_1_U/buff0_reg__0
  -------------------------------------------------------------------
                         required time                         10.096    
                         arrival time                          -7.707    
  -------------------------------------------------------------------
                         slack                                  2.390    

Slack (MET) :             2.407ns  (required time - arrival time)
  Source:                 bd_0_i/hls_inst/inst/grp_p_shadowquilt_main_loop_make_verticle_strip_fu_565/grp_makePatch_alignedToLine_fu_1322/grp_alignedtoline_per_layer_loop8_fu_183/mul_33s_25ns_58_1_1_U43/system_top_mul_33s_25ns_58_1_1_Multiplier_0_U/p__1/CLK
                            (rising edge-triggered cell DSP48E1 clocked by ap_clk  {rise@0.000ns fall@5.000ns period=10.000ns})
  Destination:            bd_0_i/hls_inst/inst/grp_p_shadowquilt_main_loop_make_verticle_strip_fu_565/grp_makePatch_alignedToLine_fu_1322/grp_alignedtoline_per_layer_loop8_fu_183/mul_78s_108ns_185_3_1_U44/system_top_mul_78s_108ns_185_3_1_Multiplier_1_U/tmp_product__13/A[14]
                            (rising edge-triggered cell DSP48E1 clocked by ap_clk  {rise@0.000ns fall@5.000ns period=10.000ns})
  Path Group:             ap_clk
  Path Type:              Setup (Max at Slow Process Corner)
  Requirement:            10.000ns  (ap_clk rise@10.000ns - ap_clk rise@0.000ns)
  Data Path Delay:        7.225ns  (logic 4.311ns (59.670%)  route 2.914ns (40.330%))
  Logic Levels:           10  (CARRY4=8 DSP48E1=1 LUT2=1)
  Clock Path Skew:        -0.025ns (DCD - SCD + CPR)
    Destination Clock Delay (DCD):    0.483ns = ( 10.483 - 10.000 ) 
    Source Clock Delay      (SCD):    0.508ns
    Clock Pessimism Removal (CPR):    0.000ns
  Clock Uncertainty:      0.035ns  ((TSJ^2 + TIJ^2)^1/2 + DJ) / 2 + PE
    Total System Jitter     (TSJ):    0.071ns
    Total Input Jitter      (TIJ):    0.000ns
    Discrete Jitter          (DJ):    0.000ns
    Phase Error              (PE):    0.000ns

    Location             Delay type                Incr(ns)  Path(ns)    Netlist Resource(s)
  -------------------------------------------------------------------    -------------------
                         (clock ap_clk rise edge)     0.000     0.000 r  
                                                      0.000     0.000 r  ap_clk (IN)
                         net (fo=16362, unset)        0.508     0.508    bd_0_i/hls_inst/inst/grp_p_shadowquilt_main_loop_make_verticle_strip_fu_565/grp_makePatch_alignedToLine_fu_1322/grp_alignedtoline_per_layer_loop8_fu_183/mul_33s_25ns_58_1_1_U43/system_top_mul_33s_25ns_58_1_1_Multiplier_0_U/ap_clk
    DSP48_X5Y10          DSP48E1                                      r  bd_0_i/hls_inst/inst/grp_p_shadowquilt_main_loop_make_verticle_strip_fu_565/grp_makePatch_alignedToLine_fu_1322/grp_alignedtoline_per_layer_loop8_fu_183/mul_33s_25ns_58_1_1_U43/system_top_mul_33s_25ns_58_1_1_Multiplier_0_U/p__1/CLK
  -------------------------------------------------------------------    -------------------
    DSP48_X5Y10          DSP48E1 (Prop_dsp48e1_CLK_PCOUT[47])
                                                      2.626     3.134 r  bd_0_i/hls_inst/inst/grp_p_shadowquilt_main_loop_make_verticle_strip_fu_565/grp_makePatch_alignedToLine_fu_1322/grp_alignedtoline_per_layer_loop8_fu_183/mul_33s_25ns_58_1_1_U43/system_top_mul_33s_25ns_58_1_1_Multiplier_0_U/p__1/PCOUT[47]
                         net (fo=1, routed)           0.000     3.134    bd_0_i/hls_inst/inst/grp_p_shadowquilt_main_loop_make_verticle_strip_fu_565/grp_makePatch_alignedToLine_fu_1322/grp_alignedtoline_per_layer_loop8_fu_183/mul_33s_25ns_58_1_1_U43/system_top_mul_33s_25ns_58_1_1_Multiplier_0_U/p__1_n_123
    DSP48_X5Y11          DSP48E1 (Prop_dsp48e1_PCIN[47]_P[0])
                                                      0.938     4.072 r  bd_0_i/hls_inst/inst/grp_p_shadowquilt_main_loop_make_verticle_strip_fu_565/grp_makePatch_alignedToLine_fu_1322/grp_alignedtoline_per_layer_loop8_fu_183/mul_33s_25ns_58_1_1_U43/system_top_mul_33s_25ns_58_1_1_Multiplier_0_U/p__2/P[0]
                         net (fo=2, routed)           0.676     4.748    bd_0_i/hls_inst/inst/grp_p_shadowquilt_main_loop_make_verticle_strip_fu_565/grp_makePatch_alignedToLine_fu_1322/grp_alignedtoline_per_layer_loop8_fu_183/mul_33s_25ns_58_1_1_U43/system_top_mul_33s_25ns_58_1_1_Multiplier_0_U/p__2_0[0]
    SLICE_X105Y20        LUT2 (Prop_lut2_I0_O)        0.043     4.791 r  bd_0_i/hls_inst/inst/grp_p_shadowquilt_main_loop_make_verticle_strip_fu_565/grp_makePatch_alignedToLine_fu_1322/grp_alignedtoline_per_layer_loop8_fu_183/mul_33s_25ns_58_1_1_U43/system_top_mul_33s_25ns_58_1_1_Multiplier_0_U/tmp_product__0_i_19/O
                         net (fo=1, routed)           0.000     4.791    bd_0_i/hls_inst/inst/grp_p_shadowquilt_main_loop_make_verticle_strip_fu_565_n_19
    SLICE_X105Y20        CARRY4 (Prop_carry4_S[1]_CO[3])
                                                      0.257     5.048 r  bd_0_i/hls_inst/inst/mul_33s_25ns_58_1_1_U43/system_top_mul_33s_25ns_58_1_1_Multiplier_0_U/tmp_product__0_i_4/CO[3]
                         net (fo=1, routed)           0.000     5.048    bd_0_i/hls_inst/inst/mul_33s_25ns_58_1_1_U43/system_top_mul_33s_25ns_58_1_1_Multiplier_0_U/tmp_product__0_i_4_n_17
    SLICE_X105Y21        CARRY4 (Prop_carry4_CI_CO[3])
                                                      0.049     5.097 r  bd_0_i/hls_inst/inst/mul_33s_25ns_58_1_1_U43/system_top_mul_33s_25ns_58_1_1_Multiplier_0_U/tmp_product__0_i_3/CO[3]
                         net (fo=1, routed)           0.000     5.097    bd_0_i/hls_inst/inst/mul_33s_25ns_58_1_1_U43/system_top_mul_33s_25ns_58_1_1_Multiplier_0_U/tmp_product__0_i_3_n_17
    SLICE_X105Y22        CARRY4 (Prop_carry4_CI_CO[3])
                                                      0.049     5.146 r  bd_0_i/hls_inst/inst/mul_33s_25ns_58_1_1_U43/system_top_mul_33s_25ns_58_1_1_Multiplier_0_U/tmp_product__0_i_2/CO[3]
                         net (fo=1, routed)           0.000     5.146    bd_0_i/hls_inst/inst/mul_33s_25ns_58_1_1_U43/system_top_mul_33s_25ns_58_1_1_Multiplier_0_U/tmp_product__0_i_2_n_17
    SLICE_X105Y23        CARRY4 (Prop_carry4_CI_CO[3])
                                                      0.049     5.195 r  bd_0_i/hls_inst/inst/mul_33s_25ns_58_1_1_U43/system_top_mul_33s_25ns_58_1_1_Multiplier_0_U/tmp_product__0_i_1/CO[3]
                         net (fo=1, routed)           0.000     5.195    bd_0_i/hls_inst/inst/mul_33s_25ns_58_1_1_U43/system_top_mul_33s_25ns_58_1_1_Multiplier_0_U/tmp_product__0_i_1_n_17
    SLICE_X105Y24        CARRY4 (Prop_carry4_CI_CO[3])
                                                      0.049     5.244 r  bd_0_i/hls_inst/inst/mul_33s_25ns_58_1_1_U43/system_top_mul_33s_25ns_58_1_1_Multiplier_0_U/tmp_product__1_i_4/CO[3]
                         net (fo=1, routed)           0.007     5.251    bd_0_i/hls_inst/inst/mul_33s_25ns_58_1_1_U43/system_top_mul_33s_25ns_58_1_1_Multiplier_0_U/tmp_product__1_i_4_n_17
    SLICE_X105Y25        CARRY4 (Prop_carry4_CI_CO[3])
                                                      0.049     5.300 r  bd_0_i/hls_inst/inst/mul_33s_25ns_58_1_1_U43/system_top_mul_33s_25ns_58_1_1_Multiplier_0_U/tmp_product__1_i_3/CO[3]
                         net (fo=1, routed)           0.000     5.300    bd_0_i/hls_inst/inst/mul_33s_25ns_58_1_1_U43/system_top_mul_33s_25ns_58_1_1_Multiplier_0_U/tmp_product__1_i_3_n_17
    SLICE_X105Y26        CARRY4 (Prop_carry4_CI_CO[3])
                                                      0.049     5.349 r  bd_0_i/hls_inst/inst/mul_33s_25ns_58_1_1_U43/system_top_mul_33s_25ns_58_1_1_Multiplier_0_U/tmp_product__1_i_2/CO[3]
                         net (fo=1, routed)           0.000     5.349    bd_0_i/hls_inst/inst/mul_33s_25ns_58_1_1_U43/system_top_mul_33s_25ns_58_1_1_Multiplier_0_U/tmp_product__1_i_2_n_17
    SLICE_X105Y27        CARRY4 (Prop_carry4_CI_O[1])
                                                      0.153     5.502 r  bd_0_i/hls_inst/inst/mul_33s_25ns_58_1_1_U43/system_top_mul_33s_25ns_58_1_1_Multiplier_0_U/tmp_product__1_i_1/O[1]
                         net (fo=6, routed)           2.231     7.733    bd_0_i/hls_inst/inst/grp_p_shadowquilt_main_loop_make_verticle_strip_fu_565/grp_makePatch_alignedToLine_fu_1322/grp_alignedtoline_per_layer_loop8_fu_183/mul_78s_108ns_185_3_1_U44/system_top_mul_78s_108ns_185_3_1_Multiplier_1_U/tmp_product__1_0[29]
    DSP48_X3Y9           DSP48E1                                      r  bd_0_i/hls_inst/inst/grp_p_shadowquilt_main_loop_make_verticle_strip_fu_565/grp_makePatch_alignedToLine_fu_1322/grp_alignedtoline_per_layer_loop8_fu_183/mul_78s_108ns_185_3_1_U44/system_top_mul_78s_108ns_185_3_1_Multiplier_1_U/tmp_product__13/A[14]
  -------------------------------------------------------------------    -------------------

                         (clock ap_clk rise edge)    10.000    10.000 r  
                                                      0.000    10.000 r  ap_clk (IN)
                         net (fo=16362, unset)        0.483    10.483    bd_0_i/hls_inst/inst/grp_p_shadowquilt_main_loop_make_verticle_strip_fu_565/grp_makePatch_alignedToLine_fu_1322/grp_alignedtoline_per_layer_loop8_fu_183/mul_78s_108ns_185_3_1_U44/system_top_mul_78s_108ns_185_3_1_Multiplier_1_U/ap_clk
    DSP48_X3Y9           DSP48E1                                      r  bd_0_i/hls_inst/inst/grp_p_shadowquilt_main_loop_make_verticle_strip_fu_565/grp_makePatch_alignedToLine_fu_1322/grp_alignedtoline_per_layer_loop8_fu_183/mul_78s_108ns_185_3_1_U44/system_top_mul_78s_108ns_185_3_1_Multiplier_1_U/tmp_product__13/CLK
                         clock pessimism              0.000    10.483    
                         clock uncertainty           -0.035    10.447    
    DSP48_X3Y9           DSP48E1 (Setup_dsp48e1_CLK_A[14])
                                                     -0.308    10.139    bd_0_i/hls_inst/inst/grp_p_shadowquilt_main_loop_make_verticle_strip_fu_565/grp_makePatch_alignedToLine_fu_1322/grp_alignedtoline_per_layer_loop8_fu_183/mul_78s_108ns_185_3_1_U44/system_top_mul_78s_108ns_185_3_1_Multiplier_1_U/tmp_product__13
  -------------------------------------------------------------------
                         required time                         10.139    
                         arrival time                          -7.733    
  -------------------------------------------------------------------
                         slack                                  2.407    

Slack (MET) :             2.419ns  (required time - arrival time)
  Source:                 bd_0_i/hls_inst/inst/grp_p_shadowquilt_main_loop_make_verticle_strip_fu_565/grp_makePatch_alignedToLine_fu_1322/grp_alignedtoline_per_layer_loop8_fu_183/grp_p_find_boundaries_and_starting_index_and_value9_fu_922/p_find_left_and_right_boundaries11_U0/icmp_ln581_3_reg_2730_reg[0]/C
                            (rising edge-triggered cell FDRE clocked by ap_clk  {rise@0.000ns fall@5.000ns period=10.000ns})
  Destination:            bd_0_i/hls_inst/inst/grp_p_shadowquilt_main_loop_make_verticle_strip_fu_565/grp_makePatch_alignedToLine_fu_1322/grp_alignedtoline_per_layer_loop8_fu_183/grp_p_find_boundaries_and_starting_index_and_value9_fu_922/p_find_left_and_right_boundaries11_U0/p_Result_98_reg_2472_reg[0]/D
                            (rising edge-triggered cell FDRE clocked by ap_clk  {rise@0.000ns fall@5.000ns period=10.000ns})
  Path Group:             ap_clk
  Path Type:              Setup (Max at Slow Process Corner)
  Requirement:            10.000ns  (ap_clk rise@10.000ns - ap_clk rise@0.000ns)
  Data Path Delay:        7.601ns  (logic 1.758ns (23.128%)  route 5.843ns (76.872%))
  Logic Levels:           21  (CARRY4=8 LUT1=1 LUT3=2 LUT4=1 LUT5=3 LUT6=6)
  Clock Path Skew:        -0.025ns (DCD - SCD + CPR)
    Destination Clock Delay (DCD):    0.483ns = ( 10.483 - 10.000 ) 
    Source Clock Delay      (SCD):    0.508ns
    Clock Pessimism Removal (CPR):    0.000ns
  Clock Uncertainty:      0.035ns  ((TSJ^2 + TIJ^2)^1/2 + DJ) / 2 + PE
    Total System Jitter     (TSJ):    0.071ns
    Total Input Jitter      (TIJ):    0.000ns
    Discrete Jitter          (DJ):    0.000ns
    Phase Error              (PE):    0.000ns

    Location             Delay type                Incr(ns)  Path(ns)    Netlist Resource(s)
  -------------------------------------------------------------------    -------------------
                         (clock ap_clk rise edge)     0.000     0.000 r  
                                                      0.000     0.000 r  ap_clk (IN)
                         net (fo=16362, unset)        0.508     0.508    bd_0_i/hls_inst/inst/grp_p_shadowquilt_main_loop_make_verticle_strip_fu_565/grp_makePatch_alignedToLine_fu_1322/grp_alignedtoline_per_layer_loop8_fu_183/grp_p_find_boundaries_and_starting_index_and_value9_fu_922/p_find_left_and_right_boundaries11_U0/ap_clk
    SLICE_X101Y160       FDRE                                         r  bd_0_i/hls_inst/inst/grp_p_shadowquilt_main_loop_make_verticle_strip_fu_565/grp_makePatch_alignedToLine_fu_1322/grp_alignedtoline_per_layer_loop8_fu_183/grp_p_find_boundaries_and_starting_index_and_value9_fu_922/p_find_left_and_right_boundaries11_U0/icmp_ln581_3_reg_2730_reg[0]/C
  -------------------------------------------------------------------    -------------------
    SLICE_X101Y160       FDRE (Prop_fdre_C_Q)         0.216     0.724 r  bd_0_i/hls_inst/inst/grp_p_shadowquilt_main_loop_make_verticle_strip_fu_565/grp_makePatch_alignedToLine_fu_1322/grp_alignedtoline_per_layer_loop8_fu_183/grp_p_find_boundaries_and_starting_index_and_value9_fu_922/p_find_left_and_right_boundaries11_U0/icmp_ln581_3_reg_2730_reg[0]/Q
                         net (fo=78, routed)          0.546     1.270    bd_0_i/hls_inst/inst/grp_p_shadowquilt_main_loop_make_verticle_strip_fu_565/grp_makePatch_alignedToLine_fu_1322/grp_alignedtoline_per_layer_loop8_fu_183/grp_p_find_boundaries_and_starting_index_and_value9_fu_922/p_find_left_and_right_boundaries11_U0/icmp_ln581_3_reg_2730
    SLICE_X102Y160       LUT3 (Prop_lut3_I1_O)        0.049     1.319 f  bd_0_i/hls_inst/inst/grp_p_shadowquilt_main_loop_make_verticle_strip_fu_565/grp_makePatch_alignedToLine_fu_1322/grp_alignedtoline_per_layer_loop8_fu_183/grp_p_find_boundaries_and_starting_index_and_value9_fu_922/p_find_left_and_right_boundaries11_U0/m_53_reg_2443[21]_i_19/O
                         net (fo=1, routed)           0.246     1.565    bd_0_i/hls_inst/inst/grp_p_shadowquilt_main_loop_make_verticle_strip_fu_565/grp_makePatch_alignedToLine_fu_1322/grp_alignedtoline_per_layer_loop8_fu_183/grp_p_find_boundaries_and_starting_index_and_value9_fu_922/p_find_left_and_right_boundaries11_U0/m_53_reg_2443[21]_i_19_n_17
    SLICE_X103Y160       LUT6 (Prop_lut6_I2_O)        0.126     1.691 f  bd_0_i/hls_inst/inst/grp_p_shadowquilt_main_loop_make_verticle_strip_fu_565/grp_makePatch_alignedToLine_fu_1322/grp_alignedtoline_per_layer_loop8_fu_183/grp_p_find_boundaries_and_starting_index_and_value9_fu_922/p_find_left_and_right_boundaries11_U0/m_53_reg_2443[21]_i_16/O
                         net (fo=1, routed)           0.209     1.900    bd_0_i/hls_inst/inst/grp_p_shadowquilt_main_loop_make_verticle_strip_fu_565/grp_makePatch_alignedToLine_fu_1322/grp_alignedtoline_per_layer_loop8_fu_183/grp_p_find_boundaries_and_starting_index_and_value9_fu_922/p_find_left_and_right_boundaries11_U0/m_53_reg_2443[21]_i_16_n_17
    SLICE_X103Y159       LUT6 (Prop_lut6_I5_O)        0.043     1.943 f  bd_0_i/hls_inst/inst/grp_p_shadowquilt_main_loop_make_verticle_strip_fu_565/grp_makePatch_alignedToLine_fu_1322/grp_alignedtoline_per_layer_loop8_fu_183/grp_p_find_boundaries_and_starting_index_and_value9_fu_922/p_find_left_and_right_boundaries11_U0/m_53_reg_2443[21]_i_9/O
                         net (fo=5, routed)           0.415     2.358    bd_0_i/hls_inst/inst/grp_p_shadowquilt_main_loop_make_verticle_strip_fu_565/grp_makePatch_alignedToLine_fu_1322/grp_alignedtoline_per_layer_loop8_fu_183/grp_p_find_boundaries_and_starting_index_and_value9_fu_922/p_find_left_and_right_boundaries11_U0/m_53_reg_2443[21]_i_9_n_17
    SLICE_X101Y157       LUT4 (Prop_lut4_I3_O)        0.043     2.401 r  bd_0_i/hls_inst/inst/grp_p_shadowquilt_main_loop_make_verticle_strip_fu_565/grp_makePatch_alignedToLine_fu_1322/grp_alignedtoline_per_layer_loop8_fu_183/grp_p_find_boundaries_and_starting_index_and_value9_fu_922/p_find_left_and_right_boundaries11_U0/m_53_reg_2443[21]_i_7/O
                         net (fo=5, routed)           0.421     2.822    bd_0_i/hls_inst/inst/grp_p_shadowquilt_main_loop_make_verticle_strip_fu_565/grp_makePatch_alignedToLine_fu_1322/grp_alignedtoline_per_layer_loop8_fu_183/grp_p_find_boundaries_and_starting_index_and_value9_fu_922/p_find_left_and_right_boundaries11_U0/m_53_reg_2443[21]_i_7_n_17
    SLICE_X101Y157       LUT5 (Prop_lut5_I3_O)        0.043     2.865 r  bd_0_i/hls_inst/inst/grp_p_shadowquilt_main_loop_make_verticle_strip_fu_565/grp_makePatch_alignedToLine_fu_1322/grp_alignedtoline_per_layer_loop8_fu_183/grp_p_find_boundaries_and_starting_index_and_value9_fu_922/p_find_left_and_right_boundaries11_U0/m_53_reg_2443[0]_i_2/O
                         net (fo=51, routed)          0.486     3.351    bd_0_i/hls_inst/inst/grp_p_shadowquilt_main_loop_make_verticle_strip_fu_565/grp_makePatch_alignedToLine_fu_1322/grp_alignedtoline_per_layer_loop8_fu_183/grp_p_find_boundaries_and_starting_index_and_value9_fu_922/p_find_left_and_right_boundaries11_U0/m_53_reg_2443[0]_i_2_n_17
    SLICE_X103Y154       LUT6 (Prop_lut6_I2_O)        0.043     3.394 f  bd_0_i/hls_inst/inst/grp_p_shadowquilt_main_loop_make_verticle_strip_fu_565/grp_makePatch_alignedToLine_fu_1322/grp_alignedtoline_per_layer_loop8_fu_183/grp_p_find_boundaries_and_starting_index_and_value9_fu_922/p_find_left_and_right_boundaries11_U0/m_53_reg_2443[0]_i_1/O
                         net (fo=8, routed)           0.393     3.788    bd_0_i/hls_inst/inst/grp_p_shadowquilt_main_loop_make_verticle_strip_fu_565/grp_makePatch_alignedToLine_fu_1322/grp_alignedtoline_per_layer_loop8_fu_183/grp_p_find_boundaries_and_starting_index_and_value9_fu_922/p_find_left_and_right_boundaries11_U0/rbVal_constprop_reg[0][0]
    SLICE_X102Y145       LUT1 (Prop_lut1_I0_O)        0.043     3.831 r  bd_0_i/hls_inst/inst/grp_p_shadowquilt_main_loop_make_verticle_strip_fu_565/grp_makePatch_alignedToLine_fu_1322/grp_alignedtoline_per_layer_loop8_fu_183/grp_p_find_boundaries_and_starting_index_and_value9_fu_922/p_find_left_and_right_boundaries11_U0/m_53_reg_2443[4]_i_4/O
                         net (fo=1, routed)           0.292     4.122    bd_0_i/hls_inst/inst/grp_p_shadowquilt_main_loop_make_verticle_strip_fu_565/grp_makePatch_alignedToLine_fu_1322/grp_alignedtoline_per_layer_loop8_fu_183/grp_p_find_boundaries_and_starting_index_and_value9_fu_922/p_find_left_and_right_boundaries11_U0/m_53_reg_2443[4]_i_4_n_17
    SLICE_X101Y145       CARRY4 (Prop_carry4_CYINIT_CO[3])
                                                      0.279     4.401 r  bd_0_i/hls_inst/inst/grp_p_shadowquilt_main_loop_make_verticle_strip_fu_565/grp_makePatch_alignedToLine_fu_1322/grp_alignedtoline_per_layer_loop8_fu_183/grp_p_find_boundaries_and_starting_index_and_value9_fu_922/p_find_left_and_right_boundaries11_U0/m_53_reg_2443_reg[4]_i_2/CO[3]
                         net (fo=1, routed)           0.000     4.401    bd_0_i/hls_inst/inst/grp_p_shadowquilt_main_loop_make_verticle_strip_fu_565/grp_makePatch_alignedToLine_fu_1322/grp_alignedtoline_per_layer_loop8_fu_183/grp_p_find_boundaries_and_starting_index_and_value9_fu_922/p_find_left_and_right_boundaries11_U0/m_53_reg_2443_reg[4]_i_2_n_17
    SLICE_X101Y146       CARRY4 (Prop_carry4_CI_CO[3])
                                                      0.049     4.450 r  bd_0_i/hls_inst/inst/grp_p_shadowquilt_main_loop_make_verticle_strip_fu_565/grp_makePatch_alignedToLine_fu_1322/grp_alignedtoline_per_layer_loop8_fu_183/grp_p_find_boundaries_and_starting_index_and_value9_fu_922/p_find_left_and_right_boundaries11_U0/m_53_reg_2443_reg[8]_i_2/CO[3]
                         net (fo=1, routed)           0.000     4.450    bd_0_i/hls_inst/inst/grp_p_shadowquilt_main_loop_make_verticle_strip_fu_565/grp_makePatch_alignedToLine_fu_1322/grp_alignedtoline_per_layer_loop8_fu_183/grp_p_find_boundaries_and_starting_index_and_value9_fu_922/p_find_left_and_right_boundaries11_U0/m_53_reg_2443_reg[8]_i_2_n_17
    SLICE_X101Y147       CARRY4 (Prop_carry4_CI_CO[3])
                                                      0.049     4.499 r  bd_0_i/hls_inst/inst/grp_p_shadowquilt_main_loop_make_verticle_strip_fu_565/grp_makePatch_alignedToLine_fu_1322/grp_alignedtoline_per_layer_loop8_fu_183/grp_p_find_boundaries_and_starting_index_and_value9_fu_922/p_find_left_and_right_boundaries11_U0/m_53_reg_2443_reg[12]_i_2/CO[3]
                         net (fo=1, routed)           0.000     4.499    bd_0_i/hls_inst/inst/grp_p_shadowquilt_main_loop_make_verticle_strip_fu_565/grp_makePatch_alignedToLine_fu_1322/grp_alignedtoline_per_layer_loop8_fu_183/grp_p_find_boundaries_and_starting_index_and_value9_fu_922/p_find_left_and_right_boundaries11_U0/m_53_reg_2443_reg[12]_i_2_n_17
    SLICE_X101Y148       CARRY4 (Prop_carry4_CI_CO[3])
                                                      0.049     4.548 r  bd_0_i/hls_inst/inst/grp_p_shadowquilt_main_loop_make_verticle_strip_fu_565/grp_makePatch_alignedToLine_fu_1322/grp_alignedtoline_per_layer_loop8_fu_183/grp_p_find_boundaries_and_starting_index_and_value9_fu_922/p_find_left_and_right_boundaries11_U0/m_53_reg_2443_reg[16]_i_2/CO[3]
                         net (fo=1, routed)           0.000     4.548    bd_0_i/hls_inst/inst/grp_p_shadowquilt_main_loop_make_verticle_strip_fu_565/grp_makePatch_alignedToLine_fu_1322/grp_alignedtoline_per_layer_loop8_fu_183/grp_p_find_boundaries_and_starting_index_and_value9_fu_922/p_find_left_and_right_boundaries11_U0/m_53_reg_2443_reg[16]_i_2_n_17
    SLICE_X101Y149       CARRY4 (Prop_carry4_CI_CO[3])
                                                      0.049     4.597 r  bd_0_i/hls_inst/inst/grp_p_shadowquilt_main_loop_make_verticle_strip_fu_565/grp_makePatch_alignedToLine_fu_1322/grp_alignedtoline_per_layer_loop8_fu_183/grp_p_find_boundaries_and_starting_index_and_value9_fu_922/p_find_left_and_right_boundaries11_U0/m_53_reg_2443_reg[20]_i_2/CO[3]
                         net (fo=1, routed)           0.001     4.598    bd_0_i/hls_inst/inst/grp_p_shadowquilt_main_loop_make_verticle_strip_fu_565/grp_makePatch_alignedToLine_fu_1322/grp_alignedtoline_per_layer_loop8_fu_183/grp_p_find_boundaries_and_starting_index_and_value9_fu_922/p_find_left_and_right_boundaries11_U0/m_53_reg_2443_reg[20]_i_2_n_17
    SLICE_X101Y150       CARRY4 (Prop_carry4_CI_CO[3])
                                                      0.049     4.647 r  bd_0_i/hls_inst/inst/grp_p_shadowquilt_main_loop_make_verticle_strip_fu_565/grp_makePatch_alignedToLine_fu_1322/grp_alignedtoline_per_layer_loop8_fu_183/grp_p_find_boundaries_and_starting_index_and_value9_fu_922/p_find_left_and_right_boundaries11_U0/m_53_reg_2443_reg[24]_i_3/CO[3]
                         net (fo=1, routed)           0.000     4.647    bd_0_i/hls_inst/inst/grp_p_shadowquilt_main_loop_make_verticle_strip_fu_565/grp_makePatch_alignedToLine_fu_1322/grp_alignedtoline_per_layer_loop8_fu_183/grp_p_find_boundaries_and_starting_index_and_value9_fu_922/p_find_left_and_right_boundaries11_U0/m_53_reg_2443_reg[24]_i_3_n_17
    SLICE_X101Y151       CARRY4 (Prop_carry4_CI_CO[3])
                                                      0.049     4.696 r  bd_0_i/hls_inst/inst/grp_p_shadowquilt_main_loop_make_verticle_strip_fu_565/grp_makePatch_alignedToLine_fu_1322/grp_alignedtoline_per_layer_loop8_fu_183/grp_p_find_boundaries_and_starting_index_and_value9_fu_922/p_find_left_and_right_boundaries11_U0/m_53_reg_2443_reg[28]_i_3/CO[3]
                         net (fo=1, routed)           0.000     4.696    bd_0_i/hls_inst/inst/grp_p_shadowquilt_main_loop_make_verticle_strip_fu_565/grp_makePatch_alignedToLine_fu_1322/grp_alignedtoline_per_layer_loop8_fu_183/grp_p_find_boundaries_and_starting_index_and_value9_fu_922/p_find_left_and_right_boundaries11_U0/m_53_reg_2443_reg[28]_i_3_n_17
    SLICE_X101Y152       CARRY4 (Prop_carry4_CI_O[1])
                                                      0.153     4.849 f  bd_0_i/hls_inst/inst/grp_p_shadowquilt_main_loop_make_verticle_strip_fu_565/grp_makePatch_alignedToLine_fu_1322/grp_alignedtoline_per_layer_loop8_fu_183/grp_p_find_boundaries_and_starting_index_and_value9_fu_922/p_find_left_and_right_boundaries11_U0/m_53_reg_2443_reg[30]_i_2/O[1]
                         net (fo=1, routed)           0.335     5.183    bd_0_i/hls_inst/inst/grp_p_shadowquilt_main_loop_make_verticle_strip_fu_565/grp_makePatch_alignedToLine_fu_1322/grp_alignedtoline_per_layer_loop8_fu_183/grp_p_find_boundaries_and_starting_index_and_value9_fu_922/p_find_left_and_right_boundaries11_U0/tmp_V_14_fu_615_p2[30]
    SLICE_X100Y152       LUT3 (Prop_lut3_I0_O)        0.119     5.302 f  bd_0_i/hls_inst/inst/grp_p_shadowquilt_main_loop_make_verticle_strip_fu_565/grp_makePatch_alignedToLine_fu_1322/grp_alignedtoline_per_layer_loop8_fu_183/grp_p_find_boundaries_and_starting_index_and_value9_fu_922/p_find_left_and_right_boundaries11_U0/m_53_reg_2443[30]_i_1/O
                         net (fo=4, routed)           0.427     5.730    bd_0_i/hls_inst/inst/grp_p_shadowquilt_main_loop_make_verticle_strip_fu_565/grp_makePatch_alignedToLine_fu_1322/grp_alignedtoline_per_layer_loop8_fu_183/grp_p_find_boundaries_and_starting_index_and_value9_fu_922/p_find_left_and_right_boundaries11_U0/m_53_fu_621_p3[30]
    SLICE_X99Y151        LUT5 (Prop_lut5_I3_O)        0.049     5.779 f  bd_0_i/hls_inst/inst/grp_p_shadowquilt_main_loop_make_verticle_strip_fu_565/grp_makePatch_alignedToLine_fu_1322/grp_alignedtoline_per_layer_loop8_fu_183/grp_p_find_boundaries_and_starting_index_and_value9_fu_922/p_find_left_and_right_boundaries11_U0/sub_ln947_4_reg_2467[0]_i_2/O
                         net (fo=2, routed)           0.651     6.430    bd_0_i/hls_inst/inst/grp_p_shadowquilt_main_loop_make_verticle_strip_fu_565/grp_makePatch_alignedToLine_fu_1322/grp_alignedtoline_per_layer_loop8_fu_183/grp_p_find_boundaries_and_starting_index_and_value9_fu_922/p_find_left_and_right_boundaries11_U0/sub_ln947_4_reg_2467[0]_i_2_n_17
    SLICE_X98Y145        LUT6 (Prop_lut6_I1_O)        0.129     6.559 r  bd_0_i/hls_inst/inst/grp_p_shadowquilt_main_loop_make_verticle_strip_fu_565/grp_makePatch_alignedToLine_fu_1322/grp_alignedtoline_per_layer_loop8_fu_183/grp_p_find_boundaries_and_starting_index_and_value9_fu_922/p_find_left_and_right_boundaries11_U0/sub_ln947_4_reg_2467[0]_i_1/O
                         net (fo=3, routed)           0.432     6.991    bd_0_i/hls_inst/inst/grp_p_shadowquilt_main_loop_make_verticle_strip_fu_565/grp_makePatch_alignedToLine_fu_1322/grp_alignedtoline_per_layer_loop8_fu_183/grp_p_find_boundaries_and_starting_index_and_value9_fu_922/p_find_left_and_right_boundaries11_U0/sub_ln947_4_reg_2467[0]_i_1_n_17
    SLICE_X102Y146       LUT6 (Prop_lut6_I3_O)        0.043     7.034 r  bd_0_i/hls_inst/inst/grp_p_shadowquilt_main_loop_make_verticle_strip_fu_565/grp_makePatch_alignedToLine_fu_1322/grp_alignedtoline_per_layer_loop8_fu_183/grp_p_find_boundaries_and_starting_index_and_value9_fu_922/p_find_left_and_right_boundaries11_U0/p_Result_98_reg_2472[0]_i_9/O
                         net (fo=1, routed)           0.551     7.585    bd_0_i/hls_inst/inst/grp_p_shadowquilt_main_loop_make_verticle_strip_fu_565/grp_makePatch_alignedToLine_fu_1322/grp_alignedtoline_per_layer_loop8_fu_183/grp_p_find_boundaries_and_starting_index_and_value9_fu_922/p_find_left_and_right_boundaries11_U0/p_Result_98_reg_2472[0]_i_9_n_17
    SLICE_X98Y146        LUT6 (Prop_lut6_I1_O)        0.043     7.628 r  bd_0_i/hls_inst/inst/grp_p_shadowquilt_main_loop_make_verticle_strip_fu_565/grp_makePatch_alignedToLine_fu_1322/grp_alignedtoline_per_layer_loop8_fu_183/grp_p_find_boundaries_and_starting_index_and_value9_fu_922/p_find_left_and_right_boundaries11_U0/p_Result_98_reg_2472[0]_i_3/O
                         net (fo=1, routed)           0.438     8.066    bd_0_i/hls_inst/inst/grp_p_shadowquilt_main_loop_make_verticle_strip_fu_565/grp_makePatch_alignedToLine_fu_1322/grp_alignedtoline_per_layer_loop8_fu_183/grp_p_find_boundaries_and_starting_index_and_value9_fu_922/p_find_left_and_right_boundaries11_U0/p_Result_98_reg_2472[0]_i_3_n_17
    SLICE_X96Y146        LUT5 (Prop_lut5_I0_O)        0.043     8.109 r  bd_0_i/hls_inst/inst/grp_p_shadowquilt_main_loop_make_verticle_strip_fu_565/grp_makePatch_alignedToLine_fu_1322/grp_alignedtoline_per_layer_loop8_fu_183/grp_p_find_boundaries_and_starting_index_and_value9_fu_922/p_find_left_and_right_boundaries11_U0/p_Result_98_reg_2472[0]_i_2/O
                         net (fo=1, routed)           0.000     8.109    bd_0_i/hls_inst/inst/grp_p_shadowquilt_main_loop_make_verticle_strip_fu_565/grp_makePatch_alignedToLine_fu_1322/grp_alignedtoline_per_layer_loop8_fu_183/grp_p_find_boundaries_and_starting_index_and_value9_fu_922/p_find_left_and_right_boundaries11_U0/p_Result_98_fu_679_p3
    SLICE_X96Y146        FDRE                                         r  bd_0_i/hls_inst/inst/grp_p_shadowquilt_main_loop_make_verticle_strip_fu_565/grp_makePatch_alignedToLine_fu_1322/grp_alignedtoline_per_layer_loop8_fu_183/grp_p_find_boundaries_and_starting_index_and_value9_fu_922/p_find_left_and_right_boundaries11_U0/p_Result_98_reg_2472_reg[0]/D
  -------------------------------------------------------------------    -------------------

                         (clock ap_clk rise edge)    10.000    10.000 r  
                                                      0.000    10.000 r  ap_clk (IN)
                         net (fo=16362, unset)        0.483    10.483    bd_0_i/hls_inst/inst/grp_p_shadowquilt_main_loop_make_verticle_strip_fu_565/grp_makePatch_alignedToLine_fu_1322/grp_alignedtoline_per_layer_loop8_fu_183/grp_p_find_boundaries_and_starting_index_and_value9_fu_922/p_find_left_and_right_boundaries11_U0/ap_clk
    SLICE_X96Y146        FDRE                                         r  bd_0_i/hls_inst/inst/grp_p_shadowquilt_main_loop_make_verticle_strip_fu_565/grp_makePatch_alignedToLine_fu_1322/grp_alignedtoline_per_layer_loop8_fu_183/grp_p_find_boundaries_and_starting_index_and_value9_fu_922/p_find_left_and_right_boundaries11_U0/p_Result_98_reg_2472_reg[0]/C
                         clock pessimism              0.000    10.483    
                         clock uncertainty           -0.035    10.447    
    SLICE_X96Y146        FDRE (Setup_fdre_C_D)        0.081    10.528    bd_0_i/hls_inst/inst/grp_p_shadowquilt_main_loop_make_verticle_strip_fu_565/grp_makePatch_alignedToLine_fu_1322/grp_alignedtoline_per_layer_loop8_fu_183/grp_p_find_boundaries_and_starting_index_and_value9_fu_922/p_find_left_and_right_boundaries11_U0/p_Result_98_reg_2472_reg[0]
  -------------------------------------------------------------------
                         required time                         10.528    
                         arrival time                          -8.109    
  -------------------------------------------------------------------
                         slack                                  2.419    

Slack (MET) :             2.442ns  (required time - arrival time)
  Source:                 bd_0_i/hls_inst/inst/grp_p_shadowquilt_main_loop_make_verticle_strip_fu_565/grp_makePatch_alignedToLine_fu_1322/grp_alignedtoline_per_layer_loop8_fu_183/mul_33s_25ns_58_1_1_U43/system_top_mul_33s_25ns_58_1_1_Multiplier_0_U/p__1/CLK
                            (rising edge-triggered cell DSP48E1 clocked by ap_clk  {rise@0.000ns fall@5.000ns period=10.000ns})
  Destination:            bd_0_i/hls_inst/inst/grp_p_shadowquilt_main_loop_make_verticle_strip_fu_565/grp_makePatch_alignedToLine_fu_1322/grp_alignedtoline_per_layer_loop8_fu_183/mul_78s_108ns_185_3_1_U44/system_top_mul_78s_108ns_185_3_1_Multiplier_1_U/tmp_product__2/B[11]
                            (rising edge-triggered cell DSP48E1 clocked by ap_clk  {rise@0.000ns fall@5.000ns period=10.000ns})
  Path Group:             ap_clk
  Path Type:              Setup (Max at Slow Process Corner)
  Requirement:            10.000ns  (ap_clk rise@10.000ns - ap_clk rise@0.000ns)
  Data Path Delay:        7.146ns  (logic 4.464ns (62.471%)  route 2.682ns (37.529%))
  Logic Levels:           13  (CARRY4=11 DSP48E1=1 LUT2=1)
  Clock Path Skew:        -0.025ns (DCD - SCD + CPR)
    Destination Clock Delay (DCD):    0.483ns = ( 10.483 - 10.000 ) 
    Source Clock Delay      (SCD):    0.508ns
    Clock Pessimism Removal (CPR):    0.000ns
  Clock Uncertainty:      0.035ns  ((TSJ^2 + TIJ^2)^1/2 + DJ) / 2 + PE
    Total System Jitter     (TSJ):    0.071ns
    Total Input Jitter      (TIJ):    0.000ns
    Discrete Jitter          (DJ):    0.000ns
    Phase Error              (PE):    0.000ns

    Location             Delay type                Incr(ns)  Path(ns)    Netlist Resource(s)
  -------------------------------------------------------------------    -------------------
                         (clock ap_clk rise edge)     0.000     0.000 r  
                                                      0.000     0.000 r  ap_clk (IN)
                         net (fo=16362, unset)        0.508     0.508    bd_0_i/hls_inst/inst/grp_p_shadowquilt_main_loop_make_verticle_strip_fu_565/grp_makePatch_alignedToLine_fu_1322/grp_alignedtoline_per_layer_loop8_fu_183/mul_33s_25ns_58_1_1_U43/system_top_mul_33s_25ns_58_1_1_Multiplier_0_U/ap_clk
    DSP48_X5Y10          DSP48E1                                      r  bd_0_i/hls_inst/inst/grp_p_shadowquilt_main_loop_make_verticle_strip_fu_565/grp_makePatch_alignedToLine_fu_1322/grp_alignedtoline_per_layer_loop8_fu_183/mul_33s_25ns_58_1_1_U43/system_top_mul_33s_25ns_58_1_1_Multiplier_0_U/p__1/CLK
  -------------------------------------------------------------------    -------------------
    DSP48_X5Y10          DSP48E1 (Prop_dsp48e1_CLK_PCOUT[47])
                                                      2.626     3.134 r  bd_0_i/hls_inst/inst/grp_p_shadowquilt_main_loop_make_verticle_strip_fu_565/grp_makePatch_alignedToLine_fu_1322/grp_alignedtoline_per_layer_loop8_fu_183/mul_33s_25ns_58_1_1_U43/system_top_mul_33s_25ns_58_1_1_Multiplier_0_U/p__1/PCOUT[47]
                         net (fo=1, routed)           0.000     3.134    bd_0_i/hls_inst/inst/grp_p_shadowquilt_main_loop_make_verticle_strip_fu_565/grp_makePatch_alignedToLine_fu_1322/grp_alignedtoline_per_layer_loop8_fu_183/mul_33s_25ns_58_1_1_U43/system_top_mul_33s_25ns_58_1_1_Multiplier_0_U/p__1_n_123
    DSP48_X5Y11          DSP48E1 (Prop_dsp48e1_PCIN[47]_P[0])
                                                      0.938     4.072 r  bd_0_i/hls_inst/inst/grp_p_shadowquilt_main_loop_make_verticle_strip_fu_565/grp_makePatch_alignedToLine_fu_1322/grp_alignedtoline_per_layer_loop8_fu_183/mul_33s_25ns_58_1_1_U43/system_top_mul_33s_25ns_58_1_1_Multiplier_0_U/p__2/P[0]
                         net (fo=2, routed)           0.676     4.748    bd_0_i/hls_inst/inst/grp_p_shadowquilt_main_loop_make_verticle_strip_fu_565/grp_makePatch_alignedToLine_fu_1322/grp_alignedtoline_per_layer_loop8_fu_183/mul_33s_25ns_58_1_1_U43/system_top_mul_33s_25ns_58_1_1_Multiplier_0_U/p__2_0[0]
    SLICE_X105Y20        LUT2 (Prop_lut2_I0_O)        0.043     4.791 r  bd_0_i/hls_inst/inst/grp_p_shadowquilt_main_loop_make_verticle_strip_fu_565/grp_makePatch_alignedToLine_fu_1322/grp_alignedtoline_per_layer_loop8_fu_183/mul_33s_25ns_58_1_1_U43/system_top_mul_33s_25ns_58_1_1_Multiplier_0_U/tmp_product__0_i_19/O
                         net (fo=1, routed)           0.000     4.791    bd_0_i/hls_inst/inst/grp_p_shadowquilt_main_loop_make_verticle_strip_fu_565_n_19
    SLICE_X105Y20        CARRY4 (Prop_carry4_S[1]_CO[3])
                                                      0.257     5.048 r  bd_0_i/hls_inst/inst/mul_33s_25ns_58_1_1_U43/system_top_mul_33s_25ns_58_1_1_Multiplier_0_U/tmp_product__0_i_4/CO[3]
                         net (fo=1, routed)           0.000     5.048    bd_0_i/hls_inst/inst/mul_33s_25ns_58_1_1_U43/system_top_mul_33s_25ns_58_1_1_Multiplier_0_U/tmp_product__0_i_4_n_17
    SLICE_X105Y21        CARRY4 (Prop_carry4_CI_CO[3])
                                                      0.049     5.097 r  bd_0_i/hls_inst/inst/mul_33s_25ns_58_1_1_U43/system_top_mul_33s_25ns_58_1_1_Multiplier_0_U/tmp_product__0_i_3/CO[3]
                         net (fo=1, routed)           0.000     5.097    bd_0_i/hls_inst/inst/mul_33s_25ns_58_1_1_U43/system_top_mul_33s_25ns_58_1_1_Multiplier_0_U/tmp_product__0_i_3_n_17
    SLICE_X105Y22        CARRY4 (Prop_carry4_CI_CO[3])
                                                      0.049     5.146 r  bd_0_i/hls_inst/inst/mul_33s_25ns_58_1_1_U43/system_top_mul_33s_25ns_58_1_1_Multiplier_0_U/tmp_product__0_i_2/CO[3]
                         net (fo=1, routed)           0.000     5.146    bd_0_i/hls_inst/inst/mul_33s_25ns_58_1_1_U43/system_top_mul_33s_25ns_58_1_1_Multiplier_0_U/tmp_product__0_i_2_n_17
    SLICE_X105Y23        CARRY4 (Prop_carry4_CI_CO[3])
                                                      0.049     5.195 r  bd_0_i/hls_inst/inst/mul_33s_25ns_58_1_1_U43/system_top_mul_33s_25ns_58_1_1_Multiplier_0_U/tmp_product__0_i_1/CO[3]
                         net (fo=1, routed)           0.000     5.195    bd_0_i/hls_inst/inst/mul_33s_25ns_58_1_1_U43/system_top_mul_33s_25ns_58_1_1_Multiplier_0_U/tmp_product__0_i_1_n_17
    SLICE_X105Y24        CARRY4 (Prop_carry4_CI_CO[3])
                                                      0.049     5.244 r  bd_0_i/hls_inst/inst/mul_33s_25ns_58_1_1_U43/system_top_mul_33s_25ns_58_1_1_Multiplier_0_U/tmp_product__1_i_4/CO[3]
                         net (fo=1, routed)           0.007     5.251    bd_0_i/hls_inst/inst/mul_33s_25ns_58_1_1_U43/system_top_mul_33s_25ns_58_1_1_Multiplier_0_U/tmp_product__1_i_4_n_17
    SLICE_X105Y25        CARRY4 (Prop_carry4_CI_CO[3])
                                                      0.049     5.300 r  bd_0_i/hls_inst/inst/mul_33s_25ns_58_1_1_U43/system_top_mul_33s_25ns_58_1_1_Multiplier_0_U/tmp_product__1_i_3/CO[3]
                         net (fo=1, routed)           0.000     5.300    bd_0_i/hls_inst/inst/mul_33s_25ns_58_1_1_U43/system_top_mul_33s_25ns_58_1_1_Multiplier_0_U/tmp_product__1_i_3_n_17
    SLICE_X105Y26        CARRY4 (Prop_carry4_CI_CO[3])
                                                      0.049     5.349 r  bd_0_i/hls_inst/inst/mul_33s_25ns_58_1_1_U43/system_top_mul_33s_25ns_58_1_1_Multiplier_0_U/tmp_product__1_i_2/CO[3]
                         net (fo=1, routed)           0.000     5.349    bd_0_i/hls_inst/inst/mul_33s_25ns_58_1_1_U43/system_top_mul_33s_25ns_58_1_1_Multiplier_0_U/tmp_product__1_i_2_n_17
    SLICE_X105Y27        CARRY4 (Prop_carry4_CI_CO[3])
                                                      0.049     5.398 r  bd_0_i/hls_inst/inst/mul_33s_25ns_58_1_1_U43/system_top_mul_33s_25ns_58_1_1_Multiplier_0_U/tmp_product__1_i_1/CO[3]
                         net (fo=1, routed)           0.000     5.398    bd_0_i/hls_inst/inst/mul_33s_25ns_58_1_1_U43/system_top_mul_33s_25ns_58_1_1_Multiplier_0_U/tmp_product__1_i_1_n_17
    SLICE_X105Y28        CARRY4 (Prop_carry4_CI_CO[3])
                                                      0.049     5.447 r  bd_0_i/hls_inst/inst/mul_33s_25ns_58_1_1_U43/system_top_mul_33s_25ns_58_1_1_Multiplier_0_U/tmp_product_i_2/CO[3]
                         net (fo=1, routed)           0.000     5.447    bd_0_i/hls_inst/inst/mul_33s_25ns_58_1_1_U43/system_top_mul_33s_25ns_58_1_1_Multiplier_0_U/tmp_product_i_2_n_17
    SLICE_X105Y29        CARRY4 (Prop_carry4_CI_CO[3])
                                                      0.049     5.496 r  bd_0_i/hls_inst/inst/mul_33s_25ns_58_1_1_U43/system_top_mul_33s_25ns_58_1_1_Multiplier_0_U/tmp_product_i_1/CO[3]
                         net (fo=1, routed)           0.000     5.496    bd_0_i/hls_inst/inst/grp_p_shadowquilt_main_loop_make_verticle_strip_fu_565/grp_makePatch_alignedToLine_fu_1322/grp_alignedtoline_per_layer_loop8_fu_183/mul_33s_25ns_58_1_1_U43/system_top_mul_33s_25ns_58_1_1_Multiplier_0_U/tmp_product__11[0]
    SLICE_X105Y30        CARRY4 (Prop_carry4_CI_O[1])
                                                      0.159     5.655 r  bd_0_i/hls_inst/inst/grp_p_shadowquilt_main_loop_make_verticle_strip_fu_565/grp_makePatch_alignedToLine_fu_1322/grp_alignedtoline_per_layer_loop8_fu_183/mul_33s_25ns_58_1_1_U43/system_top_mul_33s_25ns_58_1_1_Multiplier_0_U/tmp_25_reg_4588_reg[0]_i_1/O[1]
                         net (fo=55, routed)          1.999     7.654    bd_0_i/hls_inst/inst/grp_p_shadowquilt_main_loop_make_verticle_strip_fu_565/grp_makePatch_alignedToLine_fu_1322/grp_alignedtoline_per_layer_loop8_fu_183/mul_78s_108ns_185_3_1_U44/system_top_mul_78s_108ns_185_3_1_Multiplier_1_U/B[9]
    DSP48_X3Y14          DSP48E1                                      r  bd_0_i/hls_inst/inst/grp_p_shadowquilt_main_loop_make_verticle_strip_fu_565/grp_makePatch_alignedToLine_fu_1322/grp_alignedtoline_per_layer_loop8_fu_183/mul_78s_108ns_185_3_1_U44/system_top_mul_78s_108ns_185_3_1_Multiplier_1_U/tmp_product__2/B[11]
  -------------------------------------------------------------------    -------------------

                         (clock ap_clk rise edge)    10.000    10.000 r  
                                                      0.000    10.000 r  ap_clk (IN)
                         net (fo=16362, unset)        0.483    10.483    bd_0_i/hls_inst/inst/grp_p_shadowquilt_main_loop_make_verticle_strip_fu_565/grp_makePatch_alignedToLine_fu_1322/grp_alignedtoline_per_layer_loop8_fu_183/mul_78s_108ns_185_3_1_U44/system_top_mul_78s_108ns_185_3_1_Multiplier_1_U/ap_clk
    DSP48_X3Y14          DSP48E1                                      r  bd_0_i/hls_inst/inst/grp_p_shadowquilt_main_loop_make_verticle_strip_fu_565/grp_makePatch_alignedToLine_fu_1322/grp_alignedtoline_per_layer_loop8_fu_183/mul_78s_108ns_185_3_1_U44/system_top_mul_78s_108ns_185_3_1_Multiplier_1_U/tmp_product__2/CLK
                         clock pessimism              0.000    10.483    
                         clock uncertainty           -0.035    10.447    
    DSP48_X3Y14          DSP48E1 (Setup_dsp48e1_CLK_B[11])
                                                     -0.351    10.096    bd_0_i/hls_inst/inst/grp_p_shadowquilt_main_loop_make_verticle_strip_fu_565/grp_makePatch_alignedToLine_fu_1322/grp_alignedtoline_per_layer_loop8_fu_183/mul_78s_108ns_185_3_1_U44/system_top_mul_78s_108ns_185_3_1_Multiplier_1_U/tmp_product__2
  -------------------------------------------------------------------
                         required time                         10.096    
                         arrival time                          -7.654    
  -------------------------------------------------------------------
                         slack                                  2.442    





Running report: report_utilization -file ./report/system_top_utilization_routed.rpt
Contents of report file './report/system_top_utilization_routed.rpt' is as follows:
Copyright 1986-2020 Xilinx, Inc. All Rights Reserved.
-------------------------------------------------------------------------------------
| Tool Version : Vivado v.2020.2 (win64) Build 3064766 Wed Nov 18 09:12:45 MST 2020
| Date         : Sat Jul 20 20:49:51 2024
| Host         : OGAS running 64-bit major release  (build 9200)
| Command      : report_utilization -file ./report/system_top_utilization_routed.rpt
| Design       : bd_0_wrapper
| Device       : 7z030sbg485-3
| Design State : Routed
-------------------------------------------------------------------------------------

Utilization Design Information

Table of Contents
-----------------
1. Slice Logic
1.1 Summary of Registers by Type
2. Slice Logic Distribution
3. Memory
4. DSP
5. IO and GT Specific
6. Clocking
7. Specific Feature
8. Primitives
9. Black Boxes
10. Instantiated Netlists

1. Slice Logic
--------------

+----------------------------+-------+-------+-----------+-------+
|          Site Type         |  Used | Fixed | Available | Util% |
+----------------------------+-------+-------+-----------+-------+
| Slice LUTs                 | 20498 |     0 |     78600 | 26.08 |
|   LUT as Logic             | 19349 |     0 |     78600 | 24.62 |
|   LUT as Memory            |  1149 |     0 |     26600 |  4.32 |
|     LUT as Distributed RAM |   517 |     0 |           |       |
|     LUT as Shift Register  |   632 |     0 |           |       |
| Slice Registers            | 15010 |     0 |    157200 |  9.55 |
|   Register as Flip Flop    | 15010 |     0 |    157200 |  9.55 |
|   Register as Latch        |     0 |     0 |    157200 |  0.00 |
| F7 Muxes                   |    16 |     0 |     39300 |  0.04 |
| F8 Muxes                   |     3 |     0 |     19650 |  0.02 |
+----------------------------+-------+-------+-----------+-------+


1.1 Summary of Registers by Type
--------------------------------

+-------+--------------+-------------+--------------+
| Total | Clock Enable | Synchronous | Asynchronous |
+-------+--------------+-------------+--------------+
| 0     |            _ |           - |            - |
| 0     |            _ |           - |          Set |
| 0     |            _ |           - |        Reset |
| 0     |            _ |         Set |            - |
| 0     |            _ |       Reset |            - |
| 0     |          Yes |           - |            - |
| 0     |          Yes |           - |          Set |
| 0     |          Yes |           - |        Reset |
| 175   |          Yes |         Set |            - |
| 14835 |          Yes |       Reset |            - |
+-------+--------------+-------------+--------------+


2. Slice Logic Distribution
---------------------------

+--------------------------------------------+-------+-------+-----------+-------+
|                  Site Type                 |  Used | Fixed | Available | Util% |
+--------------------------------------------+-------+-------+-----------+-------+
| Slice                                      |  7047 |     0 |     19650 | 35.86 |
|   SLICEL                                   |  4810 |     0 |           |       |
|   SLICEM                                   |  2237 |     0 |           |       |
| LUT as Logic                               | 19349 |     0 |     78600 | 24.62 |
|   using O5 output only                     |    92 |       |           |       |
|   using O6 output only                     | 13297 |       |           |       |
|   using O5 and O6                          |  5960 |       |           |       |
| LUT as Memory                              |  1149 |     0 |     26600 |  4.32 |
|   LUT as Distributed RAM                   |   517 |     0 |           |       |
|     using O5 output only                   |     0 |       |           |       |
|     using O6 output only                   |   389 |       |           |       |
|     using O5 and O6                        |   128 |       |           |       |
|   LUT as Shift Register                    |   632 |     0 |           |       |
|     using O5 output only                   |    45 |       |           |       |
|     using O6 output only                   |   587 |       |           |       |
|     using O5 and O6                        |     0 |       |           |       |
| Slice Registers                            | 15010 |     0 |    157200 |  9.55 |
|   Register driven from within the Slice    |  9316 |       |           |       |
|   Register driven from outside the Slice   |  5694 |       |           |       |
|     LUT in front of the register is unused |  2465 |       |           |       |
|     LUT in front of the register is used   |  3229 |       |           |       |
| Unique Control Sets                        |   240 |       |     19650 |  1.22 |
+--------------------------------------------+-------+-------+-----------+-------+
* * Note: Available Control Sets calculated as Slice * 1, Review the Control Sets Report for more information regarding control sets.


3. Memory
---------

+-------------------+------+-------+-----------+-------+
|     Site Type     | Used | Fixed | Available | Util% |
+-------------------+------+-------+-----------+-------+
| Block RAM Tile    |    9 |     0 |       265 |  3.40 |
|   RAMB36/FIFO*    |    9 |     0 |       265 |  3.40 |
|     RAMB36E1 only |    9 |       |           |       |
|   RAMB18          |    0 |     0 |       530 |  0.00 |
+-------------------+------+-------+-----------+-------+
* Note: Each Block RAM Tile only has one FIFO logic available and therefore can accommodate only one FIFO36E1 or one FIFO18E1. However, if a FIFO18E1 occupies a Block RAM Tile, that tile can still accommodate a RAMB18E1


4. DSP
------

+----------------+------+-------+-----------+-------+
|    Site Type   | Used | Fixed | Available | Util% |
+----------------+------+-------+-----------+-------+
| DSPs           |   58 |     0 |       400 | 14.50 |
|   DSP48E1 only |   58 |       |           |       |
+----------------+------+-------+-----------+-------+


5. IO and GT Specific
---------------------

+-----------------------------+------+-------+-----------+-------+
|          Site Type          | Used | Fixed | Available | Util% |
+-----------------------------+------+-------+-----------+-------+
| Bonded IOB                  |    0 |     0 |       150 |  0.00 |
| Bonded IPADs                |    0 |     0 |        14 |  0.00 |
| Bonded OPADs                |    0 |     0 |         8 |  0.00 |
| Bonded IOPADs               |    0 |     0 |       130 |  0.00 |
| PHY_CONTROL                 |    0 |     0 |         5 |  0.00 |
| PHASER_REF                  |    0 |     0 |         5 |  0.00 |
| OUT_FIFO                    |    0 |     0 |        20 |  0.00 |
| IN_FIFO                     |    0 |     0 |        20 |  0.00 |
| IDELAYCTRL                  |    0 |     0 |         5 |  0.00 |
| IBUFDS                      |    0 |     0 |       144 |  0.00 |
| GTXE2_COMMON                |    0 |     0 |         1 |  0.00 |
| GTXE2_CHANNEL               |    0 |     0 |         4 |  0.00 |
| PHASER_OUT/PHASER_OUT_PHY   |    0 |     0 |        20 |  0.00 |
| PHASER_IN/PHASER_IN_PHY     |    0 |     0 |        20 |  0.00 |
| IDELAYE2/IDELAYE2_FINEDELAY |    0 |     0 |       250 |  0.00 |
| ODELAYE2/ODELAYE2_FINEDELAY |    0 |     0 |       150 |  0.00 |
| IBUFDS_GTE2                 |    0 |     0 |         2 |  0.00 |
| ILOGIC                      |    0 |     0 |       150 |  0.00 |
| OLOGIC                      |    0 |     0 |       150 |  0.00 |
+-----------------------------+------+-------+-----------+-------+


6. Clocking
-----------

+------------+------+-------+-----------+-------+
|  Site Type | Used | Fixed | Available | Util% |
+------------+------+-------+-----------+-------+
| BUFGCTRL   |    0 |     0 |        32 |  0.00 |
| BUFIO      |    0 |     0 |        20 |  0.00 |
| MMCME2_ADV |    0 |     0 |         5 |  0.00 |
| PLLE2_ADV  |    0 |     0 |         5 |  0.00 |
| BUFMRCE    |    0 |     0 |        10 |  0.00 |
| BUFHCE     |    0 |     0 |        96 |  0.00 |
| BUFR       |    0 |     0 |        20 |  0.00 |
+------------+------+-------+-----------+-------+


7. Specific Feature
-------------------

+-------------+------+-------+-----------+-------+
|  Site Type  | Used | Fixed | Available | Util% |
+-------------+------+-------+-----------+-------+
| BSCANE2     |    0 |     0 |         4 |  0.00 |
| CAPTUREE2   |    0 |     0 |         1 |  0.00 |
| DNA_PORT    |    0 |     0 |         1 |  0.00 |
| EFUSE_USR   |    0 |     0 |         1 |  0.00 |
| FRAME_ECCE2 |    0 |     0 |         1 |  0.00 |
| ICAPE2      |    0 |     0 |         2 |  0.00 |
| PCIE_2_1    |    0 |     0 |         1 |  0.00 |
| STARTUPE2   |    0 |     0 |         1 |  0.00 |
| XADC        |    0 |     0 |         1 |  0.00 |
+-------------+------+-------+-----------+-------+


8. Primitives
-------------

+----------+-------+---------------------+
| Ref Name |  Used | Functional Category |
+----------+-------+---------------------+
| FDRE     | 14835 |        Flop & Latch |
| LUT3     |  7105 |                 LUT |
| LUT1     |  4326 |                 LUT |
| LUT6     |  4192 |                 LUT |
| LUT2     |  4008 |                 LUT |
| LUT4     |  3122 |                 LUT |
| CARRY4   |  2920 |          CarryLogic |
| LUT5     |  2556 |                 LUT |
| SRLC32E  |   576 |  Distributed Memory |
| RAMS32   |   389 |  Distributed Memory |
| RAMD32   |   256 |  Distributed Memory |
| FDSE     |   175 |        Flop & Latch |
| DSP48E1  |    58 |    Block Arithmetic |
| SRL16E   |    56 |  Distributed Memory |
| MUXF7    |    16 |               MuxFx |
| RAMB36E1 |     9 |        Block Memory |
| MUXF8    |     3 |               MuxFx |
+----------+-------+---------------------+


9. Black Boxes
--------------

+----------+------+
| Ref Name | Used |
+----------+------+


10. Instantiated Netlists
-------------------------

+-----------------+------+
|     Ref Name    | Used |
+-----------------+------+
| bd_0_hls_inst_0 |    1 |
+-----------------+------+



Running report: report_timing_summary -file ./report/system_top_timing_routed.rpt
INFO: [Timing 38-91] UpdateTimingParams: Speed grade: -3, Delay Type: min_max.
INFO: [Timing 38-191] Multithreading enabled for timing update using a maximum of 2 CPUs
Contents of report file './report/system_top_timing_routed.rpt' is as follows:
Copyright 1986-2020 Xilinx, Inc. All Rights Reserved.
------------------------------------------------------------------------------------
| Tool Version : Vivado v.2020.2 (win64) Build 3064766 Wed Nov 18 09:12:45 MST 2020
| Date         : Sat Jul 20 20:49:53 2024
| Host         : OGAS running 64-bit major release  (build 9200)
| Command      : report_timing_summary -file ./report/system_top_timing_routed.rpt
| Design       : bd_0_wrapper
| Device       : 7z030-sbg485
| Speed File   : -3  PRODUCTION 1.12 2019-11-22
------------------------------------------------------------------------------------

Timing Summary Report

------------------------------------------------------------------------------------------------
| Timer Settings
| --------------
------------------------------------------------------------------------------------------------

  Enable Multi Corner Analysis               :  Yes
  Enable Pessimism Removal                   :  Yes
  Pessimism Removal Resolution               :  Nearest Common Node
  Enable Input Delay Default Clock           :  No
  Enable Preset / Clear Arcs                 :  No
  Disable Flight Delays                      :  No
  Ignore I/O Paths                           :  No
  Timing Early Launch at Borrowing Latches   :  No
  Borrow Time for Max Delay Exceptions       :  Yes
  Merge Timing Exceptions                    :  Yes

  Corner  Analyze    Analyze    
  Name    Max Paths  Min Paths  
  ------  ---------  ---------  
  Slow    Yes        Yes        
  Fast    Yes        Yes        



check_timing report

Table of Contents
-----------------
1. checking no_clock (0)
2. checking constant_clock (0)
3. checking pulse_width_clock (0)
4. checking unconstrained_internal_endpoints (0)
5. checking no_input_delay (259)
6. checking no_output_delay (134)
7. checking multiple_clock (0)
8. checking generated_clocks (0)
9. checking loops (0)
10. checking partial_input_delay (0)
11. checking partial_output_delay (0)
12. checking latch_loops (0)

1. checking no_clock (0)
------------------------
 There are 0 register/latch pins with no clock.


2. checking constant_clock (0)
------------------------------
 There are 0 register/latch pins with constant_clock.


3. checking pulse_width_clock (0)
---------------------------------
 There are 0 register/latch pins which need pulse_width check


4. checking unconstrained_internal_endpoints (0)
------------------------------------------------
 There are 0 pins that are not constrained for maximum delay.

 There are 0 pins that are not constrained for maximum delay due to constant clock.


5. checking no_input_delay (259)
--------------------------------
 There are 259 input ports with no input delay specified. (HIGH)

 There are 0 input ports with no input delay but user has a false path constraint.


6. checking no_output_delay (134)
---------------------------------
 There are 134 ports with no output delay specified. (HIGH)

 There are 0 ports with no output delay but user has a false path constraint

 There are 0 ports with no output delay but with a timing clock defined on it or propagating through it


7. checking multiple_clock (0)
------------------------------
 There are 0 register/latch pins with multiple clocks.


8. checking generated_clocks (0)
--------------------------------
 There are 0 generated clocks that are not connected to a clock source.


9. checking loops (0)
---------------------
 There are 0 combinational loops in the design.


10. checking partial_input_delay (0)
------------------------------------
 There are 0 input ports with partial input delay specified.


11. checking partial_output_delay (0)
-------------------------------------
 There are 0 ports with partial output delay specified.


12. checking latch_loops (0)
----------------------------
 There are 0 combinational latch loops in the design through latch input



------------------------------------------------------------------------------------------------
| Design Timing Summary
| ---------------------
------------------------------------------------------------------------------------------------

    WNS(ns)      TNS(ns)  TNS Failing Endpoints  TNS Total Endpoints      WHS(ns)      THS(ns)  THS Failing Endpoints  THS Total Endpoints     WPWS(ns)     TPWS(ns)  TPWS Failing Endpoints  TPWS Total Endpoints  
    -------      -------  ---------------------  -------------------      -------      -------  ---------------------  -------------------     --------     --------  ----------------------  --------------------  
      2.004        0.000                      0                33016        0.049        0.000                      0                33016        4.326        0.000                       0                 16347  


All user specified timing constraints are met.


------------------------------------------------------------------------------------------------
| Clock Summary
| -------------
------------------------------------------------------------------------------------------------

Clock   Waveform(ns)       Period(ns)      Frequency(MHz)
-----   ------------       ----------      --------------
ap_clk  {0.000 5.000}      10.000          100.000         


------------------------------------------------------------------------------------------------
| Intra Clock Table
| -----------------
------------------------------------------------------------------------------------------------

Clock             WNS(ns)      TNS(ns)  TNS Failing Endpoints  TNS Total Endpoints      WHS(ns)      THS(ns)  THS Failing Endpoints  THS Total Endpoints     WPWS(ns)     TPWS(ns)  TPWS Failing Endpoints  TPWS Total Endpoints  
-----             -------      -------  ---------------------  -------------------      -------      -------  ---------------------  -------------------     --------     --------  ----------------------  --------------------  
ap_clk              2.004        0.000                      0                33016        0.049        0.000                      0                33016        4.326        0.000                       0                 16347  


------------------------------------------------------------------------------------------------
| Inter Clock Table
| -----------------
------------------------------------------------------------------------------------------------

From Clock    To Clock          WNS(ns)      TNS(ns)  TNS Failing Endpoints  TNS Total Endpoints      WHS(ns)      THS(ns)  THS Failing Endpoints  THS Total Endpoints  
----------    --------          -------      -------  ---------------------  -------------------      -------      -------  ---------------------  -------------------  


------------------------------------------------------------------------------------------------
| Other Path Groups Table
| -----------------------
------------------------------------------------------------------------------------------------

Path Group    From Clock    To Clock          WNS(ns)      TNS(ns)  TNS Failing Endpoints  TNS Total Endpoints      WHS(ns)      THS(ns)  THS Failing Endpoints  THS Total Endpoints  
----------    ----------    --------          -------      -------  ---------------------  -------------------      -------      -------  ---------------------  -------------------  


------------------------------------------------------------------------------------------------
| Timing Details
| --------------
------------------------------------------------------------------------------------------------


---------------------------------------------------------------------------------------------------
From Clock:  ap_clk
  To Clock:  ap_clk

Setup :            0  Failing Endpoints,  Worst Slack        2.004ns,  Total Violation        0.000ns
Hold  :            0  Failing Endpoints,  Worst Slack        0.049ns,  Total Violation        0.000ns
PW    :            0  Failing Endpoints,  Worst Slack        4.326ns,  Total Violation        0.000ns
---------------------------------------------------------------------------------------------------


Max Delay Paths
--------------------------------------------------------------------------------------
Slack (MET) :             2.004ns  (required time - arrival time)
  Source:                 bd_0_i/hls_inst/inst/grp_p_shadowquilt_main_loop_make_verticle_strip_fu_565/grp_makePatch_alignedToLine_fu_1322/grp_alignedtoline_per_layer_loop8_fu_183/mul_33s_25ns_58_1_1_U43/system_top_mul_33s_25ns_58_1_1_Multiplier_0_U/p__1/CLK
                            (rising edge-triggered cell DSP48E1 clocked by ap_clk  {rise@0.000ns fall@5.000ns period=10.000ns})
  Destination:            bd_0_i/hls_inst/inst/grp_p_shadowquilt_main_loop_make_verticle_strip_fu_565/grp_makePatch_alignedToLine_fu_1322/grp_alignedtoline_per_layer_loop8_fu_183/mul_78s_108ns_185_3_1_U44/system_top_mul_78s_108ns_185_3_1_Multiplier_1_U/buff0_reg__0/B[15]
                            (rising edge-triggered cell DSP48E1 clocked by ap_clk  {rise@0.000ns fall@5.000ns period=10.000ns})
  Path Group:             ap_clk
  Path Type:              Setup (Max at Slow Process Corner)
  Requirement:            10.000ns  (ap_clk rise@10.000ns - ap_clk rise@0.000ns)
  Data Path Delay:        7.586ns  (logic 4.265ns (56.224%)  route 3.321ns (43.776%))
  Logic Levels:           10  (CARRY4=8 DSP48E1=1 LUT2=1)
  Clock Path Skew:        -0.025ns (DCD - SCD + CPR)
    Destination Clock Delay (DCD):    0.483ns = ( 10.483 - 10.000 ) 
    Source Clock Delay      (SCD):    0.508ns
    Clock Pessimism Removal (CPR):    0.000ns
  Clock Uncertainty:      0.035ns  ((TSJ^2 + TIJ^2)^1/2 + DJ) / 2 + PE
    Total System Jitter     (TSJ):    0.071ns
    Total Input Jitter      (TIJ):    0.000ns
    Discrete Jitter          (DJ):    0.000ns
    Phase Error              (PE):    0.000ns

    Location             Delay type                Incr(ns)  Path(ns)    Netlist Resource(s)
  -------------------------------------------------------------------    -------------------
                         (clock ap_clk rise edge)     0.000     0.000 r  
                                                      0.000     0.000 r  ap_clk (IN)
                         net (fo=16362, unset)        0.508     0.508    bd_0_i/hls_inst/inst/grp_p_shadowquilt_main_loop_make_verticle_strip_fu_565/grp_makePatch_alignedToLine_fu_1322/grp_alignedtoline_per_layer_loop8_fu_183/mul_33s_25ns_58_1_1_U43/system_top_mul_33s_25ns_58_1_1_Multiplier_0_U/ap_clk
    DSP48_X5Y10          DSP48E1                                      r  bd_0_i/hls_inst/inst/grp_p_shadowquilt_main_loop_make_verticle_strip_fu_565/grp_makePatch_alignedToLine_fu_1322/grp_alignedtoline_per_layer_loop8_fu_183/mul_33s_25ns_58_1_1_U43/system_top_mul_33s_25ns_58_1_1_Multiplier_0_U/p__1/CLK
  -------------------------------------------------------------------    -------------------
    DSP48_X5Y10          DSP48E1 (Prop_dsp48e1_CLK_PCOUT[47])
                                                      2.626     3.134 r  bd_0_i/hls_inst/inst/grp_p_shadowquilt_main_loop_make_verticle_strip_fu_565/grp_makePatch_alignedToLine_fu_1322/grp_alignedtoline_per_layer_loop8_fu_183/mul_33s_25ns_58_1_1_U43/system_top_mul_33s_25ns_58_1_1_Multiplier_0_U/p__1/PCOUT[47]
                         net (fo=1, routed)           0.000     3.134    bd_0_i/hls_inst/inst/grp_p_shadowquilt_main_loop_make_verticle_strip_fu_565/grp_makePatch_alignedToLine_fu_1322/grp_alignedtoline_per_layer_loop8_fu_183/mul_33s_25ns_58_1_1_U43/system_top_mul_33s_25ns_58_1_1_Multiplier_0_U/p__1_n_123
    DSP48_X5Y11          DSP48E1 (Prop_dsp48e1_PCIN[47]_P[0])
                                                      0.938     4.072 r  bd_0_i/hls_inst/inst/grp_p_shadowquilt_main_loop_make_verticle_strip_fu_565/grp_makePatch_alignedToLine_fu_1322/grp_alignedtoline_per_layer_loop8_fu_183/mul_33s_25ns_58_1_1_U43/system_top_mul_33s_25ns_58_1_1_Multiplier_0_U/p__2/P[0]
                         net (fo=2, routed)           0.676     4.748    bd_0_i/hls_inst/inst/grp_p_shadowquilt_main_loop_make_verticle_strip_fu_565/grp_makePatch_alignedToLine_fu_1322/grp_alignedtoline_per_layer_loop8_fu_183/mul_33s_25ns_58_1_1_U43/system_top_mul_33s_25ns_58_1_1_Multiplier_0_U/p__2_0[0]
    SLICE_X105Y20        LUT2 (Prop_lut2_I0_O)        0.043     4.791 r  bd_0_i/hls_inst/inst/grp_p_shadowquilt_main_loop_make_verticle_strip_fu_565/grp_makePatch_alignedToLine_fu_1322/grp_alignedtoline_per_layer_loop8_fu_183/mul_33s_25ns_58_1_1_U43/system_top_mul_33s_25ns_58_1_1_Multiplier_0_U/tmp_product__0_i_19/O
                         net (fo=1, routed)           0.000     4.791    bd_0_i/hls_inst/inst/grp_p_shadowquilt_main_loop_make_verticle_strip_fu_565_n_19
    SLICE_X105Y20        CARRY4 (Prop_carry4_S[1]_CO[3])
                                                      0.257     5.048 r  bd_0_i/hls_inst/inst/mul_33s_25ns_58_1_1_U43/system_top_mul_33s_25ns_58_1_1_Multiplier_0_U/tmp_product__0_i_4/CO[3]
                         net (fo=1, routed)           0.000     5.048    bd_0_i/hls_inst/inst/mul_33s_25ns_58_1_1_U43/system_top_mul_33s_25ns_58_1_1_Multiplier_0_U/tmp_product__0_i_4_n_17
    SLICE_X105Y21        CARRY4 (Prop_carry4_CI_CO[3])
                                                      0.049     5.097 r  bd_0_i/hls_inst/inst/mul_33s_25ns_58_1_1_U43/system_top_mul_33s_25ns_58_1_1_Multiplier_0_U/tmp_product__0_i_3/CO[3]
                         net (fo=1, routed)           0.000     5.097    bd_0_i/hls_inst/inst/mul_33s_25ns_58_1_1_U43/system_top_mul_33s_25ns_58_1_1_Multiplier_0_U/tmp_product__0_i_3_n_17
    SLICE_X105Y22        CARRY4 (Prop_carry4_CI_CO[3])
                                                      0.049     5.146 r  bd_0_i/hls_inst/inst/mul_33s_25ns_58_1_1_U43/system_top_mul_33s_25ns_58_1_1_Multiplier_0_U/tmp_product__0_i_2/CO[3]
                         net (fo=1, routed)           0.000     5.146    bd_0_i/hls_inst/inst/mul_33s_25ns_58_1_1_U43/system_top_mul_33s_25ns_58_1_1_Multiplier_0_U/tmp_product__0_i_2_n_17
    SLICE_X105Y23        CARRY4 (Prop_carry4_CI_CO[3])
                                                      0.049     5.195 r  bd_0_i/hls_inst/inst/mul_33s_25ns_58_1_1_U43/system_top_mul_33s_25ns_58_1_1_Multiplier_0_U/tmp_product__0_i_1/CO[3]
                         net (fo=1, routed)           0.000     5.195    bd_0_i/hls_inst/inst/mul_33s_25ns_58_1_1_U43/system_top_mul_33s_25ns_58_1_1_Multiplier_0_U/tmp_product__0_i_1_n_17
    SLICE_X105Y24        CARRY4 (Prop_carry4_CI_CO[3])
                                                      0.049     5.244 r  bd_0_i/hls_inst/inst/mul_33s_25ns_58_1_1_U43/system_top_mul_33s_25ns_58_1_1_Multiplier_0_U/tmp_product__1_i_4/CO[3]
                         net (fo=1, routed)           0.007     5.251    bd_0_i/hls_inst/inst/mul_33s_25ns_58_1_1_U43/system_top_mul_33s_25ns_58_1_1_Multiplier_0_U/tmp_product__1_i_4_n_17
    SLICE_X105Y25        CARRY4 (Prop_carry4_CI_CO[3])
                                                      0.049     5.300 r  bd_0_i/hls_inst/inst/mul_33s_25ns_58_1_1_U43/system_top_mul_33s_25ns_58_1_1_Multiplier_0_U/tmp_product__1_i_3/CO[3]
                         net (fo=1, routed)           0.000     5.300    bd_0_i/hls_inst/inst/mul_33s_25ns_58_1_1_U43/system_top_mul_33s_25ns_58_1_1_Multiplier_0_U/tmp_product__1_i_3_n_17
    SLICE_X105Y26        CARRY4 (Prop_carry4_CI_CO[3])
                                                      0.049     5.349 r  bd_0_i/hls_inst/inst/mul_33s_25ns_58_1_1_U43/system_top_mul_33s_25ns_58_1_1_Multiplier_0_U/tmp_product__1_i_2/CO[3]
                         net (fo=1, routed)           0.000     5.349    bd_0_i/hls_inst/inst/mul_33s_25ns_58_1_1_U43/system_top_mul_33s_25ns_58_1_1_Multiplier_0_U/tmp_product__1_i_2_n_17
    SLICE_X105Y27        CARRY4 (Prop_carry4_CI_O[2])
                                                      0.107     5.456 r  bd_0_i/hls_inst/inst/mul_33s_25ns_58_1_1_U43/system_top_mul_33s_25ns_58_1_1_Multiplier_0_U/tmp_product__1_i_1/O[2]
                         net (fo=6, routed)           2.638     8.094    bd_0_i/hls_inst/inst/grp_p_shadowquilt_main_loop_make_verticle_strip_fu_565/grp_makePatch_alignedToLine_fu_1322/grp_alignedtoline_per_layer_loop8_fu_183/mul_78s_108ns_185_3_1_U44/system_top_mul_78s_108ns_185_3_1_Multiplier_1_U/tmp_product__1_0[30]
    DSP48_X3Y15          DSP48E1                                      r  bd_0_i/hls_inst/inst/grp_p_shadowquilt_main_loop_make_verticle_strip_fu_565/grp_makePatch_alignedToLine_fu_1322/grp_alignedtoline_per_layer_loop8_fu_183/mul_78s_108ns_185_3_1_U44/system_top_mul_78s_108ns_185_3_1_Multiplier_1_U/buff0_reg__0/B[15]
  -------------------------------------------------------------------    -------------------

                         (clock ap_clk rise edge)    10.000    10.000 r  
                                                      0.000    10.000 r  ap_clk (IN)
                         net (fo=16362, unset)        0.483    10.483    bd_0_i/hls_inst/inst/grp_p_shadowquilt_main_loop_make_verticle_strip_fu_565/grp_makePatch_alignedToLine_fu_1322/grp_alignedtoline_per_layer_loop8_fu_183/mul_78s_108ns_185_3_1_U44/system_top_mul_78s_108ns_185_3_1_Multiplier_1_U/ap_clk
    DSP48_X3Y15          DSP48E1                                      r  bd_0_i/hls_inst/inst/grp_p_shadowquilt_main_loop_make_verticle_strip_fu_565/grp_makePatch_alignedToLine_fu_1322/grp_alignedtoline_per_layer_loop8_fu_183/mul_78s_108ns_185_3_1_U44/system_top_mul_78s_108ns_185_3_1_Multiplier_1_U/buff0_reg__0/CLK
                         clock pessimism              0.000    10.483    
                         clock uncertainty           -0.035    10.447    
    DSP48_X3Y15          DSP48E1 (Setup_dsp48e1_CLK_B[15])
                                                     -0.350    10.097    bd_0_i/hls_inst/inst/grp_p_shadowquilt_main_loop_make_verticle_strip_fu_565/grp_makePatch_alignedToLine_fu_1322/grp_alignedtoline_per_layer_loop8_fu_183/mul_78s_108ns_185_3_1_U44/system_top_mul_78s_108ns_185_3_1_Multiplier_1_U/buff0_reg__0
  -------------------------------------------------------------------
                         required time                         10.097    
                         arrival time                          -8.094    
  -------------------------------------------------------------------
                         slack                                  2.004    





Min Delay Paths
--------------------------------------------------------------------------------------
Slack (MET) :             0.049ns  (arrival time - required time)
  Source:                 bd_0_i/hls_inst/inst/shadow_bottomL_jR_V_U/system_top_shadow_bottomL_jR_V_ram_U/q0_reg[27]/C
                            (rising edge-triggered cell FDRE clocked by ap_clk  {rise@0.000ns fall@5.000ns period=10.000ns})
  Destination:            bd_0_i/hls_inst/inst/grp_p_shadowquilt_main_loop_make_verticle_strip_fu_565/grp_get_acceptanceCorners_fu_1445/a_corner_list_V_U/system_top_get_acceptanceCorners_a_corner_list_V_ram_U/ram_reg/DIADI[27]
                            (rising edge-triggered cell RAMB36E1 clocked by ap_clk  {rise@0.000ns fall@5.000ns period=10.000ns})
  Path Group:             ap_clk
  Path Type:              Hold (Min at Fast Process Corner)
  Requirement:            0.000ns  (ap_clk rise@0.000ns - ap_clk rise@0.000ns)
  Data Path Delay:        0.220ns  (logic 0.118ns (53.746%)  route 0.102ns (46.254%))
  Logic Levels:           0  
  Clock Path Skew:        0.016ns (DCD - SCD - CPR)
    Destination Clock Delay (DCD):    0.312ns
    Source Clock Delay      (SCD):    0.296ns
    Clock Pessimism Removal (CPR):    -0.000ns

    Location             Delay type                Incr(ns)  Path(ns)    Netlist Resource(s)
  -------------------------------------------------------------------    -------------------
                         (clock ap_clk rise edge)     0.000     0.000 r  
                                                      0.000     0.000 r  ap_clk (IN)
                         net (fo=16362, unset)        0.296     0.296    bd_0_i/hls_inst/inst/shadow_bottomL_jR_V_U/system_top_shadow_bottomL_jR_V_ram_U/ap_clk
    SLICE_X34Y59         FDRE                                         r  bd_0_i/hls_inst/inst/shadow_bottomL_jR_V_U/system_top_shadow_bottomL_jR_V_ram_U/q0_reg[27]/C
  -------------------------------------------------------------------    -------------------
    SLICE_X34Y59         FDRE (Prop_fdre_C_Q)         0.118     0.414 r  bd_0_i/hls_inst/inst/shadow_bottomL_jR_V_U/system_top_shadow_bottomL_jR_V_ram_U/q0_reg[27]/Q
                         net (fo=2, routed)           0.102     0.516    bd_0_i/hls_inst/inst/grp_p_shadowquilt_main_loop_make_verticle_strip_fu_565/grp_get_acceptanceCorners_fu_1445/a_corner_list_V_U/system_top_get_acceptanceCorners_a_corner_list_V_ram_U/ram_reg_0[27]
    RAMB36_X2Y11         RAMB36E1                                     r  bd_0_i/hls_inst/inst/grp_p_shadowquilt_main_loop_make_verticle_strip_fu_565/grp_get_acceptanceCorners_fu_1445/a_corner_list_V_U/system_top_get_acceptanceCorners_a_corner_list_V_ram_U/ram_reg/DIADI[27]
  -------------------------------------------------------------------    -------------------

                         (clock ap_clk rise edge)     0.000     0.000 r  
                                                      0.000     0.000 r  ap_clk (IN)
                         net (fo=16362, unset)        0.312     0.312    bd_0_i/hls_inst/inst/grp_p_shadowquilt_main_loop_make_verticle_strip_fu_565/grp_get_acceptanceCorners_fu_1445/a_corner_list_V_U/system_top_get_acceptanceCorners_a_corner_list_V_ram_U/ap_clk
    RAMB36_X2Y11         RAMB36E1                                     r  bd_0_i/hls_inst/inst/grp_p_shadowquilt_main_loop_make_verticle_strip_fu_565/grp_get_acceptanceCorners_fu_1445/a_corner_list_V_U/system_top_get_acceptanceCorners_a_corner_list_V_ram_U/ram_reg/CLKARDCLK
                         clock pessimism              0.000     0.312    
    RAMB36_X2Y11         RAMB36E1 (Hold_ramb36e1_CLKARDCLK_DIADI[27])
                                                      0.155     0.467    bd_0_i/hls_inst/inst/grp_p_shadowquilt_main_loop_make_verticle_strip_fu_565/grp_get_acceptanceCorners_fu_1445/a_corner_list_V_U/system_top_get_acceptanceCorners_a_corner_list_V_ram_U/ram_reg
  -------------------------------------------------------------------
                         required time                         -0.467    
                         arrival time                           0.516    
  -------------------------------------------------------------------
                         slack                                  0.049    





Pulse Width Checks
--------------------------------------------------------------------------------------
Clock Name:         ap_clk
Waveform(ns):       { 0.000 5.000 }
Period(ns):         10.000
Sources:            { ap_clk }

Check Type        Corner  Lib Pin      Reference Pin  Required(ns)  Actual(ns)  Slack(ns)  Location      Pin
Min Period        n/a     DSP48E1/CLK  n/a            2.426         10.000      7.574      DSP48_X3Y7    bd_0_i/hls_inst/inst/grp_p_shadowquilt_main_loop_make_verticle_strip_fu_565/grp_makePatch_alignedToLine_fu_1322/grp_alignedtoline_per_layer_loop8_fu_183/mul_78s_108ns_185_3_1_U44/system_top_mul_78s_108ns_185_3_1_Multiplier_1_U/buff0_reg__6/CLK
Low Pulse Width   Slow    RAMS32/CLK   n/a            0.674         5.000       4.326      SLICE_X50Y59  bd_0_i/hls_inst/inst/a_corner_1_V_U/system_top_a_corner_1_V_ram_U/ram_reg_0_3_0_0/SP/CLK
High Pulse Width  Slow    RAMS32/CLK   n/a            0.674         5.000       4.326      SLICE_X50Y59  bd_0_i/hls_inst/inst/a_corner_1_V_U/system_top_a_corner_1_V_ram_U/ram_reg_0_3_0_0/SP/CLK




HLS: impl run complete: worst setup slack (WNS)=2.003540, worst hold slack (WHS)=0.048951, total pulse width slack(TPWS)=0.000000, number of unrouted nets=0
HLS EXTRACTION: calculating BRAM count: (0 bram18) + 2 * (9 bram36)
HLS EXTRACTION: impl area_totals:  19650 78600 157200 400 530 0 0
HLS EXTRACTION: impl area_current: 7047 20498 15010 58 18 0 632 0 0 0
HLS EXTRACTION: generated C:/Projects/ParticleCoverHLS/solution1/impl/report/verilog/system_top_export.xml


Implementation tool: Xilinx Vivado v.2020.2
Project:             ParticleCoverHLS
Solution:            solution1
Device target:       xc7z030-sbg485-3
Report date:         Sat Jul 20 20:49:55 -0400 2024

#=== Post-Implementation Resource usage ===
SLICE:         7047
LUT:          20498
FF:           15010
DSP:             58
BRAM:            18
SRL:            632
#=== Final timing ===
CP required:    10.000
CP achieved post-synthesis:    6.820
CP achieved post-implementation:    7.996
Timing met

HLS EXTRACTION: generated C:/Projects/ParticleCoverHLS/solution1/impl/report/verilog/system_top_export.rpt
INFO: [Common 17-206] Exiting Vivado at Sat Jul 20 20:49:55 2024...
