Copyright 1986-2020 Xilinx, Inc. All Rights Reserved.
-----------------------------------------------------------------------------------------------
| Tool Version : Vivado v.2020.2 (win64) Build 3064766 Wed Nov 18 09:12:45 MST 2020
| Date         : Sat Jul 20 20:49:50 2024
| Host         : OGAS running 64-bit major release  (build 9200)
| Command      : report_timing -max_paths 10 -file ./report/system_top_timing_paths_routed.rpt
| Design       : bd_0_wrapper
| Device       : 7z030-sbg485
| Speed File   : -3  PRODUCTION 1.12 2019-11-22
-----------------------------------------------------------------------------------------------

Timing Report

Slack (MET) :             2.004ns  (required time - arrival time)
  Source:                 bd_0_i/hls_inst/inst/grp_p_shadowquilt_main_loop_make_verticle_strip_fu_565/grp_makePatch_alignedToLine_fu_1322/grp_alignedtoline_per_layer_loop8_fu_183/mul_33s_25ns_58_1_1_U43/system_top_mul_33s_25ns_58_1_1_Multiplier_0_U/p__1/CLK
                            (rising edge-triggered cell DSP48E1 clocked by ap_clk  {rise@0.000ns fall@5.000ns period=10.000ns})
  Destination:            bd_0_i/hls_inst/inst/grp_p_shadowquilt_main_loop_make_verticle_strip_fu_565/grp_makePatch_alignedToLine_fu_1322/grp_alignedtoline_per_layer_loop8_fu_183/mul_78s_108ns_185_3_1_U44/system_top_mul_78s_108ns_185_3_1_Multiplier_1_U/buff0_reg__0/B[15]
                            (rising edge-triggered cell DSP48E1 clocked by ap_clk  {rise@0.000ns fall@5.000ns period=10.000ns})
  Path Group:             ap_clk
  Path Type:              Setup (Max at Slow Process Corner)
  Requirement:            10.000ns  (ap_clk rise@10.000ns - ap_clk rise@0.000ns)
  Data Path Delay:        7.586ns  (logic 4.265ns (56.224%)  route 3.321ns (43.776%))
  Logic Levels:           10  (CARRY4=8 DSP48E1=1 LUT2=1)
  Clock Path Skew:        -0.025ns (DCD - SCD + CPR)
    Destination Clock Delay (DCD):    0.483ns = ( 10.483 - 10.000 ) 
    Source Clock Delay      (SCD):    0.508ns
    Clock Pessimism Removal (CPR):    0.000ns
  Clock Uncertainty:      0.035ns  ((TSJ^2 + TIJ^2)^1/2 + DJ) / 2 + PE
    Total System Jitter     (TSJ):    0.071ns
    Total Input Jitter      (TIJ):    0.000ns
    Discrete Jitter          (DJ):    0.000ns
    Phase Error              (PE):    0.000ns

    Location             Delay type                Incr(ns)  Path(ns)    Netlist Resource(s)
  -------------------------------------------------------------------    -------------------
                         (clock ap_clk rise edge)     0.000     0.000 r  
                                                      0.000     0.000 r  ap_clk (IN)
                         net (fo=16362, unset)        0.508     0.508    bd_0_i/hls_inst/inst/grp_p_shadowquilt_main_loop_make_verticle_strip_fu_565/grp_makePatch_alignedToLine_fu_1322/grp_alignedtoline_per_layer_loop8_fu_183/mul_33s_25ns_58_1_1_U43/system_top_mul_33s_25ns_58_1_1_Multiplier_0_U/ap_clk
    DSP48_X5Y10          DSP48E1                                      r  bd_0_i/hls_inst/inst/grp_p_shadowquilt_main_loop_make_verticle_strip_fu_565/grp_makePatch_alignedToLine_fu_1322/grp_alignedtoline_per_layer_loop8_fu_183/mul_33s_25ns_58_1_1_U43/system_top_mul_33s_25ns_58_1_1_Multiplier_0_U/p__1/CLK
  -------------------------------------------------------------------    -------------------
    DSP48_X5Y10          DSP48E1 (Prop_dsp48e1_CLK_PCOUT[47])
                                                      2.626     3.134 r  bd_0_i/hls_inst/inst/grp_p_shadowquilt_main_loop_make_verticle_strip_fu_565/grp_makePatch_alignedToLine_fu_1322/grp_alignedtoline_per_layer_loop8_fu_183/mul_33s_25ns_58_1_1_U43/system_top_mul_33s_25ns_58_1_1_Multiplier_0_U/p__1/PCOUT[47]
                         net (fo=1, routed)           0.000     3.134    bd_0_i/hls_inst/inst/grp_p_shadowquilt_main_loop_make_verticle_strip_fu_565/grp_makePatch_alignedToLine_fu_1322/grp_alignedtoline_per_layer_loop8_fu_183/mul_33s_25ns_58_1_1_U43/system_top_mul_33s_25ns_58_1_1_Multiplier_0_U/p__1_n_123
    DSP48_X5Y11          DSP48E1 (Prop_dsp48e1_PCIN[47]_P[0])
                                                      0.938     4.072 r  bd_0_i/hls_inst/inst/grp_p_shadowquilt_main_loop_make_verticle_strip_fu_565/grp_makePatch_alignedToLine_fu_1322/grp_alignedtoline_per_layer_loop8_fu_183/mul_33s_25ns_58_1_1_U43/system_top_mul_33s_25ns_58_1_1_Multiplier_0_U/p__2/P[0]
                         net (fo=2, routed)           0.676     4.748    bd_0_i/hls_inst/inst/grp_p_shadowquilt_main_loop_make_verticle_strip_fu_565/grp_makePatch_alignedToLine_fu_1322/grp_alignedtoline_per_layer_loop8_fu_183/mul_33s_25ns_58_1_1_U43/system_top_mul_33s_25ns_58_1_1_Multiplier_0_U/p__2_0[0]
    SLICE_X105Y20        LUT2 (Prop_lut2_I0_O)        0.043     4.791 r  bd_0_i/hls_inst/inst/grp_p_shadowquilt_main_loop_make_verticle_strip_fu_565/grp_makePatch_alignedToLine_fu_1322/grp_alignedtoline_per_layer_loop8_fu_183/mul_33s_25ns_58_1_1_U43/system_top_mul_33s_25ns_58_1_1_Multiplier_0_U/tmp_product__0_i_19/O
                         net (fo=1, routed)           0.000     4.791    bd_0_i/hls_inst/inst/grp_p_shadowquilt_main_loop_make_verticle_strip_fu_565_n_19
    SLICE_X105Y20        CARRY4 (Prop_carry4_S[1]_CO[3])
                                                      0.257     5.048 r  bd_0_i/hls_inst/inst/mul_33s_25ns_58_1_1_U43/system_top_mul_33s_25ns_58_1_1_Multiplier_0_U/tmp_product__0_i_4/CO[3]
                         net (fo=1, routed)           0.000     5.048    bd_0_i/hls_inst/inst/mul_33s_25ns_58_1_1_U43/system_top_mul_33s_25ns_58_1_1_Multiplier_0_U/tmp_product__0_i_4_n_17
    SLICE_X105Y21        CARRY4 (Prop_carry4_CI_CO[3])
                                                      0.049     5.097 r  bd_0_i/hls_inst/inst/mul_33s_25ns_58_1_1_U43/system_top_mul_33s_25ns_58_1_1_Multiplier_0_U/tmp_product__0_i_3/CO[3]
                         net (fo=1, routed)           0.000     5.097    bd_0_i/hls_inst/inst/mul_33s_25ns_58_1_1_U43/system_top_mul_33s_25ns_58_1_1_Multiplier_0_U/tmp_product__0_i_3_n_17
    SLICE_X105Y22        CARRY4 (Prop_carry4_CI_CO[3])
                                                      0.049     5.146 r  bd_0_i/hls_inst/inst/mul_33s_25ns_58_1_1_U43/system_top_mul_33s_25ns_58_1_1_Multiplier_0_U/tmp_product__0_i_2/CO[3]
                         net (fo=1, routed)           0.000     5.146    bd_0_i/hls_inst/inst/mul_33s_25ns_58_1_1_U43/system_top_mul_33s_25ns_58_1_1_Multiplier_0_U/tmp_product__0_i_2_n_17
    SLICE_X105Y23        CARRY4 (Prop_carry4_CI_CO[3])
                                                      0.049     5.195 r  bd_0_i/hls_inst/inst/mul_33s_25ns_58_1_1_U43/system_top_mul_33s_25ns_58_1_1_Multiplier_0_U/tmp_product__0_i_1/CO[3]
                         net (fo=1, routed)           0.000     5.195    bd_0_i/hls_inst/inst/mul_33s_25ns_58_1_1_U43/system_top_mul_33s_25ns_58_1_1_Multiplier_0_U/tmp_product__0_i_1_n_17
    SLICE_X105Y24        CARRY4 (Prop_carry4_CI_CO[3])
                                                      0.049     5.244 r  bd_0_i/hls_inst/inst/mul_33s_25ns_58_1_1_U43/system_top_mul_33s_25ns_58_1_1_Multiplier_0_U/tmp_product__1_i_4/CO[3]
                         net (fo=1, routed)           0.007     5.251    bd_0_i/hls_inst/inst/mul_33s_25ns_58_1_1_U43/system_top_mul_33s_25ns_58_1_1_Multiplier_0_U/tmp_product__1_i_4_n_17
    SLICE_X105Y25        CARRY4 (Prop_carry4_CI_CO[3])
                                                      0.049     5.300 r  bd_0_i/hls_inst/inst/mul_33s_25ns_58_1_1_U43/system_top_mul_33s_25ns_58_1_1_Multiplier_0_U/tmp_product__1_i_3/CO[3]
                         net (fo=1, routed)           0.000     5.300    bd_0_i/hls_inst/inst/mul_33s_25ns_58_1_1_U43/system_top_mul_33s_25ns_58_1_1_Multiplier_0_U/tmp_product__1_i_3_n_17
    SLICE_X105Y26        CARRY4 (Prop_carry4_CI_CO[3])
                                                      0.049     5.349 r  bd_0_i/hls_inst/inst/mul_33s_25ns_58_1_1_U43/system_top_mul_33s_25ns_58_1_1_Multiplier_0_U/tmp_product__1_i_2/CO[3]
                         net (fo=1, routed)           0.000     5.349    bd_0_i/hls_inst/inst/mul_33s_25ns_58_1_1_U43/system_top_mul_33s_25ns_58_1_1_Multiplier_0_U/tmp_product__1_i_2_n_17
    SLICE_X105Y27        CARRY4 (Prop_carry4_CI_O[2])
                                                      0.107     5.456 r  bd_0_i/hls_inst/inst/mul_33s_25ns_58_1_1_U43/system_top_mul_33s_25ns_58_1_1_Multiplier_0_U/tmp_product__1_i_1/O[2]
                         net (fo=6, routed)           2.638     8.094    bd_0_i/hls_inst/inst/grp_p_shadowquilt_main_loop_make_verticle_strip_fu_565/grp_makePatch_alignedToLine_fu_1322/grp_alignedtoline_per_layer_loop8_fu_183/mul_78s_108ns_185_3_1_U44/system_top_mul_78s_108ns_185_3_1_Multiplier_1_U/tmp_product__1_0[30]
    DSP48_X3Y15          DSP48E1                                      r  bd_0_i/hls_inst/inst/grp_p_shadowquilt_main_loop_make_verticle_strip_fu_565/grp_makePatch_alignedToLine_fu_1322/grp_alignedtoline_per_layer_loop8_fu_183/mul_78s_108ns_185_3_1_U44/system_top_mul_78s_108ns_185_3_1_Multiplier_1_U/buff0_reg__0/B[15]
  -------------------------------------------------------------------    -------------------

                         (clock ap_clk rise edge)    10.000    10.000 r  
                                                      0.000    10.000 r  ap_clk (IN)
                         net (fo=16362, unset)        0.483    10.483    bd_0_i/hls_inst/inst/grp_p_shadowquilt_main_loop_make_verticle_strip_fu_565/grp_makePatch_alignedToLine_fu_1322/grp_alignedtoline_per_layer_loop8_fu_183/mul_78s_108ns_185_3_1_U44/system_top_mul_78s_108ns_185_3_1_Multiplier_1_U/ap_clk
    DSP48_X3Y15          DSP48E1                                      r  bd_0_i/hls_inst/inst/grp_p_shadowquilt_main_loop_make_verticle_strip_fu_565/grp_makePatch_alignedToLine_fu_1322/grp_alignedtoline_per_layer_loop8_fu_183/mul_78s_108ns_185_3_1_U44/system_top_mul_78s_108ns_185_3_1_Multiplier_1_U/buff0_reg__0/CLK
                         clock pessimism              0.000    10.483    
                         clock uncertainty           -0.035    10.447    
    DSP48_X3Y15          DSP48E1 (Setup_dsp48e1_CLK_B[15])
                                                     -0.350    10.097    bd_0_i/hls_inst/inst/grp_p_shadowquilt_main_loop_make_verticle_strip_fu_565/grp_makePatch_alignedToLine_fu_1322/grp_alignedtoline_per_layer_loop8_fu_183/mul_78s_108ns_185_3_1_U44/system_top_mul_78s_108ns_185_3_1_Multiplier_1_U/buff0_reg__0
  -------------------------------------------------------------------
                         required time                         10.097    
                         arrival time                          -8.094    
  -------------------------------------------------------------------
                         slack                                  2.004    

Slack (MET) :             2.146ns  (required time - arrival time)
  Source:                 bd_0_i/hls_inst/inst/grp_p_shadowquilt_main_loop_make_verticle_strip_fu_565/grp_makePatch_alignedToLine_fu_1322/grp_alignedtoline_per_layer_loop8_fu_183/mul_33s_25ns_58_1_1_U43/system_top_mul_33s_25ns_58_1_1_Multiplier_0_U/p__1/CLK
                            (rising edge-triggered cell DSP48E1 clocked by ap_clk  {rise@0.000ns fall@5.000ns period=10.000ns})
  Destination:            bd_0_i/hls_inst/inst/grp_p_shadowquilt_main_loop_make_verticle_strip_fu_565/grp_makePatch_alignedToLine_fu_1322/grp_alignedtoline_per_layer_loop8_fu_183/mul_78s_108ns_185_3_1_U44/system_top_mul_78s_108ns_185_3_1_Multiplier_1_U/tmp_product__13/A[8]
                            (rising edge-triggered cell DSP48E1 clocked by ap_clk  {rise@0.000ns fall@5.000ns period=10.000ns})
  Path Group:             ap_clk
  Path Type:              Setup (Max at Slow Process Corner)
  Requirement:            10.000ns  (ap_clk rise@10.000ns - ap_clk rise@0.000ns)
  Data Path Delay:        7.484ns  (logic 4.205ns (56.183%)  route 3.279ns (43.817%))
  Logic Levels:           8  (CARRY4=6 DSP48E1=1 LUT2=1)
  Clock Path Skew:        -0.025ns (DCD - SCD + CPR)
    Destination Clock Delay (DCD):    0.483ns = ( 10.483 - 10.000 ) 
    Source Clock Delay      (SCD):    0.508ns
    Clock Pessimism Removal (CPR):    0.000ns
  Clock Uncertainty:      0.035ns  ((TSJ^2 + TIJ^2)^1/2 + DJ) / 2 + PE
    Total System Jitter     (TSJ):    0.071ns
    Total Input Jitter      (TIJ):    0.000ns
    Discrete Jitter          (DJ):    0.000ns
    Phase Error              (PE):    0.000ns

    Location             Delay type                Incr(ns)  Path(ns)    Netlist Resource(s)
  -------------------------------------------------------------------    -------------------
                         (clock ap_clk rise edge)     0.000     0.000 r  
                                                      0.000     0.000 r  ap_clk (IN)
                         net (fo=16362, unset)        0.508     0.508    bd_0_i/hls_inst/inst/grp_p_shadowquilt_main_loop_make_verticle_strip_fu_565/grp_makePatch_alignedToLine_fu_1322/grp_alignedtoline_per_layer_loop8_fu_183/mul_33s_25ns_58_1_1_U43/system_top_mul_33s_25ns_58_1_1_Multiplier_0_U/ap_clk
    DSP48_X5Y10          DSP48E1                                      r  bd_0_i/hls_inst/inst/grp_p_shadowquilt_main_loop_make_verticle_strip_fu_565/grp_makePatch_alignedToLine_fu_1322/grp_alignedtoline_per_layer_loop8_fu_183/mul_33s_25ns_58_1_1_U43/system_top_mul_33s_25ns_58_1_1_Multiplier_0_U/p__1/CLK
  -------------------------------------------------------------------    -------------------
    DSP48_X5Y10          DSP48E1 (Prop_dsp48e1_CLK_PCOUT[47])
                                                      2.626     3.134 r  bd_0_i/hls_inst/inst/grp_p_shadowquilt_main_loop_make_verticle_strip_fu_565/grp_makePatch_alignedToLine_fu_1322/grp_alignedtoline_per_layer_loop8_fu_183/mul_33s_25ns_58_1_1_U43/system_top_mul_33s_25ns_58_1_1_Multiplier_0_U/p__1/PCOUT[47]
                         net (fo=1, routed)           0.000     3.134    bd_0_i/hls_inst/inst/grp_p_shadowquilt_main_loop_make_verticle_strip_fu_565/grp_makePatch_alignedToLine_fu_1322/grp_alignedtoline_per_layer_loop8_fu_183/mul_33s_25ns_58_1_1_U43/system_top_mul_33s_25ns_58_1_1_Multiplier_0_U/p__1_n_123
    DSP48_X5Y11          DSP48E1 (Prop_dsp48e1_PCIN[47]_P[0])
                                                      0.938     4.072 r  bd_0_i/hls_inst/inst/grp_p_shadowquilt_main_loop_make_verticle_strip_fu_565/grp_makePatch_alignedToLine_fu_1322/grp_alignedtoline_per_layer_loop8_fu_183/mul_33s_25ns_58_1_1_U43/system_top_mul_33s_25ns_58_1_1_Multiplier_0_U/p__2/P[0]
                         net (fo=2, routed)           0.676     4.748    bd_0_i/hls_inst/inst/grp_p_shadowquilt_main_loop_make_verticle_strip_fu_565/grp_makePatch_alignedToLine_fu_1322/grp_alignedtoline_per_layer_loop8_fu_183/mul_33s_25ns_58_1_1_U43/system_top_mul_33s_25ns_58_1_1_Multiplier_0_U/p__2_0[0]
    SLICE_X105Y20        LUT2 (Prop_lut2_I0_O)        0.043     4.791 r  bd_0_i/hls_inst/inst/grp_p_shadowquilt_main_loop_make_verticle_strip_fu_565/grp_makePatch_alignedToLine_fu_1322/grp_alignedtoline_per_layer_loop8_fu_183/mul_33s_25ns_58_1_1_U43/system_top_mul_33s_25ns_58_1_1_Multiplier_0_U/tmp_product__0_i_19/O
                         net (fo=1, routed)           0.000     4.791    bd_0_i/hls_inst/inst/grp_p_shadowquilt_main_loop_make_verticle_strip_fu_565_n_19
    SLICE_X105Y20        CARRY4 (Prop_carry4_S[1]_CO[3])
                                                      0.257     5.048 r  bd_0_i/hls_inst/inst/mul_33s_25ns_58_1_1_U43/system_top_mul_33s_25ns_58_1_1_Multiplier_0_U/tmp_product__0_i_4/CO[3]
                         net (fo=1, routed)           0.000     5.048    bd_0_i/hls_inst/inst/mul_33s_25ns_58_1_1_U43/system_top_mul_33s_25ns_58_1_1_Multiplier_0_U/tmp_product__0_i_4_n_17
    SLICE_X105Y21        CARRY4 (Prop_carry4_CI_CO[3])
                                                      0.049     5.097 r  bd_0_i/hls_inst/inst/mul_33s_25ns_58_1_1_U43/system_top_mul_33s_25ns_58_1_1_Multiplier_0_U/tmp_product__0_i_3/CO[3]
                         net (fo=1, routed)           0.000     5.097    bd_0_i/hls_inst/inst/mul_33s_25ns_58_1_1_U43/system_top_mul_33s_25ns_58_1_1_Multiplier_0_U/tmp_product__0_i_3_n_17
    SLICE_X105Y22        CARRY4 (Prop_carry4_CI_CO[3])
                                                      0.049     5.146 r  bd_0_i/hls_inst/inst/mul_33s_25ns_58_1_1_U43/system_top_mul_33s_25ns_58_1_1_Multiplier_0_U/tmp_product__0_i_2/CO[3]
                         net (fo=1, routed)           0.000     5.146    bd_0_i/hls_inst/inst/mul_33s_25ns_58_1_1_U43/system_top_mul_33s_25ns_58_1_1_Multiplier_0_U/tmp_product__0_i_2_n_17
    SLICE_X105Y23        CARRY4 (Prop_carry4_CI_CO[3])
                                                      0.049     5.195 r  bd_0_i/hls_inst/inst/mul_33s_25ns_58_1_1_U43/system_top_mul_33s_25ns_58_1_1_Multiplier_0_U/tmp_product__0_i_1/CO[3]
                         net (fo=1, routed)           0.000     5.195    bd_0_i/hls_inst/inst/mul_33s_25ns_58_1_1_U43/system_top_mul_33s_25ns_58_1_1_Multiplier_0_U/tmp_product__0_i_1_n_17
    SLICE_X105Y24        CARRY4 (Prop_carry4_CI_CO[3])
                                                      0.049     5.244 r  bd_0_i/hls_inst/inst/mul_33s_25ns_58_1_1_U43/system_top_mul_33s_25ns_58_1_1_Multiplier_0_U/tmp_product__1_i_4/CO[3]
                         net (fo=1, routed)           0.007     5.251    bd_0_i/hls_inst/inst/mul_33s_25ns_58_1_1_U43/system_top_mul_33s_25ns_58_1_1_Multiplier_0_U/tmp_product__1_i_4_n_17
    SLICE_X105Y25        CARRY4 (Prop_carry4_CI_O[3])
                                                      0.145     5.396 r  bd_0_i/hls_inst/inst/mul_33s_25ns_58_1_1_U43/system_top_mul_33s_25ns_58_1_1_Multiplier_0_U/tmp_product__1_i_3/O[3]
                         net (fo=6, routed)           2.597     7.992    bd_0_i/hls_inst/inst/grp_p_shadowquilt_main_loop_make_verticle_strip_fu_565/grp_makePatch_alignedToLine_fu_1322/grp_alignedtoline_per_layer_loop8_fu_183/mul_78s_108ns_185_3_1_U44/system_top_mul_78s_108ns_185_3_1_Multiplier_1_U/tmp_product__1_0[23]
    DSP48_X3Y9           DSP48E1                                      r  bd_0_i/hls_inst/inst/grp_p_shadowquilt_main_loop_make_verticle_strip_fu_565/grp_makePatch_alignedToLine_fu_1322/grp_alignedtoline_per_layer_loop8_fu_183/mul_78s_108ns_185_3_1_U44/system_top_mul_78s_108ns_185_3_1_Multiplier_1_U/tmp_product__13/A[8]
  -------------------------------------------------------------------    -------------------

                         (clock ap_clk rise edge)    10.000    10.000 r  
                                                      0.000    10.000 r  ap_clk (IN)
                         net (fo=16362, unset)        0.483    10.483    bd_0_i/hls_inst/inst/grp_p_shadowquilt_main_loop_make_verticle_strip_fu_565/grp_makePatch_alignedToLine_fu_1322/grp_alignedtoline_per_layer_loop8_fu_183/mul_78s_108ns_185_3_1_U44/system_top_mul_78s_108ns_185_3_1_Multiplier_1_U/ap_clk
    DSP48_X3Y9           DSP48E1                                      r  bd_0_i/hls_inst/inst/grp_p_shadowquilt_main_loop_make_verticle_strip_fu_565/grp_makePatch_alignedToLine_fu_1322/grp_alignedtoline_per_layer_loop8_fu_183/mul_78s_108ns_185_3_1_U44/system_top_mul_78s_108ns_185_3_1_Multiplier_1_U/tmp_product__13/CLK
                         clock pessimism              0.000    10.483    
                         clock uncertainty           -0.035    10.447    
    DSP48_X3Y9           DSP48E1 (Setup_dsp48e1_CLK_A[8])
                                                     -0.309    10.138    bd_0_i/hls_inst/inst/grp_p_shadowquilt_main_loop_make_verticle_strip_fu_565/grp_makePatch_alignedToLine_fu_1322/grp_alignedtoline_per_layer_loop8_fu_183/mul_78s_108ns_185_3_1_U44/system_top_mul_78s_108ns_185_3_1_Multiplier_1_U/tmp_product__13
  -------------------------------------------------------------------
                         required time                         10.138    
                         arrival time                          -7.992    
  -------------------------------------------------------------------
                         slack                                  2.146    

Slack (MET) :             2.261ns  (required time - arrival time)
  Source:                 bd_0_i/hls_inst/inst/grp_p_shadowquilt_main_loop_make_verticle_strip_fu_565/grp_makePatch_alignedToLine_fu_1322/grp_alignedtoline_per_layer_loop8_fu_183/grp_p_find_boundaries_and_starting_index_and_value9_fu_922/p_find_left_and_right_boundaries11_U0/trunc_ln565_2_reg_2793_reg[29]/C
                            (rising edge-triggered cell FDRE clocked by ap_clk  {rise@0.000ns fall@5.000ns period=10.000ns})
  Destination:            bd_0_i/hls_inst/inst/grp_p_shadowquilt_main_loop_make_verticle_strip_fu_565/grp_makePatch_alignedToLine_fu_1322/grp_alignedtoline_per_layer_loop8_fu_183/grp_p_find_boundaries_and_starting_index_and_value9_fu_922/p_find_left_and_right_boundaries11_U0/sub_ln947_3_reg_2537_reg[4]/D
                            (rising edge-triggered cell FDRE clocked by ap_clk  {rise@0.000ns fall@5.000ns period=10.000ns})
  Path Group:             ap_clk
  Path Type:              Setup (Max at Slow Process Corner)
  Requirement:            10.000ns  (ap_clk rise@10.000ns - ap_clk rise@0.000ns)
  Data Path Delay:        7.730ns  (logic 2.327ns (30.103%)  route 5.403ns (69.897%))
  Logic Levels:           22  (CARRY4=9 LUT1=2 LUT2=2 LUT5=5 LUT6=4)
  Clock Path Skew:        -0.025ns (DCD - SCD + CPR)
    Destination Clock Delay (DCD):    0.483ns = ( 10.483 - 10.000 ) 
    Source Clock Delay      (SCD):    0.508ns
    Clock Pessimism Removal (CPR):    0.000ns
  Clock Uncertainty:      0.035ns  ((TSJ^2 + TIJ^2)^1/2 + DJ) / 2 + PE
    Total System Jitter     (TSJ):    0.071ns
    Total Input Jitter      (TIJ):    0.000ns
    Discrete Jitter          (DJ):    0.000ns
    Phase Error              (PE):    0.000ns

    Location             Delay type                Incr(ns)  Path(ns)    Netlist Resource(s)
  -------------------------------------------------------------------    -------------------
                         (clock ap_clk rise edge)     0.000     0.000 r  
                                                      0.000     0.000 r  ap_clk (IN)
                         net (fo=16362, unset)        0.508     0.508    bd_0_i/hls_inst/inst/grp_p_shadowquilt_main_loop_make_verticle_strip_fu_565/grp_makePatch_alignedToLine_fu_1322/grp_alignedtoline_per_layer_loop8_fu_183/grp_p_find_boundaries_and_starting_index_and_value9_fu_922/p_find_left_and_right_boundaries11_U0/ap_clk
    SLICE_X109Y165       FDRE                                         r  bd_0_i/hls_inst/inst/grp_p_shadowquilt_main_loop_make_verticle_strip_fu_565/grp_makePatch_alignedToLine_fu_1322/grp_alignedtoline_per_layer_loop8_fu_183/grp_p_find_boundaries_and_starting_index_and_value9_fu_922/p_find_left_and_right_boundaries11_U0/trunc_ln565_2_reg_2793_reg[29]/C
  -------------------------------------------------------------------    -------------------
    SLICE_X109Y165       FDRE (Prop_fdre_C_Q)         0.216     0.724 f  bd_0_i/hls_inst/inst/grp_p_shadowquilt_main_loop_make_verticle_strip_fu_565/grp_makePatch_alignedToLine_fu_1322/grp_alignedtoline_per_layer_loop8_fu_183/grp_p_find_boundaries_and_starting_index_and_value9_fu_922/p_find_left_and_right_boundaries11_U0/trunc_ln565_2_reg_2793_reg[29]/Q
                         net (fo=6, routed)           0.311     1.035    bd_0_i/hls_inst/inst/grp_p_shadowquilt_main_loop_make_verticle_strip_fu_565/grp_makePatch_alignedToLine_fu_1322/grp_alignedtoline_per_layer_loop8_fu_183/grp_p_find_boundaries_and_starting_index_and_value9_fu_922/p_find_left_and_right_boundaries11_U0/zext_ln569_2_fu_2151_p1[29]
    SLICE_X111Y165       LUT1 (Prop_lut1_I0_O)        0.043     1.078 r  bd_0_i/hls_inst/inst/grp_p_shadowquilt_main_loop_make_verticle_strip_fu_565/grp_makePatch_alignedToLine_fu_1322/grp_alignedtoline_per_layer_loop8_fu_183/grp_p_find_boundaries_and_starting_index_and_value9_fu_922/p_find_left_and_right_boundaries11_U0/m_51_reg_2513[28]_i_24/O
                         net (fo=1, routed)           0.100     1.178    bd_0_i/hls_inst/inst/grp_p_shadowquilt_main_loop_make_verticle_strip_fu_565/grp_makePatch_alignedToLine_fu_1322/grp_alignedtoline_per_layer_loop8_fu_183/grp_p_find_boundaries_and_starting_index_and_value9_fu_922/p_find_left_and_right_boundaries11_U0/m_51_reg_2513[28]_i_24_n_17
    SLICE_X110Y165       CARRY4 (Prop_carry4_CYINIT_CO[3])
                                                      0.279     1.457 r  bd_0_i/hls_inst/inst/grp_p_shadowquilt_main_loop_make_verticle_strip_fu_565/grp_makePatch_alignedToLine_fu_1322/grp_alignedtoline_per_layer_loop8_fu_183/grp_p_find_boundaries_and_starting_index_and_value9_fu_922/p_find_left_and_right_boundaries11_U0/m_51_reg_2513_reg[28]_i_13/CO[3]
                         net (fo=1, routed)           0.000     1.457    bd_0_i/hls_inst/inst/grp_p_shadowquilt_main_loop_make_verticle_strip_fu_565/grp_makePatch_alignedToLine_fu_1322/grp_alignedtoline_per_layer_loop8_fu_183/grp_p_find_boundaries_and_starting_index_and_value9_fu_922/p_find_left_and_right_boundaries11_U0/m_51_reg_2513_reg[28]_i_13_n_17
    SLICE_X110Y166       CARRY4 (Prop_carry4_CI_CO[3])
                                                      0.049     1.506 r  bd_0_i/hls_inst/inst/grp_p_shadowquilt_main_loop_make_verticle_strip_fu_565/grp_makePatch_alignedToLine_fu_1322/grp_alignedtoline_per_layer_loop8_fu_183/grp_p_find_boundaries_and_starting_index_and_value9_fu_922/p_find_left_and_right_boundaries11_U0/m_51_reg_2513_reg[0]_i_44/CO[3]
                         net (fo=1, routed)           0.000     1.506    bd_0_i/hls_inst/inst/grp_p_shadowquilt_main_loop_make_verticle_strip_fu_565/grp_makePatch_alignedToLine_fu_1322/grp_alignedtoline_per_layer_loop8_fu_183/grp_p_find_boundaries_and_starting_index_and_value9_fu_922/p_find_left_and_right_boundaries11_U0/m_51_reg_2513_reg[0]_i_44_n_17
    SLICE_X110Y167       CARRY4 (Prop_carry4_CI_O[0])
                                                      0.104     1.610 f  bd_0_i/hls_inst/inst/grp_p_shadowquilt_main_loop_make_verticle_strip_fu_565/grp_makePatch_alignedToLine_fu_1322/grp_alignedtoline_per_layer_loop8_fu_183/grp_p_find_boundaries_and_starting_index_and_value9_fu_922/p_find_left_and_right_boundaries11_U0/m_51_reg_2513_reg[0]_i_41/O[0]
                         net (fo=4, routed)           0.435     2.045    bd_0_i/hls_inst/inst/grp_p_shadowquilt_main_loop_make_verticle_strip_fu_565/grp_makePatch_alignedToLine_fu_1322/grp_alignedtoline_per_layer_loop8_fu_183/grp_p_find_boundaries_and_starting_index_and_value9_fu_922/p_find_left_and_right_boundaries11_U0/man_V_9_fu_2155_p2[38]
    SLICE_X114Y169       LUT5 (Prop_lut5_I2_O)        0.128     2.173 f  bd_0_i/hls_inst/inst/grp_p_shadowquilt_main_loop_make_verticle_strip_fu_565/grp_makePatch_alignedToLine_fu_1322/grp_alignedtoline_per_layer_loop8_fu_183/grp_p_find_boundaries_and_starting_index_and_value9_fu_922/p_find_left_and_right_boundaries11_U0/lbVal_constprop[6]_i_4/O
                         net (fo=1, routed)           0.305     2.478    bd_0_i/hls_inst/inst/grp_p_shadowquilt_main_loop_make_verticle_strip_fu_565/grp_makePatch_alignedToLine_fu_1322/grp_alignedtoline_per_layer_loop8_fu_183/grp_p_find_boundaries_and_starting_index_and_value9_fu_922/p_find_left_and_right_boundaries11_U0/lbVal_constprop[6]_i_4_n_17
    SLICE_X116Y169       LUT6 (Prop_lut6_I5_O)        0.132     2.610 f  bd_0_i/hls_inst/inst/grp_p_shadowquilt_main_loop_make_verticle_strip_fu_565/grp_makePatch_alignedToLine_fu_1322/grp_alignedtoline_per_layer_loop8_fu_183/grp_p_find_boundaries_and_starting_index_and_value9_fu_922/p_find_left_and_right_boundaries11_U0/lbVal_constprop[6]_i_3/O
                         net (fo=4, routed)           0.257     2.867    bd_0_i/hls_inst/inst/grp_p_shadowquilt_main_loop_make_verticle_strip_fu_565/grp_makePatch_alignedToLine_fu_1322/grp_alignedtoline_per_layer_loop8_fu_183/grp_p_find_boundaries_and_starting_index_and_value9_fu_922/p_find_left_and_right_boundaries11_U0/lbVal_constprop[6]_i_3_n_17
    SLICE_X115Y169       LUT5 (Prop_lut5_I0_O)        0.043     2.910 f  bd_0_i/hls_inst/inst/grp_p_shadowquilt_main_loop_make_verticle_strip_fu_565/grp_makePatch_alignedToLine_fu_1322/grp_alignedtoline_per_layer_loop8_fu_183/grp_p_find_boundaries_and_starting_index_and_value9_fu_922/p_find_left_and_right_boundaries11_U0/m_51_reg_2513[0]_i_10/O
                         net (fo=1, routed)           0.286     3.197    bd_0_i/hls_inst/inst/grp_p_shadowquilt_main_loop_make_verticle_strip_fu_565/grp_makePatch_alignedToLine_fu_1322/grp_alignedtoline_per_layer_loop8_fu_183/grp_p_find_boundaries_and_starting_index_and_value9_fu_922/p_find_left_and_right_boundaries11_U0/m_51_reg_2513[0]_i_10_n_17
    SLICE_X115Y168       LUT6 (Prop_lut6_I5_O)        0.043     3.240 r  bd_0_i/hls_inst/inst/grp_p_shadowquilt_main_loop_make_verticle_strip_fu_565/grp_makePatch_alignedToLine_fu_1322/grp_alignedtoline_per_layer_loop8_fu_183/grp_p_find_boundaries_and_starting_index_and_value9_fu_922/p_find_left_and_right_boundaries11_U0/m_51_reg_2513[0]_i_3/O
                         net (fo=1, routed)           0.423     3.663    bd_0_i/hls_inst/inst/grp_p_shadowquilt_main_loop_make_verticle_strip_fu_565/grp_makePatch_alignedToLine_fu_1322/grp_alignedtoline_per_layer_loop8_fu_183/grp_p_find_boundaries_and_starting_index_and_value9_fu_922/p_find_left_and_right_boundaries11_U0/m_51_reg_2513[0]_i_3_n_17
    SLICE_X115Y162       LUT6 (Prop_lut6_I3_O)        0.043     3.706 f  bd_0_i/hls_inst/inst/grp_p_shadowquilt_main_loop_make_verticle_strip_fu_565/grp_makePatch_alignedToLine_fu_1322/grp_alignedtoline_per_layer_loop8_fu_183/grp_p_find_boundaries_and_starting_index_and_value9_fu_922/p_find_left_and_right_boundaries11_U0/m_51_reg_2513[0]_i_1/O
                         net (fo=9, routed)           0.394     4.100    bd_0_i/hls_inst/inst/grp_p_shadowquilt_main_loop_make_verticle_strip_fu_565/grp_makePatch_alignedToLine_fu_1322/grp_alignedtoline_per_layer_loop8_fu_183/grp_p_find_boundaries_and_starting_index_and_value9_fu_922/p_find_left_and_right_boundaries11_U0/lbVal_constprop_reg[0][0]
    SLICE_X117Y160       LUT1 (Prop_lut1_I0_O)        0.043     4.143 r  bd_0_i/hls_inst/inst/grp_p_shadowquilt_main_loop_make_verticle_strip_fu_565/grp_makePatch_alignedToLine_fu_1322/grp_alignedtoline_per_layer_loop8_fu_183/grp_p_find_boundaries_and_starting_index_and_value9_fu_922/p_find_left_and_right_boundaries11_U0/m_51_reg_2513[4]_i_4/O
                         net (fo=1, routed)           0.274     4.417    bd_0_i/hls_inst/inst/grp_p_shadowquilt_main_loop_make_verticle_strip_fu_565/grp_makePatch_alignedToLine_fu_1322/grp_alignedtoline_per_layer_loop8_fu_183/grp_p_find_boundaries_and_starting_index_and_value9_fu_922/p_find_left_and_right_boundaries11_U0/m_51_reg_2513[4]_i_4_n_17
    SLICE_X114Y157       CARRY4 (Prop_carry4_CYINIT_CO[3])
                                                      0.289     4.706 r  bd_0_i/hls_inst/inst/grp_p_shadowquilt_main_loop_make_verticle_strip_fu_565/grp_makePatch_alignedToLine_fu_1322/grp_alignedtoline_per_layer_loop8_fu_183/grp_p_find_boundaries_and_starting_index_and_value9_fu_922/p_find_left_and_right_boundaries11_U0/m_51_reg_2513_reg[4]_i_2/CO[3]
                         net (fo=1, routed)           0.000     4.706    bd_0_i/hls_inst/inst/grp_p_shadowquilt_main_loop_make_verticle_strip_fu_565/grp_makePatch_alignedToLine_fu_1322/grp_alignedtoline_per_layer_loop8_fu_183/grp_p_find_boundaries_and_starting_index_and_value9_fu_922/p_find_left_and_right_boundaries11_U0/m_51_reg_2513_reg[4]_i_2_n_17
    SLICE_X114Y158       CARRY4 (Prop_carry4_CI_CO[3])
                                                      0.050     4.756 r  bd_0_i/hls_inst/inst/grp_p_shadowquilt_main_loop_make_verticle_strip_fu_565/grp_makePatch_alignedToLine_fu_1322/grp_alignedtoline_per_layer_loop8_fu_183/grp_p_find_boundaries_and_starting_index_and_value9_fu_922/p_find_left_and_right_boundaries11_U0/m_51_reg_2513_reg[8]_i_2/CO[3]
                         net (fo=1, routed)           0.000     4.756    bd_0_i/hls_inst/inst/grp_p_shadowquilt_main_loop_make_verticle_strip_fu_565/grp_makePatch_alignedToLine_fu_1322/grp_alignedtoline_per_layer_loop8_fu_183/grp_p_find_boundaries_and_starting_index_and_value9_fu_922/p_find_left_and_right_boundaries11_U0/m_51_reg_2513_reg[8]_i_2_n_17
    SLICE_X114Y159       CARRY4 (Prop_carry4_CI_CO[3])
                                                      0.050     4.806 r  bd_0_i/hls_inst/inst/grp_p_shadowquilt_main_loop_make_verticle_strip_fu_565/grp_makePatch_alignedToLine_fu_1322/grp_alignedtoline_per_layer_loop8_fu_183/grp_p_find_boundaries_and_starting_index_and_value9_fu_922/p_find_left_and_right_boundaries11_U0/m_51_reg_2513_reg[12]_i_2/CO[3]
                         net (fo=1, routed)           0.000     4.806    bd_0_i/hls_inst/inst/grp_p_shadowquilt_main_loop_make_verticle_strip_fu_565/grp_makePatch_alignedToLine_fu_1322/grp_alignedtoline_per_layer_loop8_fu_183/grp_p_find_boundaries_and_starting_index_and_value9_fu_922/p_find_left_and_right_boundaries11_U0/m_51_reg_2513_reg[12]_i_2_n_17
    SLICE_X114Y160       CARRY4 (Prop_carry4_CI_CO[3])
                                                      0.050     4.856 r  bd_0_i/hls_inst/inst/grp_p_shadowquilt_main_loop_make_verticle_strip_fu_565/grp_makePatch_alignedToLine_fu_1322/grp_alignedtoline_per_layer_loop8_fu_183/grp_p_find_boundaries_and_starting_index_and_value9_fu_922/p_find_left_and_right_boundaries11_U0/m_51_reg_2513_reg[16]_i_2/CO[3]
                         net (fo=1, routed)           0.000     4.856    bd_0_i/hls_inst/inst/grp_p_shadowquilt_main_loop_make_verticle_strip_fu_565/grp_makePatch_alignedToLine_fu_1322/grp_alignedtoline_per_layer_loop8_fu_183/grp_p_find_boundaries_and_starting_index_and_value9_fu_922/p_find_left_and_right_boundaries11_U0/m_51_reg_2513_reg[16]_i_2_n_17
    SLICE_X114Y161       CARRY4 (Prop_carry4_CI_CO[3])
                                                      0.050     4.906 r  bd_0_i/hls_inst/inst/grp_p_shadowquilt_main_loop_make_verticle_strip_fu_565/grp_makePatch_alignedToLine_fu_1322/grp_alignedtoline_per_layer_loop8_fu_183/grp_p_find_boundaries_and_starting_index_and_value9_fu_922/p_find_left_and_right_boundaries11_U0/m_51_reg_2513_reg[20]_i_2/CO[3]
                         net (fo=1, routed)           0.000     4.906    bd_0_i/hls_inst/inst/grp_p_shadowquilt_main_loop_make_verticle_strip_fu_565/grp_makePatch_alignedToLine_fu_1322/grp_alignedtoline_per_layer_loop8_fu_183/grp_p_find_boundaries_and_starting_index_and_value9_fu_922/p_find_left_and_right_boundaries11_U0/m_51_reg_2513_reg[20]_i_2_n_17
    SLICE_X114Y162       CARRY4 (Prop_carry4_CI_O[0])
                                                      0.102     5.008 f  bd_0_i/hls_inst/inst/grp_p_shadowquilt_main_loop_make_verticle_strip_fu_565/grp_makePatch_alignedToLine_fu_1322/grp_alignedtoline_per_layer_loop8_fu_183/grp_p_find_boundaries_and_starting_index_and_value9_fu_922/p_find_left_and_right_boundaries11_U0/m_51_reg_2513_reg[24]_i_2/O[0]
                         net (fo=4, routed)           0.507     5.515    bd_0_i/hls_inst/inst/grp_p_shadowquilt_main_loop_make_verticle_strip_fu_565/grp_makePatch_alignedToLine_fu_1322/grp_alignedtoline_per_layer_loop8_fu_183/grp_p_find_boundaries_and_starting_index_and_value9_fu_922/p_find_left_and_right_boundaries11_U0/tmp_V_11_fu_915_p2[21]
    SLICE_X112Y160       LUT5 (Prop_lut5_I1_O)        0.124     5.639 f  bd_0_i/hls_inst/inst/grp_p_shadowquilt_main_loop_make_verticle_strip_fu_565/grp_makePatch_alignedToLine_fu_1322/grp_alignedtoline_per_layer_loop8_fu_183/grp_p_find_boundaries_and_starting_index_and_value9_fu_922/p_find_left_and_right_boundaries11_U0/sub_ln947_3_reg_2537[0]_i_7/O
                         net (fo=2, routed)           0.430     6.069    bd_0_i/hls_inst/inst/grp_p_shadowquilt_main_loop_make_verticle_strip_fu_565/grp_makePatch_alignedToLine_fu_1322/grp_alignedtoline_per_layer_loop8_fu_183/grp_p_find_boundaries_and_starting_index_and_value9_fu_922/p_find_left_and_right_boundaries11_U0/sub_ln947_3_reg_2537[0]_i_7_n_17
    SLICE_X113Y158       LUT5 (Prop_lut5_I3_O)        0.129     6.198 f  bd_0_i/hls_inst/inst/grp_p_shadowquilt_main_loop_make_verticle_strip_fu_565/grp_makePatch_alignedToLine_fu_1322/grp_alignedtoline_per_layer_loop8_fu_183/grp_p_find_boundaries_and_starting_index_and_value9_fu_922/p_find_left_and_right_boundaries11_U0/sub_ln947_3_reg_2537[0]_i_5/O
                         net (fo=2, routed)           0.355     6.553    bd_0_i/hls_inst/inst/grp_p_shadowquilt_main_loop_make_verticle_strip_fu_565/grp_makePatch_alignedToLine_fu_1322/grp_alignedtoline_per_layer_loop8_fu_183/grp_p_find_boundaries_and_starting_index_and_value9_fu_922/p_find_left_and_right_boundaries11_U0/sub_ln947_3_reg_2537[0]_i_5_n_17
    SLICE_X113Y159       LUT6 (Prop_lut6_I4_O)        0.043     6.596 r  bd_0_i/hls_inst/inst/grp_p_shadowquilt_main_loop_make_verticle_strip_fu_565/grp_makePatch_alignedToLine_fu_1322/grp_alignedtoline_per_layer_loop8_fu_183/grp_p_find_boundaries_and_starting_index_and_value9_fu_922/p_find_left_and_right_boundaries11_U0/trunc_ln943_3_reg_2548[0]_i_1/O
                         net (fo=9, routed)           0.606     7.202    bd_0_i/hls_inst/inst/grp_p_shadowquilt_main_loop_make_verticle_strip_fu_565/grp_makePatch_alignedToLine_fu_1322/grp_alignedtoline_per_layer_loop8_fu_183/grp_p_find_boundaries_and_starting_index_and_value9_fu_922/p_find_left_and_right_boundaries11_U0/trunc_ln943_3_reg_2548[0]_i_1_n_17
    SLICE_X113Y156       LUT2 (Prop_lut2_I1_O)        0.050     7.252 f  bd_0_i/hls_inst/inst/grp_p_shadowquilt_main_loop_make_verticle_strip_fu_565/grp_makePatch_alignedToLine_fu_1322/grp_alignedtoline_per_layer_loop8_fu_183/grp_p_find_boundaries_and_starting_index_and_value9_fu_922/p_find_left_and_right_boundaries11_U0/sub_ln944_3_reg_2519[1]_i_1/O
                         net (fo=5, routed)           0.307     7.558    bd_0_i/hls_inst/inst/grp_p_shadowquilt_main_loop_make_verticle_strip_fu_565/grp_makePatch_alignedToLine_fu_1322/grp_alignedtoline_per_layer_loop8_fu_183/grp_p_find_boundaries_and_starting_index_and_value9_fu_922/p_find_left_and_right_boundaries11_U0/sub_ln944_3_fu_947_p2[1]
    SLICE_X114Y156       LUT2 (Prop_lut2_I1_O)        0.133     7.691 r  bd_0_i/hls_inst/inst/grp_p_shadowquilt_main_loop_make_verticle_strip_fu_565/grp_makePatch_alignedToLine_fu_1322/grp_alignedtoline_per_layer_loop8_fu_183/grp_p_find_boundaries_and_starting_index_and_value9_fu_922/p_find_left_and_right_boundaries11_U0/sub_ln947_3_reg_2537[5]_i_2/O
                         net (fo=3, routed)           0.413     8.104    bd_0_i/hls_inst/inst/grp_p_shadowquilt_main_loop_make_verticle_strip_fu_565/grp_makePatch_alignedToLine_fu_1322/grp_alignedtoline_per_layer_loop8_fu_183/grp_p_find_boundaries_and_starting_index_and_value9_fu_922/p_find_left_and_right_boundaries11_U0/sub_ln947_3_reg_2537[5]_i_2_n_17
    SLICE_X112Y156       LUT5 (Prop_lut5_I2_O)        0.134     8.238 r  bd_0_i/hls_inst/inst/grp_p_shadowquilt_main_loop_make_verticle_strip_fu_565/grp_makePatch_alignedToLine_fu_1322/grp_alignedtoline_per_layer_loop8_fu_183/grp_p_find_boundaries_and_starting_index_and_value9_fu_922/p_find_left_and_right_boundaries11_U0/sub_ln947_3_reg_2537[4]_i_1/O
                         net (fo=1, routed)           0.000     8.238    bd_0_i/hls_inst/inst/grp_p_shadowquilt_main_loop_make_verticle_strip_fu_565/grp_makePatch_alignedToLine_fu_1322/grp_alignedtoline_per_layer_loop8_fu_183/grp_p_find_boundaries_and_starting_index_and_value9_fu_922/p_find_left_and_right_boundaries11_U0/sub_ln947_3_fu_973_p2[4]
    SLICE_X112Y156       FDRE                                         r  bd_0_i/hls_inst/inst/grp_p_shadowquilt_main_loop_make_verticle_strip_fu_565/grp_makePatch_alignedToLine_fu_1322/grp_alignedtoline_per_layer_loop8_fu_183/grp_p_find_boundaries_and_starting_index_and_value9_fu_922/p_find_left_and_right_boundaries11_U0/sub_ln947_3_reg_2537_reg[4]/D
  -------------------------------------------------------------------    -------------------

                         (clock ap_clk rise edge)    10.000    10.000 r  
                                                      0.000    10.000 r  ap_clk (IN)
                         net (fo=16362, unset)        0.483    10.483    bd_0_i/hls_inst/inst/grp_p_shadowquilt_main_loop_make_verticle_strip_fu_565/grp_makePatch_alignedToLine_fu_1322/grp_alignedtoline_per_layer_loop8_fu_183/grp_p_find_boundaries_and_starting_index_and_value9_fu_922/p_find_left_and_right_boundaries11_U0/ap_clk
    SLICE_X112Y156       FDRE                                         r  bd_0_i/hls_inst/inst/grp_p_shadowquilt_main_loop_make_verticle_strip_fu_565/grp_makePatch_alignedToLine_fu_1322/grp_alignedtoline_per_layer_loop8_fu_183/grp_p_find_boundaries_and_starting_index_and_value9_fu_922/p_find_left_and_right_boundaries11_U0/sub_ln947_3_reg_2537_reg[4]/C
                         clock pessimism              0.000    10.483    
                         clock uncertainty           -0.035    10.447    
    SLICE_X112Y156       FDRE (Setup_fdre_C_D)        0.052    10.499    bd_0_i/hls_inst/inst/grp_p_shadowquilt_main_loop_make_verticle_strip_fu_565/grp_makePatch_alignedToLine_fu_1322/grp_alignedtoline_per_layer_loop8_fu_183/grp_p_find_boundaries_and_starting_index_and_value9_fu_922/p_find_left_and_right_boundaries11_U0/sub_ln947_3_reg_2537_reg[4]
  -------------------------------------------------------------------
                         required time                         10.499    
                         arrival time                          -8.238    
  -------------------------------------------------------------------
                         slack                                  2.261    

Slack (MET) :             2.263ns  (required time - arrival time)
  Source:                 bd_0_i/hls_inst/inst/grp_p_shadowquilt_main_loop_make_verticle_strip_fu_565/grp_makePatch_alignedToLine_fu_1322/grp_alignedtoline_per_layer_loop8_fu_183/mul_33s_25ns_58_1_1_U43/system_top_mul_33s_25ns_58_1_1_Multiplier_0_U/p__1/CLK
                            (rising edge-triggered cell DSP48E1 clocked by ap_clk  {rise@0.000ns fall@5.000ns period=10.000ns})
  Destination:            bd_0_i/hls_inst/inst/grp_p_shadowquilt_main_loop_make_verticle_strip_fu_565/grp_makePatch_alignedToLine_fu_1322/grp_alignedtoline_per_layer_loop8_fu_183/mul_78s_108ns_185_3_1_U44/system_top_mul_78s_108ns_185_3_1_Multiplier_1_U/tmp_product__1/A[15]
                            (rising edge-triggered cell DSP48E1 clocked by ap_clk  {rise@0.000ns fall@5.000ns period=10.000ns})
  Path Group:             ap_clk
  Path Type:              Setup (Max at Slow Process Corner)
  Requirement:            10.000ns  (ap_clk rise@10.000ns - ap_clk rise@0.000ns)
  Data Path Delay:        7.369ns  (logic 4.265ns (57.874%)  route 3.104ns (42.126%))
  Logic Levels:           10  (CARRY4=8 DSP48E1=1 LUT2=1)
  Clock Path Skew:        -0.025ns (DCD - SCD + CPR)
    Destination Clock Delay (DCD):    0.483ns = ( 10.483 - 10.000 ) 
    Source Clock Delay      (SCD):    0.508ns
    Clock Pessimism Removal (CPR):    0.000ns
  Clock Uncertainty:      0.035ns  ((TSJ^2 + TIJ^2)^1/2 + DJ) / 2 + PE
    Total System Jitter     (TSJ):    0.071ns
    Total Input Jitter      (TIJ):    0.000ns
    Discrete Jitter          (DJ):    0.000ns
    Phase Error              (PE):    0.000ns

    Location             Delay type                Incr(ns)  Path(ns)    Netlist Resource(s)
  -------------------------------------------------------------------    -------------------
                         (clock ap_clk rise edge)     0.000     0.000 r  
                                                      0.000     0.000 r  ap_clk (IN)
                         net (fo=16362, unset)        0.508     0.508    bd_0_i/hls_inst/inst/grp_p_shadowquilt_main_loop_make_verticle_strip_fu_565/grp_makePatch_alignedToLine_fu_1322/grp_alignedtoline_per_layer_loop8_fu_183/mul_33s_25ns_58_1_1_U43/system_top_mul_33s_25ns_58_1_1_Multiplier_0_U/ap_clk
    DSP48_X5Y10          DSP48E1                                      r  bd_0_i/hls_inst/inst/grp_p_shadowquilt_main_loop_make_verticle_strip_fu_565/grp_makePatch_alignedToLine_fu_1322/grp_alignedtoline_per_layer_loop8_fu_183/mul_33s_25ns_58_1_1_U43/system_top_mul_33s_25ns_58_1_1_Multiplier_0_U/p__1/CLK
  -------------------------------------------------------------------    -------------------
    DSP48_X5Y10          DSP48E1 (Prop_dsp48e1_CLK_PCOUT[47])
                                                      2.626     3.134 r  bd_0_i/hls_inst/inst/grp_p_shadowquilt_main_loop_make_verticle_strip_fu_565/grp_makePatch_alignedToLine_fu_1322/grp_alignedtoline_per_layer_loop8_fu_183/mul_33s_25ns_58_1_1_U43/system_top_mul_33s_25ns_58_1_1_Multiplier_0_U/p__1/PCOUT[47]
                         net (fo=1, routed)           0.000     3.134    bd_0_i/hls_inst/inst/grp_p_shadowquilt_main_loop_make_verticle_strip_fu_565/grp_makePatch_alignedToLine_fu_1322/grp_alignedtoline_per_layer_loop8_fu_183/mul_33s_25ns_58_1_1_U43/system_top_mul_33s_25ns_58_1_1_Multiplier_0_U/p__1_n_123
    DSP48_X5Y11          DSP48E1 (Prop_dsp48e1_PCIN[47]_P[0])
                                                      0.938     4.072 r  bd_0_i/hls_inst/inst/grp_p_shadowquilt_main_loop_make_verticle_strip_fu_565/grp_makePatch_alignedToLine_fu_1322/grp_alignedtoline_per_layer_loop8_fu_183/mul_33s_25ns_58_1_1_U43/system_top_mul_33s_25ns_58_1_1_Multiplier_0_U/p__2/P[0]
                         net (fo=2, routed)           0.676     4.748    bd_0_i/hls_inst/inst/grp_p_shadowquilt_main_loop_make_verticle_strip_fu_565/grp_makePatch_alignedToLine_fu_1322/grp_alignedtoline_per_layer_loop8_fu_183/mul_33s_25ns_58_1_1_U43/system_top_mul_33s_25ns_58_1_1_Multiplier_0_U/p__2_0[0]
    SLICE_X105Y20        LUT2 (Prop_lut2_I0_O)        0.043     4.791 r  bd_0_i/hls_inst/inst/grp_p_shadowquilt_main_loop_make_verticle_strip_fu_565/grp_makePatch_alignedToLine_fu_1322/grp_alignedtoline_per_layer_loop8_fu_183/mul_33s_25ns_58_1_1_U43/system_top_mul_33s_25ns_58_1_1_Multiplier_0_U/tmp_product__0_i_19/O
                         net (fo=1, routed)           0.000     4.791    bd_0_i/hls_inst/inst/grp_p_shadowquilt_main_loop_make_verticle_strip_fu_565_n_19
    SLICE_X105Y20        CARRY4 (Prop_carry4_S[1]_CO[3])
                                                      0.257     5.048 r  bd_0_i/hls_inst/inst/mul_33s_25ns_58_1_1_U43/system_top_mul_33s_25ns_58_1_1_Multiplier_0_U/tmp_product__0_i_4/CO[3]
                         net (fo=1, routed)           0.000     5.048    bd_0_i/hls_inst/inst/mul_33s_25ns_58_1_1_U43/system_top_mul_33s_25ns_58_1_1_Multiplier_0_U/tmp_product__0_i_4_n_17
    SLICE_X105Y21        CARRY4 (Prop_carry4_CI_CO[3])
                                                      0.049     5.097 r  bd_0_i/hls_inst/inst/mul_33s_25ns_58_1_1_U43/system_top_mul_33s_25ns_58_1_1_Multiplier_0_U/tmp_product__0_i_3/CO[3]
                         net (fo=1, routed)           0.000     5.097    bd_0_i/hls_inst/inst/mul_33s_25ns_58_1_1_U43/system_top_mul_33s_25ns_58_1_1_Multiplier_0_U/tmp_product__0_i_3_n_17
    SLICE_X105Y22        CARRY4 (Prop_carry4_CI_CO[3])
                                                      0.049     5.146 r  bd_0_i/hls_inst/inst/mul_33s_25ns_58_1_1_U43/system_top_mul_33s_25ns_58_1_1_Multiplier_0_U/tmp_product__0_i_2/CO[3]
                         net (fo=1, routed)           0.000     5.146    bd_0_i/hls_inst/inst/mul_33s_25ns_58_1_1_U43/system_top_mul_33s_25ns_58_1_1_Multiplier_0_U/tmp_product__0_i_2_n_17
    SLICE_X105Y23        CARRY4 (Prop_carry4_CI_CO[3])
                                                      0.049     5.195 r  bd_0_i/hls_inst/inst/mul_33s_25ns_58_1_1_U43/system_top_mul_33s_25ns_58_1_1_Multiplier_0_U/tmp_product__0_i_1/CO[3]
                         net (fo=1, routed)           0.000     5.195    bd_0_i/hls_inst/inst/mul_33s_25ns_58_1_1_U43/system_top_mul_33s_25ns_58_1_1_Multiplier_0_U/tmp_product__0_i_1_n_17
    SLICE_X105Y24        CARRY4 (Prop_carry4_CI_CO[3])
                                                      0.049     5.244 r  bd_0_i/hls_inst/inst/mul_33s_25ns_58_1_1_U43/system_top_mul_33s_25ns_58_1_1_Multiplier_0_U/tmp_product__1_i_4/CO[3]
                         net (fo=1, routed)           0.007     5.251    bd_0_i/hls_inst/inst/mul_33s_25ns_58_1_1_U43/system_top_mul_33s_25ns_58_1_1_Multiplier_0_U/tmp_product__1_i_4_n_17
    SLICE_X105Y25        CARRY4 (Prop_carry4_CI_CO[3])
                                                      0.049     5.300 r  bd_0_i/hls_inst/inst/mul_33s_25ns_58_1_1_U43/system_top_mul_33s_25ns_58_1_1_Multiplier_0_U/tmp_product__1_i_3/CO[3]
                         net (fo=1, routed)           0.000     5.300    bd_0_i/hls_inst/inst/mul_33s_25ns_58_1_1_U43/system_top_mul_33s_25ns_58_1_1_Multiplier_0_U/tmp_product__1_i_3_n_17
    SLICE_X105Y26        CARRY4 (Prop_carry4_CI_CO[3])
                                                      0.049     5.349 r  bd_0_i/hls_inst/inst/mul_33s_25ns_58_1_1_U43/system_top_mul_33s_25ns_58_1_1_Multiplier_0_U/tmp_product__1_i_2/CO[3]
                         net (fo=1, routed)           0.000     5.349    bd_0_i/hls_inst/inst/mul_33s_25ns_58_1_1_U43/system_top_mul_33s_25ns_58_1_1_Multiplier_0_U/tmp_product__1_i_2_n_17
    SLICE_X105Y27        CARRY4 (Prop_carry4_CI_O[2])
                                                      0.107     5.456 r  bd_0_i/hls_inst/inst/mul_33s_25ns_58_1_1_U43/system_top_mul_33s_25ns_58_1_1_Multiplier_0_U/tmp_product__1_i_1/O[2]
                         net (fo=6, routed)           2.422     7.877    bd_0_i/hls_inst/inst/grp_p_shadowquilt_main_loop_make_verticle_strip_fu_565/grp_makePatch_alignedToLine_fu_1322/grp_alignedtoline_per_layer_loop8_fu_183/mul_78s_108ns_185_3_1_U44/system_top_mul_78s_108ns_185_3_1_Multiplier_1_U/tmp_product__1_0[30]
    DSP48_X3Y13          DSP48E1                                      r  bd_0_i/hls_inst/inst/grp_p_shadowquilt_main_loop_make_verticle_strip_fu_565/grp_makePatch_alignedToLine_fu_1322/grp_alignedtoline_per_layer_loop8_fu_183/mul_78s_108ns_185_3_1_U44/system_top_mul_78s_108ns_185_3_1_Multiplier_1_U/tmp_product__1/A[15]
  -------------------------------------------------------------------    -------------------

                         (clock ap_clk rise edge)    10.000    10.000 r  
                                                      0.000    10.000 r  ap_clk (IN)
                         net (fo=16362, unset)        0.483    10.483    bd_0_i/hls_inst/inst/grp_p_shadowquilt_main_loop_make_verticle_strip_fu_565/grp_makePatch_alignedToLine_fu_1322/grp_alignedtoline_per_layer_loop8_fu_183/mul_78s_108ns_185_3_1_U44/system_top_mul_78s_108ns_185_3_1_Multiplier_1_U/ap_clk
    DSP48_X3Y13          DSP48E1                                      r  bd_0_i/hls_inst/inst/grp_p_shadowquilt_main_loop_make_verticle_strip_fu_565/grp_makePatch_alignedToLine_fu_1322/grp_alignedtoline_per_layer_loop8_fu_183/mul_78s_108ns_185_3_1_U44/system_top_mul_78s_108ns_185_3_1_Multiplier_1_U/tmp_product__1/CLK
                         clock pessimism              0.000    10.483    
                         clock uncertainty           -0.035    10.447    
    DSP48_X3Y13          DSP48E1 (Setup_dsp48e1_CLK_A[15])
                                                     -0.307    10.140    bd_0_i/hls_inst/inst/grp_p_shadowquilt_main_loop_make_verticle_strip_fu_565/grp_makePatch_alignedToLine_fu_1322/grp_alignedtoline_per_layer_loop8_fu_183/mul_78s_108ns_185_3_1_U44/system_top_mul_78s_108ns_185_3_1_Multiplier_1_U/tmp_product__1
  -------------------------------------------------------------------
                         required time                         10.140    
                         arrival time                          -7.877    
  -------------------------------------------------------------------
                         slack                                  2.263    

Slack (MET) :             2.324ns  (required time - arrival time)
  Source:                 bd_0_i/hls_inst/inst/grp_p_shadowquilt_main_loop_make_verticle_strip_fu_565/grp_makePatch_alignedToLine_fu_1322/grp_alignedtoline_per_layer_loop8_fu_183/grp_p_find_boundaries_and_starting_index_and_value9_fu_922/p_find_left_and_right_boundaries11_U0/trunc_ln565_2_reg_2793_reg[29]/C
                            (rising edge-triggered cell FDRE clocked by ap_clk  {rise@0.000ns fall@5.000ns period=10.000ns})
  Destination:            bd_0_i/hls_inst/inst/grp_p_shadowquilt_main_loop_make_verticle_strip_fu_565/grp_makePatch_alignedToLine_fu_1322/grp_alignedtoline_per_layer_loop8_fu_183/grp_p_find_boundaries_and_starting_index_and_value9_fu_922/p_find_left_and_right_boundaries11_U0/p_Result_91_reg_2542_reg[0]/D
                            (rising edge-triggered cell FDRE clocked by ap_clk  {rise@0.000ns fall@5.000ns period=10.000ns})
  Path Group:             ap_clk
  Path Type:              Setup (Max at Slow Process Corner)
  Requirement:            10.000ns  (ap_clk rise@10.000ns - ap_clk rise@0.000ns)
  Data Path Delay:        7.646ns  (logic 2.229ns (29.152%)  route 5.417ns (70.848%))
  Logic Levels:           22  (CARRY4=9 LUT1=2 LUT2=1 LUT5=4 LUT6=6)
  Clock Path Skew:        -0.025ns (DCD - SCD + CPR)
    Destination Clock Delay (DCD):    0.483ns = ( 10.483 - 10.000 ) 
    Source Clock Delay      (SCD):    0.508ns
    Clock Pessimism Removal (CPR):    0.000ns
  Clock Uncertainty:      0.035ns  ((TSJ^2 + TIJ^2)^1/2 + DJ) / 2 + PE
    Total System Jitter     (TSJ):    0.071ns
    Total Input Jitter      (TIJ):    0.000ns
    Discrete Jitter          (DJ):    0.000ns
    Phase Error              (PE):    0.000ns

    Location             Delay type                Incr(ns)  Path(ns)    Netlist Resource(s)
  -------------------------------------------------------------------    -------------------
                         (clock ap_clk rise edge)     0.000     0.000 r  
                                                      0.000     0.000 r  ap_clk (IN)
                         net (fo=16362, unset)        0.508     0.508    bd_0_i/hls_inst/inst/grp_p_shadowquilt_main_loop_make_verticle_strip_fu_565/grp_makePatch_alignedToLine_fu_1322/grp_alignedtoline_per_layer_loop8_fu_183/grp_p_find_boundaries_and_starting_index_and_value9_fu_922/p_find_left_and_right_boundaries11_U0/ap_clk
    SLICE_X109Y165       FDRE                                         r  bd_0_i/hls_inst/inst/grp_p_shadowquilt_main_loop_make_verticle_strip_fu_565/grp_makePatch_alignedToLine_fu_1322/grp_alignedtoline_per_layer_loop8_fu_183/grp_p_find_boundaries_and_starting_index_and_value9_fu_922/p_find_left_and_right_boundaries11_U0/trunc_ln565_2_reg_2793_reg[29]/C
  -------------------------------------------------------------------    -------------------
    SLICE_X109Y165       FDRE (Prop_fdre_C_Q)         0.216     0.724 f  bd_0_i/hls_inst/inst/grp_p_shadowquilt_main_loop_make_verticle_strip_fu_565/grp_makePatch_alignedToLine_fu_1322/grp_alignedtoline_per_layer_loop8_fu_183/grp_p_find_boundaries_and_starting_index_and_value9_fu_922/p_find_left_and_right_boundaries11_U0/trunc_ln565_2_reg_2793_reg[29]/Q
                         net (fo=6, routed)           0.311     1.035    bd_0_i/hls_inst/inst/grp_p_shadowquilt_main_loop_make_verticle_strip_fu_565/grp_makePatch_alignedToLine_fu_1322/grp_alignedtoline_per_layer_loop8_fu_183/grp_p_find_boundaries_and_starting_index_and_value9_fu_922/p_find_left_and_right_boundaries11_U0/zext_ln569_2_fu_2151_p1[29]
    SLICE_X111Y165       LUT1 (Prop_lut1_I0_O)        0.043     1.078 r  bd_0_i/hls_inst/inst/grp_p_shadowquilt_main_loop_make_verticle_strip_fu_565/grp_makePatch_alignedToLine_fu_1322/grp_alignedtoline_per_layer_loop8_fu_183/grp_p_find_boundaries_and_starting_index_and_value9_fu_922/p_find_left_and_right_boundaries11_U0/m_51_reg_2513[28]_i_24/O
                         net (fo=1, routed)           0.100     1.178    bd_0_i/hls_inst/inst/grp_p_shadowquilt_main_loop_make_verticle_strip_fu_565/grp_makePatch_alignedToLine_fu_1322/grp_alignedtoline_per_layer_loop8_fu_183/grp_p_find_boundaries_and_starting_index_and_value9_fu_922/p_find_left_and_right_boundaries11_U0/m_51_reg_2513[28]_i_24_n_17
    SLICE_X110Y165       CARRY4 (Prop_carry4_CYINIT_CO[3])
                                                      0.279     1.457 r  bd_0_i/hls_inst/inst/grp_p_shadowquilt_main_loop_make_verticle_strip_fu_565/grp_makePatch_alignedToLine_fu_1322/grp_alignedtoline_per_layer_loop8_fu_183/grp_p_find_boundaries_and_starting_index_and_value9_fu_922/p_find_left_and_right_boundaries11_U0/m_51_reg_2513_reg[28]_i_13/CO[3]
                         net (fo=1, routed)           0.000     1.457    bd_0_i/hls_inst/inst/grp_p_shadowquilt_main_loop_make_verticle_strip_fu_565/grp_makePatch_alignedToLine_fu_1322/grp_alignedtoline_per_layer_loop8_fu_183/grp_p_find_boundaries_and_starting_index_and_value9_fu_922/p_find_left_and_right_boundaries11_U0/m_51_reg_2513_reg[28]_i_13_n_17
    SLICE_X110Y166       CARRY4 (Prop_carry4_CI_CO[3])
                                                      0.049     1.506 r  bd_0_i/hls_inst/inst/grp_p_shadowquilt_main_loop_make_verticle_strip_fu_565/grp_makePatch_alignedToLine_fu_1322/grp_alignedtoline_per_layer_loop8_fu_183/grp_p_find_boundaries_and_starting_index_and_value9_fu_922/p_find_left_and_right_boundaries11_U0/m_51_reg_2513_reg[0]_i_44/CO[3]
                         net (fo=1, routed)           0.000     1.506    bd_0_i/hls_inst/inst/grp_p_shadowquilt_main_loop_make_verticle_strip_fu_565/grp_makePatch_alignedToLine_fu_1322/grp_alignedtoline_per_layer_loop8_fu_183/grp_p_find_boundaries_and_starting_index_and_value9_fu_922/p_find_left_and_right_boundaries11_U0/m_51_reg_2513_reg[0]_i_44_n_17
    SLICE_X110Y167       CARRY4 (Prop_carry4_CI_O[0])
                                                      0.104     1.610 f  bd_0_i/hls_inst/inst/grp_p_shadowquilt_main_loop_make_verticle_strip_fu_565/grp_makePatch_alignedToLine_fu_1322/grp_alignedtoline_per_layer_loop8_fu_183/grp_p_find_boundaries_and_starting_index_and_value9_fu_922/p_find_left_and_right_boundaries11_U0/m_51_reg_2513_reg[0]_i_41/O[0]
                         net (fo=4, routed)           0.435     2.045    bd_0_i/hls_inst/inst/grp_p_shadowquilt_main_loop_make_verticle_strip_fu_565/grp_makePatch_alignedToLine_fu_1322/grp_alignedtoline_per_layer_loop8_fu_183/grp_p_find_boundaries_and_starting_index_and_value9_fu_922/p_find_left_and_right_boundaries11_U0/man_V_9_fu_2155_p2[38]
    SLICE_X114Y169       LUT5 (Prop_lut5_I2_O)        0.128     2.173 f  bd_0_i/hls_inst/inst/grp_p_shadowquilt_main_loop_make_verticle_strip_fu_565/grp_makePatch_alignedToLine_fu_1322/grp_alignedtoline_per_layer_loop8_fu_183/grp_p_find_boundaries_and_starting_index_and_value9_fu_922/p_find_left_and_right_boundaries11_U0/lbVal_constprop[6]_i_4/O
                         net (fo=1, routed)           0.305     2.478    bd_0_i/hls_inst/inst/grp_p_shadowquilt_main_loop_make_verticle_strip_fu_565/grp_makePatch_alignedToLine_fu_1322/grp_alignedtoline_per_layer_loop8_fu_183/grp_p_find_boundaries_and_starting_index_and_value9_fu_922/p_find_left_and_right_boundaries11_U0/lbVal_constprop[6]_i_4_n_17
    SLICE_X116Y169       LUT6 (Prop_lut6_I5_O)        0.132     2.610 f  bd_0_i/hls_inst/inst/grp_p_shadowquilt_main_loop_make_verticle_strip_fu_565/grp_makePatch_alignedToLine_fu_1322/grp_alignedtoline_per_layer_loop8_fu_183/grp_p_find_boundaries_and_starting_index_and_value9_fu_922/p_find_left_and_right_boundaries11_U0/lbVal_constprop[6]_i_3/O
                         net (fo=4, routed)           0.257     2.867    bd_0_i/hls_inst/inst/grp_p_shadowquilt_main_loop_make_verticle_strip_fu_565/grp_makePatch_alignedToLine_fu_1322/grp_alignedtoline_per_layer_loop8_fu_183/grp_p_find_boundaries_and_starting_index_and_value9_fu_922/p_find_left_and_right_boundaries11_U0/lbVal_constprop[6]_i_3_n_17
    SLICE_X115Y169       LUT5 (Prop_lut5_I0_O)        0.043     2.910 f  bd_0_i/hls_inst/inst/grp_p_shadowquilt_main_loop_make_verticle_strip_fu_565/grp_makePatch_alignedToLine_fu_1322/grp_alignedtoline_per_layer_loop8_fu_183/grp_p_find_boundaries_and_starting_index_and_value9_fu_922/p_find_left_and_right_boundaries11_U0/m_51_reg_2513[0]_i_10/O
                         net (fo=1, routed)           0.286     3.197    bd_0_i/hls_inst/inst/grp_p_shadowquilt_main_loop_make_verticle_strip_fu_565/grp_makePatch_alignedToLine_fu_1322/grp_alignedtoline_per_layer_loop8_fu_183/grp_p_find_boundaries_and_starting_index_and_value9_fu_922/p_find_left_and_right_boundaries11_U0/m_51_reg_2513[0]_i_10_n_17
    SLICE_X115Y168       LUT6 (Prop_lut6_I5_O)        0.043     3.240 r  bd_0_i/hls_inst/inst/grp_p_shadowquilt_main_loop_make_verticle_strip_fu_565/grp_makePatch_alignedToLine_fu_1322/grp_alignedtoline_per_layer_loop8_fu_183/grp_p_find_boundaries_and_starting_index_and_value9_fu_922/p_find_left_and_right_boundaries11_U0/m_51_reg_2513[0]_i_3/O
                         net (fo=1, routed)           0.423     3.663    bd_0_i/hls_inst/inst/grp_p_shadowquilt_main_loop_make_verticle_strip_fu_565/grp_makePatch_alignedToLine_fu_1322/grp_alignedtoline_per_layer_loop8_fu_183/grp_p_find_boundaries_and_starting_index_and_value9_fu_922/p_find_left_and_right_boundaries11_U0/m_51_reg_2513[0]_i_3_n_17
    SLICE_X115Y162       LUT6 (Prop_lut6_I3_O)        0.043     3.706 f  bd_0_i/hls_inst/inst/grp_p_shadowquilt_main_loop_make_verticle_strip_fu_565/grp_makePatch_alignedToLine_fu_1322/grp_alignedtoline_per_layer_loop8_fu_183/grp_p_find_boundaries_and_starting_index_and_value9_fu_922/p_find_left_and_right_boundaries11_U0/m_51_reg_2513[0]_i_1/O
                         net (fo=9, routed)           0.394     4.100    bd_0_i/hls_inst/inst/grp_p_shadowquilt_main_loop_make_verticle_strip_fu_565/grp_makePatch_alignedToLine_fu_1322/grp_alignedtoline_per_layer_loop8_fu_183/grp_p_find_boundaries_and_starting_index_and_value9_fu_922/p_find_left_and_right_boundaries11_U0/lbVal_constprop_reg[0][0]
    SLICE_X117Y160       LUT1 (Prop_lut1_I0_O)        0.043     4.143 r  bd_0_i/hls_inst/inst/grp_p_shadowquilt_main_loop_make_verticle_strip_fu_565/grp_makePatch_alignedToLine_fu_1322/grp_alignedtoline_per_layer_loop8_fu_183/grp_p_find_boundaries_and_starting_index_and_value9_fu_922/p_find_left_and_right_boundaries11_U0/m_51_reg_2513[4]_i_4/O
                         net (fo=1, routed)           0.274     4.417    bd_0_i/hls_inst/inst/grp_p_shadowquilt_main_loop_make_verticle_strip_fu_565/grp_makePatch_alignedToLine_fu_1322/grp_alignedtoline_per_layer_loop8_fu_183/grp_p_find_boundaries_and_starting_index_and_value9_fu_922/p_find_left_and_right_boundaries11_U0/m_51_reg_2513[4]_i_4_n_17
    SLICE_X114Y157       CARRY4 (Prop_carry4_CYINIT_CO[3])
                                                      0.289     4.706 r  bd_0_i/hls_inst/inst/grp_p_shadowquilt_main_loop_make_verticle_strip_fu_565/grp_makePatch_alignedToLine_fu_1322/grp_alignedtoline_per_layer_loop8_fu_183/grp_p_find_boundaries_and_starting_index_and_value9_fu_922/p_find_left_and_right_boundaries11_U0/m_51_reg_2513_reg[4]_i_2/CO[3]
                         net (fo=1, routed)           0.000     4.706    bd_0_i/hls_inst/inst/grp_p_shadowquilt_main_loop_make_verticle_strip_fu_565/grp_makePatch_alignedToLine_fu_1322/grp_alignedtoline_per_layer_loop8_fu_183/grp_p_find_boundaries_and_starting_index_and_value9_fu_922/p_find_left_and_right_boundaries11_U0/m_51_reg_2513_reg[4]_i_2_n_17
    SLICE_X114Y158       CARRY4 (Prop_carry4_CI_CO[3])
                                                      0.050     4.756 r  bd_0_i/hls_inst/inst/grp_p_shadowquilt_main_loop_make_verticle_strip_fu_565/grp_makePatch_alignedToLine_fu_1322/grp_alignedtoline_per_layer_loop8_fu_183/grp_p_find_boundaries_and_starting_index_and_value9_fu_922/p_find_left_and_right_boundaries11_U0/m_51_reg_2513_reg[8]_i_2/CO[3]
                         net (fo=1, routed)           0.000     4.756    bd_0_i/hls_inst/inst/grp_p_shadowquilt_main_loop_make_verticle_strip_fu_565/grp_makePatch_alignedToLine_fu_1322/grp_alignedtoline_per_layer_loop8_fu_183/grp_p_find_boundaries_and_starting_index_and_value9_fu_922/p_find_left_and_right_boundaries11_U0/m_51_reg_2513_reg[8]_i_2_n_17
    SLICE_X114Y159       CARRY4 (Prop_carry4_CI_CO[3])
                                                      0.050     4.806 r  bd_0_i/hls_inst/inst/grp_p_shadowquilt_main_loop_make_verticle_strip_fu_565/grp_makePatch_alignedToLine_fu_1322/grp_alignedtoline_per_layer_loop8_fu_183/grp_p_find_boundaries_and_starting_index_and_value9_fu_922/p_find_left_and_right_boundaries11_U0/m_51_reg_2513_reg[12]_i_2/CO[3]
                         net (fo=1, routed)           0.000     4.806    bd_0_i/hls_inst/inst/grp_p_shadowquilt_main_loop_make_verticle_strip_fu_565/grp_makePatch_alignedToLine_fu_1322/grp_alignedtoline_per_layer_loop8_fu_183/grp_p_find_boundaries_and_starting_index_and_value9_fu_922/p_find_left_and_right_boundaries11_U0/m_51_reg_2513_reg[12]_i_2_n_17
    SLICE_X114Y160       CARRY4 (Prop_carry4_CI_CO[3])
                                                      0.050     4.856 r  bd_0_i/hls_inst/inst/grp_p_shadowquilt_main_loop_make_verticle_strip_fu_565/grp_makePatch_alignedToLine_fu_1322/grp_alignedtoline_per_layer_loop8_fu_183/grp_p_find_boundaries_and_starting_index_and_value9_fu_922/p_find_left_and_right_boundaries11_U0/m_51_reg_2513_reg[16]_i_2/CO[3]
                         net (fo=1, routed)           0.000     4.856    bd_0_i/hls_inst/inst/grp_p_shadowquilt_main_loop_make_verticle_strip_fu_565/grp_makePatch_alignedToLine_fu_1322/grp_alignedtoline_per_layer_loop8_fu_183/grp_p_find_boundaries_and_starting_index_and_value9_fu_922/p_find_left_and_right_boundaries11_U0/m_51_reg_2513_reg[16]_i_2_n_17
    SLICE_X114Y161       CARRY4 (Prop_carry4_CI_CO[3])
                                                      0.050     4.906 r  bd_0_i/hls_inst/inst/grp_p_shadowquilt_main_loop_make_verticle_strip_fu_565/grp_makePatch_alignedToLine_fu_1322/grp_alignedtoline_per_layer_loop8_fu_183/grp_p_find_boundaries_and_starting_index_and_value9_fu_922/p_find_left_and_right_boundaries11_U0/m_51_reg_2513_reg[20]_i_2/CO[3]
                         net (fo=1, routed)           0.000     4.906    bd_0_i/hls_inst/inst/grp_p_shadowquilt_main_loop_make_verticle_strip_fu_565/grp_makePatch_alignedToLine_fu_1322/grp_alignedtoline_per_layer_loop8_fu_183/grp_p_find_boundaries_and_starting_index_and_value9_fu_922/p_find_left_and_right_boundaries11_U0/m_51_reg_2513_reg[20]_i_2_n_17
    SLICE_X114Y162       CARRY4 (Prop_carry4_CI_O[0])
                                                      0.102     5.008 f  bd_0_i/hls_inst/inst/grp_p_shadowquilt_main_loop_make_verticle_strip_fu_565/grp_makePatch_alignedToLine_fu_1322/grp_alignedtoline_per_layer_loop8_fu_183/grp_p_find_boundaries_and_starting_index_and_value9_fu_922/p_find_left_and_right_boundaries11_U0/m_51_reg_2513_reg[24]_i_2/O[0]
                         net (fo=4, routed)           0.507     5.515    bd_0_i/hls_inst/inst/grp_p_shadowquilt_main_loop_make_verticle_strip_fu_565/grp_makePatch_alignedToLine_fu_1322/grp_alignedtoline_per_layer_loop8_fu_183/grp_p_find_boundaries_and_starting_index_and_value9_fu_922/p_find_left_and_right_boundaries11_U0/tmp_V_11_fu_915_p2[21]
    SLICE_X112Y160       LUT5 (Prop_lut5_I1_O)        0.124     5.639 f  bd_0_i/hls_inst/inst/grp_p_shadowquilt_main_loop_make_verticle_strip_fu_565/grp_makePatch_alignedToLine_fu_1322/grp_alignedtoline_per_layer_loop8_fu_183/grp_p_find_boundaries_and_starting_index_and_value9_fu_922/p_find_left_and_right_boundaries11_U0/sub_ln947_3_reg_2537[0]_i_7/O
                         net (fo=2, routed)           0.430     6.069    bd_0_i/hls_inst/inst/grp_p_shadowquilt_main_loop_make_verticle_strip_fu_565/grp_makePatch_alignedToLine_fu_1322/grp_alignedtoline_per_layer_loop8_fu_183/grp_p_find_boundaries_and_starting_index_and_value9_fu_922/p_find_left_and_right_boundaries11_U0/sub_ln947_3_reg_2537[0]_i_7_n_17
    SLICE_X113Y158       LUT5 (Prop_lut5_I3_O)        0.129     6.198 f  bd_0_i/hls_inst/inst/grp_p_shadowquilt_main_loop_make_verticle_strip_fu_565/grp_makePatch_alignedToLine_fu_1322/grp_alignedtoline_per_layer_loop8_fu_183/grp_p_find_boundaries_and_starting_index_and_value9_fu_922/p_find_left_and_right_boundaries11_U0/sub_ln947_3_reg_2537[0]_i_5/O
                         net (fo=2, routed)           0.355     6.553    bd_0_i/hls_inst/inst/grp_p_shadowquilt_main_loop_make_verticle_strip_fu_565/grp_makePatch_alignedToLine_fu_1322/grp_alignedtoline_per_layer_loop8_fu_183/grp_p_find_boundaries_and_starting_index_and_value9_fu_922/p_find_left_and_right_boundaries11_U0/sub_ln947_3_reg_2537[0]_i_5_n_17
    SLICE_X113Y159       LUT6 (Prop_lut6_I4_O)        0.043     6.596 r  bd_0_i/hls_inst/inst/grp_p_shadowquilt_main_loop_make_verticle_strip_fu_565/grp_makePatch_alignedToLine_fu_1322/grp_alignedtoline_per_layer_loop8_fu_183/grp_p_find_boundaries_and_starting_index_and_value9_fu_922/p_find_left_and_right_boundaries11_U0/trunc_ln943_3_reg_2548[0]_i_1/O
                         net (fo=9, routed)           0.606     7.202    bd_0_i/hls_inst/inst/grp_p_shadowquilt_main_loop_make_verticle_strip_fu_565/grp_makePatch_alignedToLine_fu_1322/grp_alignedtoline_per_layer_loop8_fu_183/grp_p_find_boundaries_and_starting_index_and_value9_fu_922/p_find_left_and_right_boundaries11_U0/trunc_ln943_3_reg_2548[0]_i_1_n_17
    SLICE_X113Y156       LUT2 (Prop_lut2_I1_O)        0.050     7.252 r  bd_0_i/hls_inst/inst/grp_p_shadowquilt_main_loop_make_verticle_strip_fu_565/grp_makePatch_alignedToLine_fu_1322/grp_alignedtoline_per_layer_loop8_fu_183/grp_p_find_boundaries_and_starting_index_and_value9_fu_922/p_find_left_and_right_boundaries11_U0/sub_ln944_3_reg_2519[1]_i_1/O
                         net (fo=5, routed)           0.526     7.778    bd_0_i/hls_inst/inst/grp_p_shadowquilt_main_loop_make_verticle_strip_fu_565/grp_makePatch_alignedToLine_fu_1322/grp_alignedtoline_per_layer_loop8_fu_183/grp_p_find_boundaries_and_starting_index_and_value9_fu_922/p_find_left_and_right_boundaries11_U0/sub_ln944_3_fu_947_p2[1]
    SLICE_X114Y156       LUT6 (Prop_lut6_I4_O)        0.126     7.904 r  bd_0_i/hls_inst/inst/grp_p_shadowquilt_main_loop_make_verticle_strip_fu_565/grp_makePatch_alignedToLine_fu_1322/grp_alignedtoline_per_layer_loop8_fu_183/grp_p_find_boundaries_and_starting_index_and_value9_fu_922/p_find_left_and_right_boundaries11_U0/p_Result_91_reg_2542[0]_i_3/O
                         net (fo=1, routed)           0.207     8.111    bd_0_i/hls_inst/inst/grp_p_shadowquilt_main_loop_make_verticle_strip_fu_565/grp_makePatch_alignedToLine_fu_1322/grp_alignedtoline_per_layer_loop8_fu_183/grp_p_find_boundaries_and_starting_index_and_value9_fu_922/p_find_left_and_right_boundaries11_U0/p_Result_91_reg_2542[0]_i_3_n_17
    SLICE_X113Y156       LUT6 (Prop_lut6_I2_O)        0.043     8.154 r  bd_0_i/hls_inst/inst/grp_p_shadowquilt_main_loop_make_verticle_strip_fu_565/grp_makePatch_alignedToLine_fu_1322/grp_alignedtoline_per_layer_loop8_fu_183/grp_p_find_boundaries_and_starting_index_and_value9_fu_922/p_find_left_and_right_boundaries11_U0/p_Result_91_reg_2542[0]_i_1/O
                         net (fo=1, routed)           0.000     8.154    bd_0_i/hls_inst/inst/grp_p_shadowquilt_main_loop_make_verticle_strip_fu_565/grp_makePatch_alignedToLine_fu_1322/grp_alignedtoline_per_layer_loop8_fu_183/grp_p_find_boundaries_and_starting_index_and_value9_fu_922/p_find_left_and_right_boundaries11_U0/p_Result_91_fu_979_p3
    SLICE_X113Y156       FDRE                                         r  bd_0_i/hls_inst/inst/grp_p_shadowquilt_main_loop_make_verticle_strip_fu_565/grp_makePatch_alignedToLine_fu_1322/grp_alignedtoline_per_layer_loop8_fu_183/grp_p_find_boundaries_and_starting_index_and_value9_fu_922/p_find_left_and_right_boundaries11_U0/p_Result_91_reg_2542_reg[0]/D
  -------------------------------------------------------------------    -------------------

                         (clock ap_clk rise edge)    10.000    10.000 r  
                                                      0.000    10.000 r  ap_clk (IN)
                         net (fo=16362, unset)        0.483    10.483    bd_0_i/hls_inst/inst/grp_p_shadowquilt_main_loop_make_verticle_strip_fu_565/grp_makePatch_alignedToLine_fu_1322/grp_alignedtoline_per_layer_loop8_fu_183/grp_p_find_boundaries_and_starting_index_and_value9_fu_922/p_find_left_and_right_boundaries11_U0/ap_clk
    SLICE_X113Y156       FDRE                                         r  bd_0_i/hls_inst/inst/grp_p_shadowquilt_main_loop_make_verticle_strip_fu_565/grp_makePatch_alignedToLine_fu_1322/grp_alignedtoline_per_layer_loop8_fu_183/grp_p_find_boundaries_and_starting_index_and_value9_fu_922/p_find_left_and_right_boundaries11_U0/p_Result_91_reg_2542_reg[0]/C
                         clock pessimism              0.000    10.483    
                         clock uncertainty           -0.035    10.447    
    SLICE_X113Y156       FDRE (Setup_fdre_C_D)        0.031    10.478    bd_0_i/hls_inst/inst/grp_p_shadowquilt_main_loop_make_verticle_strip_fu_565/grp_makePatch_alignedToLine_fu_1322/grp_alignedtoline_per_layer_loop8_fu_183/grp_p_find_boundaries_and_starting_index_and_value9_fu_922/p_find_left_and_right_boundaries11_U0/p_Result_91_reg_2542_reg[0]
  -------------------------------------------------------------------
                         required time                         10.478    
                         arrival time                          -8.154    
  -------------------------------------------------------------------
                         slack                                  2.324    

Slack (MET) :             2.375ns  (required time - arrival time)
  Source:                 bd_0_i/hls_inst/inst/grp_p_shadowquilt_main_loop_make_verticle_strip_fu_565/grp_makePatch_alignedToLine_fu_1322/grp_alignedtoline_per_layer_loop8_fu_183/grp_p_find_boundaries_and_starting_index_and_value9_fu_922/p_find_left_and_right_boundaries11_U0/trunc_ln565_2_reg_2793_reg[29]/C
                            (rising edge-triggered cell FDRE clocked by ap_clk  {rise@0.000ns fall@5.000ns period=10.000ns})
  Destination:            bd_0_i/hls_inst/inst/grp_p_shadowquilt_main_loop_make_verticle_strip_fu_565/grp_makePatch_alignedToLine_fu_1322/grp_alignedtoline_per_layer_loop8_fu_183/grp_p_find_boundaries_and_starting_index_and_value9_fu_922/p_find_left_and_right_boundaries11_U0/sub_ln947_3_reg_2537_reg[3]/D
                            (rising edge-triggered cell FDRE clocked by ap_clk  {rise@0.000ns fall@5.000ns period=10.000ns})
  Path Group:             ap_clk
  Path Type:              Setup (Max at Slow Process Corner)
  Requirement:            10.000ns  (ap_clk rise@10.000ns - ap_clk rise@0.000ns)
  Data Path Delay:        7.616ns  (logic 2.330ns (30.592%)  route 5.286ns (69.408%))
  Logic Levels:           22  (CARRY4=9 LUT1=2 LUT2=2 LUT4=1 LUT5=4 LUT6=4)
  Clock Path Skew:        -0.025ns (DCD - SCD + CPR)
    Destination Clock Delay (DCD):    0.483ns = ( 10.483 - 10.000 ) 
    Source Clock Delay      (SCD):    0.508ns
    Clock Pessimism Removal (CPR):    0.000ns
  Clock Uncertainty:      0.035ns  ((TSJ^2 + TIJ^2)^1/2 + DJ) / 2 + PE
    Total System Jitter     (TSJ):    0.071ns
    Total Input Jitter      (TIJ):    0.000ns
    Discrete Jitter          (DJ):    0.000ns
    Phase Error              (PE):    0.000ns

    Location             Delay type                Incr(ns)  Path(ns)    Netlist Resource(s)
  -------------------------------------------------------------------    -------------------
                         (clock ap_clk rise edge)     0.000     0.000 r  
                                                      0.000     0.000 r  ap_clk (IN)
                         net (fo=16362, unset)        0.508     0.508    bd_0_i/hls_inst/inst/grp_p_shadowquilt_main_loop_make_verticle_strip_fu_565/grp_makePatch_alignedToLine_fu_1322/grp_alignedtoline_per_layer_loop8_fu_183/grp_p_find_boundaries_and_starting_index_and_value9_fu_922/p_find_left_and_right_boundaries11_U0/ap_clk
    SLICE_X109Y165       FDRE                                         r  bd_0_i/hls_inst/inst/grp_p_shadowquilt_main_loop_make_verticle_strip_fu_565/grp_makePatch_alignedToLine_fu_1322/grp_alignedtoline_per_layer_loop8_fu_183/grp_p_find_boundaries_and_starting_index_and_value9_fu_922/p_find_left_and_right_boundaries11_U0/trunc_ln565_2_reg_2793_reg[29]/C
  -------------------------------------------------------------------    -------------------
    SLICE_X109Y165       FDRE (Prop_fdre_C_Q)         0.216     0.724 f  bd_0_i/hls_inst/inst/grp_p_shadowquilt_main_loop_make_verticle_strip_fu_565/grp_makePatch_alignedToLine_fu_1322/grp_alignedtoline_per_layer_loop8_fu_183/grp_p_find_boundaries_and_starting_index_and_value9_fu_922/p_find_left_and_right_boundaries11_U0/trunc_ln565_2_reg_2793_reg[29]/Q
                         net (fo=6, routed)           0.311     1.035    bd_0_i/hls_inst/inst/grp_p_shadowquilt_main_loop_make_verticle_strip_fu_565/grp_makePatch_alignedToLine_fu_1322/grp_alignedtoline_per_layer_loop8_fu_183/grp_p_find_boundaries_and_starting_index_and_value9_fu_922/p_find_left_and_right_boundaries11_U0/zext_ln569_2_fu_2151_p1[29]
    SLICE_X111Y165       LUT1 (Prop_lut1_I0_O)        0.043     1.078 r  bd_0_i/hls_inst/inst/grp_p_shadowquilt_main_loop_make_verticle_strip_fu_565/grp_makePatch_alignedToLine_fu_1322/grp_alignedtoline_per_layer_loop8_fu_183/grp_p_find_boundaries_and_starting_index_and_value9_fu_922/p_find_left_and_right_boundaries11_U0/m_51_reg_2513[28]_i_24/O
                         net (fo=1, routed)           0.100     1.178    bd_0_i/hls_inst/inst/grp_p_shadowquilt_main_loop_make_verticle_strip_fu_565/grp_makePatch_alignedToLine_fu_1322/grp_alignedtoline_per_layer_loop8_fu_183/grp_p_find_boundaries_and_starting_index_and_value9_fu_922/p_find_left_and_right_boundaries11_U0/m_51_reg_2513[28]_i_24_n_17
    SLICE_X110Y165       CARRY4 (Prop_carry4_CYINIT_CO[3])
                                                      0.279     1.457 r  bd_0_i/hls_inst/inst/grp_p_shadowquilt_main_loop_make_verticle_strip_fu_565/grp_makePatch_alignedToLine_fu_1322/grp_alignedtoline_per_layer_loop8_fu_183/grp_p_find_boundaries_and_starting_index_and_value9_fu_922/p_find_left_and_right_boundaries11_U0/m_51_reg_2513_reg[28]_i_13/CO[3]
                         net (fo=1, routed)           0.000     1.457    bd_0_i/hls_inst/inst/grp_p_shadowquilt_main_loop_make_verticle_strip_fu_565/grp_makePatch_alignedToLine_fu_1322/grp_alignedtoline_per_layer_loop8_fu_183/grp_p_find_boundaries_and_starting_index_and_value9_fu_922/p_find_left_and_right_boundaries11_U0/m_51_reg_2513_reg[28]_i_13_n_17
    SLICE_X110Y166       CARRY4 (Prop_carry4_CI_CO[3])
                                                      0.049     1.506 r  bd_0_i/hls_inst/inst/grp_p_shadowquilt_main_loop_make_verticle_strip_fu_565/grp_makePatch_alignedToLine_fu_1322/grp_alignedtoline_per_layer_loop8_fu_183/grp_p_find_boundaries_and_starting_index_and_value9_fu_922/p_find_left_and_right_boundaries11_U0/m_51_reg_2513_reg[0]_i_44/CO[3]
                         net (fo=1, routed)           0.000     1.506    bd_0_i/hls_inst/inst/grp_p_shadowquilt_main_loop_make_verticle_strip_fu_565/grp_makePatch_alignedToLine_fu_1322/grp_alignedtoline_per_layer_loop8_fu_183/grp_p_find_boundaries_and_starting_index_and_value9_fu_922/p_find_left_and_right_boundaries11_U0/m_51_reg_2513_reg[0]_i_44_n_17
    SLICE_X110Y167       CARRY4 (Prop_carry4_CI_O[0])
                                                      0.104     1.610 f  bd_0_i/hls_inst/inst/grp_p_shadowquilt_main_loop_make_verticle_strip_fu_565/grp_makePatch_alignedToLine_fu_1322/grp_alignedtoline_per_layer_loop8_fu_183/grp_p_find_boundaries_and_starting_index_and_value9_fu_922/p_find_left_and_right_boundaries11_U0/m_51_reg_2513_reg[0]_i_41/O[0]
                         net (fo=4, routed)           0.435     2.045    bd_0_i/hls_inst/inst/grp_p_shadowquilt_main_loop_make_verticle_strip_fu_565/grp_makePatch_alignedToLine_fu_1322/grp_alignedtoline_per_layer_loop8_fu_183/grp_p_find_boundaries_and_starting_index_and_value9_fu_922/p_find_left_and_right_boundaries11_U0/man_V_9_fu_2155_p2[38]
    SLICE_X114Y169       LUT5 (Prop_lut5_I2_O)        0.128     2.173 f  bd_0_i/hls_inst/inst/grp_p_shadowquilt_main_loop_make_verticle_strip_fu_565/grp_makePatch_alignedToLine_fu_1322/grp_alignedtoline_per_layer_loop8_fu_183/grp_p_find_boundaries_and_starting_index_and_value9_fu_922/p_find_left_and_right_boundaries11_U0/lbVal_constprop[6]_i_4/O
                         net (fo=1, routed)           0.305     2.478    bd_0_i/hls_inst/inst/grp_p_shadowquilt_main_loop_make_verticle_strip_fu_565/grp_makePatch_alignedToLine_fu_1322/grp_alignedtoline_per_layer_loop8_fu_183/grp_p_find_boundaries_and_starting_index_and_value9_fu_922/p_find_left_and_right_boundaries11_U0/lbVal_constprop[6]_i_4_n_17
    SLICE_X116Y169       LUT6 (Prop_lut6_I5_O)        0.132     2.610 f  bd_0_i/hls_inst/inst/grp_p_shadowquilt_main_loop_make_verticle_strip_fu_565/grp_makePatch_alignedToLine_fu_1322/grp_alignedtoline_per_layer_loop8_fu_183/grp_p_find_boundaries_and_starting_index_and_value9_fu_922/p_find_left_and_right_boundaries11_U0/lbVal_constprop[6]_i_3/O
                         net (fo=4, routed)           0.257     2.867    bd_0_i/hls_inst/inst/grp_p_shadowquilt_main_loop_make_verticle_strip_fu_565/grp_makePatch_alignedToLine_fu_1322/grp_alignedtoline_per_layer_loop8_fu_183/grp_p_find_boundaries_and_starting_index_and_value9_fu_922/p_find_left_and_right_boundaries11_U0/lbVal_constprop[6]_i_3_n_17
    SLICE_X115Y169       LUT5 (Prop_lut5_I0_O)        0.043     2.910 f  bd_0_i/hls_inst/inst/grp_p_shadowquilt_main_loop_make_verticle_strip_fu_565/grp_makePatch_alignedToLine_fu_1322/grp_alignedtoline_per_layer_loop8_fu_183/grp_p_find_boundaries_and_starting_index_and_value9_fu_922/p_find_left_and_right_boundaries11_U0/m_51_reg_2513[0]_i_10/O
                         net (fo=1, routed)           0.286     3.197    bd_0_i/hls_inst/inst/grp_p_shadowquilt_main_loop_make_verticle_strip_fu_565/grp_makePatch_alignedToLine_fu_1322/grp_alignedtoline_per_layer_loop8_fu_183/grp_p_find_boundaries_and_starting_index_and_value9_fu_922/p_find_left_and_right_boundaries11_U0/m_51_reg_2513[0]_i_10_n_17
    SLICE_X115Y168       LUT6 (Prop_lut6_I5_O)        0.043     3.240 r  bd_0_i/hls_inst/inst/grp_p_shadowquilt_main_loop_make_verticle_strip_fu_565/grp_makePatch_alignedToLine_fu_1322/grp_alignedtoline_per_layer_loop8_fu_183/grp_p_find_boundaries_and_starting_index_and_value9_fu_922/p_find_left_and_right_boundaries11_U0/m_51_reg_2513[0]_i_3/O
                         net (fo=1, routed)           0.423     3.663    bd_0_i/hls_inst/inst/grp_p_shadowquilt_main_loop_make_verticle_strip_fu_565/grp_makePatch_alignedToLine_fu_1322/grp_alignedtoline_per_layer_loop8_fu_183/grp_p_find_boundaries_and_starting_index_and_value9_fu_922/p_find_left_and_right_boundaries11_U0/m_51_reg_2513[0]_i_3_n_17
    SLICE_X115Y162       LUT6 (Prop_lut6_I3_O)        0.043     3.706 f  bd_0_i/hls_inst/inst/grp_p_shadowquilt_main_loop_make_verticle_strip_fu_565/grp_makePatch_alignedToLine_fu_1322/grp_alignedtoline_per_layer_loop8_fu_183/grp_p_find_boundaries_and_starting_index_and_value9_fu_922/p_find_left_and_right_boundaries11_U0/m_51_reg_2513[0]_i_1/O
                         net (fo=9, routed)           0.394     4.100    bd_0_i/hls_inst/inst/grp_p_shadowquilt_main_loop_make_verticle_strip_fu_565/grp_makePatch_alignedToLine_fu_1322/grp_alignedtoline_per_layer_loop8_fu_183/grp_p_find_boundaries_and_starting_index_and_value9_fu_922/p_find_left_and_right_boundaries11_U0/lbVal_constprop_reg[0][0]
    SLICE_X117Y160       LUT1 (Prop_lut1_I0_O)        0.043     4.143 r  bd_0_i/hls_inst/inst/grp_p_shadowquilt_main_loop_make_verticle_strip_fu_565/grp_makePatch_alignedToLine_fu_1322/grp_alignedtoline_per_layer_loop8_fu_183/grp_p_find_boundaries_and_starting_index_and_value9_fu_922/p_find_left_and_right_boundaries11_U0/m_51_reg_2513[4]_i_4/O
                         net (fo=1, routed)           0.274     4.417    bd_0_i/hls_inst/inst/grp_p_shadowquilt_main_loop_make_verticle_strip_fu_565/grp_makePatch_alignedToLine_fu_1322/grp_alignedtoline_per_layer_loop8_fu_183/grp_p_find_boundaries_and_starting_index_and_value9_fu_922/p_find_left_and_right_boundaries11_U0/m_51_reg_2513[4]_i_4_n_17
    SLICE_X114Y157       CARRY4 (Prop_carry4_CYINIT_CO[3])
                                                      0.289     4.706 r  bd_0_i/hls_inst/inst/grp_p_shadowquilt_main_loop_make_verticle_strip_fu_565/grp_makePatch_alignedToLine_fu_1322/grp_alignedtoline_per_layer_loop8_fu_183/grp_p_find_boundaries_and_starting_index_and_value9_fu_922/p_find_left_and_right_boundaries11_U0/m_51_reg_2513_reg[4]_i_2/CO[3]
                         net (fo=1, routed)           0.000     4.706    bd_0_i/hls_inst/inst/grp_p_shadowquilt_main_loop_make_verticle_strip_fu_565/grp_makePatch_alignedToLine_fu_1322/grp_alignedtoline_per_layer_loop8_fu_183/grp_p_find_boundaries_and_starting_index_and_value9_fu_922/p_find_left_and_right_boundaries11_U0/m_51_reg_2513_reg[4]_i_2_n_17
    SLICE_X114Y158       CARRY4 (Prop_carry4_CI_CO[3])
                                                      0.050     4.756 r  bd_0_i/hls_inst/inst/grp_p_shadowquilt_main_loop_make_verticle_strip_fu_565/grp_makePatch_alignedToLine_fu_1322/grp_alignedtoline_per_layer_loop8_fu_183/grp_p_find_boundaries_and_starting_index_and_value9_fu_922/p_find_left_and_right_boundaries11_U0/m_51_reg_2513_reg[8]_i_2/CO[3]
                         net (fo=1, routed)           0.000     4.756    bd_0_i/hls_inst/inst/grp_p_shadowquilt_main_loop_make_verticle_strip_fu_565/grp_makePatch_alignedToLine_fu_1322/grp_alignedtoline_per_layer_loop8_fu_183/grp_p_find_boundaries_and_starting_index_and_value9_fu_922/p_find_left_and_right_boundaries11_U0/m_51_reg_2513_reg[8]_i_2_n_17
    SLICE_X114Y159       CARRY4 (Prop_carry4_CI_CO[3])
                                                      0.050     4.806 r  bd_0_i/hls_inst/inst/grp_p_shadowquilt_main_loop_make_verticle_strip_fu_565/grp_makePatch_alignedToLine_fu_1322/grp_alignedtoline_per_layer_loop8_fu_183/grp_p_find_boundaries_and_starting_index_and_value9_fu_922/p_find_left_and_right_boundaries11_U0/m_51_reg_2513_reg[12]_i_2/CO[3]
                         net (fo=1, routed)           0.000     4.806    bd_0_i/hls_inst/inst/grp_p_shadowquilt_main_loop_make_verticle_strip_fu_565/grp_makePatch_alignedToLine_fu_1322/grp_alignedtoline_per_layer_loop8_fu_183/grp_p_find_boundaries_and_starting_index_and_value9_fu_922/p_find_left_and_right_boundaries11_U0/m_51_reg_2513_reg[12]_i_2_n_17
    SLICE_X114Y160       CARRY4 (Prop_carry4_CI_CO[3])
                                                      0.050     4.856 r  bd_0_i/hls_inst/inst/grp_p_shadowquilt_main_loop_make_verticle_strip_fu_565/grp_makePatch_alignedToLine_fu_1322/grp_alignedtoline_per_layer_loop8_fu_183/grp_p_find_boundaries_and_starting_index_and_value9_fu_922/p_find_left_and_right_boundaries11_U0/m_51_reg_2513_reg[16]_i_2/CO[3]
                         net (fo=1, routed)           0.000     4.856    bd_0_i/hls_inst/inst/grp_p_shadowquilt_main_loop_make_verticle_strip_fu_565/grp_makePatch_alignedToLine_fu_1322/grp_alignedtoline_per_layer_loop8_fu_183/grp_p_find_boundaries_and_starting_index_and_value9_fu_922/p_find_left_and_right_boundaries11_U0/m_51_reg_2513_reg[16]_i_2_n_17
    SLICE_X114Y161       CARRY4 (Prop_carry4_CI_CO[3])
                                                      0.050     4.906 r  bd_0_i/hls_inst/inst/grp_p_shadowquilt_main_loop_make_verticle_strip_fu_565/grp_makePatch_alignedToLine_fu_1322/grp_alignedtoline_per_layer_loop8_fu_183/grp_p_find_boundaries_and_starting_index_and_value9_fu_922/p_find_left_and_right_boundaries11_U0/m_51_reg_2513_reg[20]_i_2/CO[3]
                         net (fo=1, routed)           0.000     4.906    bd_0_i/hls_inst/inst/grp_p_shadowquilt_main_loop_make_verticle_strip_fu_565/grp_makePatch_alignedToLine_fu_1322/grp_alignedtoline_per_layer_loop8_fu_183/grp_p_find_boundaries_and_starting_index_and_value9_fu_922/p_find_left_and_right_boundaries11_U0/m_51_reg_2513_reg[20]_i_2_n_17
    SLICE_X114Y162       CARRY4 (Prop_carry4_CI_O[0])
                                                      0.102     5.008 f  bd_0_i/hls_inst/inst/grp_p_shadowquilt_main_loop_make_verticle_strip_fu_565/grp_makePatch_alignedToLine_fu_1322/grp_alignedtoline_per_layer_loop8_fu_183/grp_p_find_boundaries_and_starting_index_and_value9_fu_922/p_find_left_and_right_boundaries11_U0/m_51_reg_2513_reg[24]_i_2/O[0]
                         net (fo=4, routed)           0.507     5.515    bd_0_i/hls_inst/inst/grp_p_shadowquilt_main_loop_make_verticle_strip_fu_565/grp_makePatch_alignedToLine_fu_1322/grp_alignedtoline_per_layer_loop8_fu_183/grp_p_find_boundaries_and_starting_index_and_value9_fu_922/p_find_left_and_right_boundaries11_U0/tmp_V_11_fu_915_p2[21]
    SLICE_X112Y160       LUT5 (Prop_lut5_I1_O)        0.124     5.639 f  bd_0_i/hls_inst/inst/grp_p_shadowquilt_main_loop_make_verticle_strip_fu_565/grp_makePatch_alignedToLine_fu_1322/grp_alignedtoline_per_layer_loop8_fu_183/grp_p_find_boundaries_and_starting_index_and_value9_fu_922/p_find_left_and_right_boundaries11_U0/sub_ln947_3_reg_2537[0]_i_7/O
                         net (fo=2, routed)           0.430     6.069    bd_0_i/hls_inst/inst/grp_p_shadowquilt_main_loop_make_verticle_strip_fu_565/grp_makePatch_alignedToLine_fu_1322/grp_alignedtoline_per_layer_loop8_fu_183/grp_p_find_boundaries_and_starting_index_and_value9_fu_922/p_find_left_and_right_boundaries11_U0/sub_ln947_3_reg_2537[0]_i_7_n_17
    SLICE_X113Y158       LUT5 (Prop_lut5_I3_O)        0.129     6.198 f  bd_0_i/hls_inst/inst/grp_p_shadowquilt_main_loop_make_verticle_strip_fu_565/grp_makePatch_alignedToLine_fu_1322/grp_alignedtoline_per_layer_loop8_fu_183/grp_p_find_boundaries_and_starting_index_and_value9_fu_922/p_find_left_and_right_boundaries11_U0/sub_ln947_3_reg_2537[0]_i_5/O
                         net (fo=2, routed)           0.355     6.553    bd_0_i/hls_inst/inst/grp_p_shadowquilt_main_loop_make_verticle_strip_fu_565/grp_makePatch_alignedToLine_fu_1322/grp_alignedtoline_per_layer_loop8_fu_183/grp_p_find_boundaries_and_starting_index_and_value9_fu_922/p_find_left_and_right_boundaries11_U0/sub_ln947_3_reg_2537[0]_i_5_n_17
    SLICE_X113Y159       LUT6 (Prop_lut6_I4_O)        0.043     6.596 r  bd_0_i/hls_inst/inst/grp_p_shadowquilt_main_loop_make_verticle_strip_fu_565/grp_makePatch_alignedToLine_fu_1322/grp_alignedtoline_per_layer_loop8_fu_183/grp_p_find_boundaries_and_starting_index_and_value9_fu_922/p_find_left_and_right_boundaries11_U0/trunc_ln943_3_reg_2548[0]_i_1/O
                         net (fo=9, routed)           0.606     7.202    bd_0_i/hls_inst/inst/grp_p_shadowquilt_main_loop_make_verticle_strip_fu_565/grp_makePatch_alignedToLine_fu_1322/grp_alignedtoline_per_layer_loop8_fu_183/grp_p_find_boundaries_and_starting_index_and_value9_fu_922/p_find_left_and_right_boundaries11_U0/trunc_ln943_3_reg_2548[0]_i_1_n_17
    SLICE_X113Y156       LUT2 (Prop_lut2_I1_O)        0.050     7.252 f  bd_0_i/hls_inst/inst/grp_p_shadowquilt_main_loop_make_verticle_strip_fu_565/grp_makePatch_alignedToLine_fu_1322/grp_alignedtoline_per_layer_loop8_fu_183/grp_p_find_boundaries_and_starting_index_and_value9_fu_922/p_find_left_and_right_boundaries11_U0/sub_ln944_3_reg_2519[1]_i_1/O
                         net (fo=5, routed)           0.307     7.558    bd_0_i/hls_inst/inst/grp_p_shadowquilt_main_loop_make_verticle_strip_fu_565/grp_makePatch_alignedToLine_fu_1322/grp_alignedtoline_per_layer_loop8_fu_183/grp_p_find_boundaries_and_starting_index_and_value9_fu_922/p_find_left_and_right_boundaries11_U0/sub_ln944_3_fu_947_p2[1]
    SLICE_X114Y156       LUT2 (Prop_lut2_I1_O)        0.133     7.691 r  bd_0_i/hls_inst/inst/grp_p_shadowquilt_main_loop_make_verticle_strip_fu_565/grp_makePatch_alignedToLine_fu_1322/grp_alignedtoline_per_layer_loop8_fu_183/grp_p_find_boundaries_and_starting_index_and_value9_fu_922/p_find_left_and_right_boundaries11_U0/sub_ln947_3_reg_2537[5]_i_2/O
                         net (fo=3, routed)           0.296     7.987    bd_0_i/hls_inst/inst/grp_p_shadowquilt_main_loop_make_verticle_strip_fu_565/grp_makePatch_alignedToLine_fu_1322/grp_alignedtoline_per_layer_loop8_fu_183/grp_p_find_boundaries_and_starting_index_and_value9_fu_922/p_find_left_and_right_boundaries11_U0/sub_ln947_3_reg_2537[5]_i_2_n_17
    SLICE_X112Y156       LUT4 (Prop_lut4_I2_O)        0.137     8.124 r  bd_0_i/hls_inst/inst/grp_p_shadowquilt_main_loop_make_verticle_strip_fu_565/grp_makePatch_alignedToLine_fu_1322/grp_alignedtoline_per_layer_loop8_fu_183/grp_p_find_boundaries_and_starting_index_and_value9_fu_922/p_find_left_and_right_boundaries11_U0/sub_ln947_3_reg_2537[3]_i_1/O
                         net (fo=1, routed)           0.000     8.124    bd_0_i/hls_inst/inst/grp_p_shadowquilt_main_loop_make_verticle_strip_fu_565/grp_makePatch_alignedToLine_fu_1322/grp_alignedtoline_per_layer_loop8_fu_183/grp_p_find_boundaries_and_starting_index_and_value9_fu_922/p_find_left_and_right_boundaries11_U0/sub_ln947_3_fu_973_p2[3]
    SLICE_X112Y156       FDRE                                         r  bd_0_i/hls_inst/inst/grp_p_shadowquilt_main_loop_make_verticle_strip_fu_565/grp_makePatch_alignedToLine_fu_1322/grp_alignedtoline_per_layer_loop8_fu_183/grp_p_find_boundaries_and_starting_index_and_value9_fu_922/p_find_left_and_right_boundaries11_U0/sub_ln947_3_reg_2537_reg[3]/D
  -------------------------------------------------------------------    -------------------

                         (clock ap_clk rise edge)    10.000    10.000 r  
                                                      0.000    10.000 r  ap_clk (IN)
                         net (fo=16362, unset)        0.483    10.483    bd_0_i/hls_inst/inst/grp_p_shadowquilt_main_loop_make_verticle_strip_fu_565/grp_makePatch_alignedToLine_fu_1322/grp_alignedtoline_per_layer_loop8_fu_183/grp_p_find_boundaries_and_starting_index_and_value9_fu_922/p_find_left_and_right_boundaries11_U0/ap_clk
    SLICE_X112Y156       FDRE                                         r  bd_0_i/hls_inst/inst/grp_p_shadowquilt_main_loop_make_verticle_strip_fu_565/grp_makePatch_alignedToLine_fu_1322/grp_alignedtoline_per_layer_loop8_fu_183/grp_p_find_boundaries_and_starting_index_and_value9_fu_922/p_find_left_and_right_boundaries11_U0/sub_ln947_3_reg_2537_reg[3]/C
                         clock pessimism              0.000    10.483    
                         clock uncertainty           -0.035    10.447    
    SLICE_X112Y156       FDRE (Setup_fdre_C_D)        0.052    10.499    bd_0_i/hls_inst/inst/grp_p_shadowquilt_main_loop_make_verticle_strip_fu_565/grp_makePatch_alignedToLine_fu_1322/grp_alignedtoline_per_layer_loop8_fu_183/grp_p_find_boundaries_and_starting_index_and_value9_fu_922/p_find_left_and_right_boundaries11_U0/sub_ln947_3_reg_2537_reg[3]
  -------------------------------------------------------------------
                         required time                         10.499    
                         arrival time                          -8.124    
  -------------------------------------------------------------------
                         slack                                  2.375    

Slack (MET) :             2.390ns  (required time - arrival time)
  Source:                 bd_0_i/hls_inst/inst/grp_p_shadowquilt_main_loop_make_verticle_strip_fu_565/grp_makePatch_alignedToLine_fu_1322/grp_alignedtoline_per_layer_loop8_fu_183/mul_33s_25ns_58_1_1_U43/system_top_mul_33s_25ns_58_1_1_Multiplier_0_U/p__1/CLK
                            (rising edge-triggered cell DSP48E1 clocked by ap_clk  {rise@0.000ns fall@5.000ns period=10.000ns})
  Destination:            bd_0_i/hls_inst/inst/grp_p_shadowquilt_main_loop_make_verticle_strip_fu_565/grp_makePatch_alignedToLine_fu_1322/grp_alignedtoline_per_layer_loop8_fu_183/mul_78s_108ns_185_3_1_U44/system_top_mul_78s_108ns_185_3_1_Multiplier_1_U/buff0_reg__0/B[14]
                            (rising edge-triggered cell DSP48E1 clocked by ap_clk  {rise@0.000ns fall@5.000ns period=10.000ns})
  Path Group:             ap_clk
  Path Type:              Setup (Max at Slow Process Corner)
  Requirement:            10.000ns  (ap_clk rise@10.000ns - ap_clk rise@0.000ns)
  Data Path Delay:        7.199ns  (logic 4.311ns (59.886%)  route 2.888ns (40.114%))
  Logic Levels:           10  (CARRY4=8 DSP48E1=1 LUT2=1)
  Clock Path Skew:        -0.025ns (DCD - SCD + CPR)
    Destination Clock Delay (DCD):    0.483ns = ( 10.483 - 10.000 ) 
    Source Clock Delay      (SCD):    0.508ns
    Clock Pessimism Removal (CPR):    0.000ns
  Clock Uncertainty:      0.035ns  ((TSJ^2 + TIJ^2)^1/2 + DJ) / 2 + PE
    Total System Jitter     (TSJ):    0.071ns
    Total Input Jitter      (TIJ):    0.000ns
    Discrete Jitter          (DJ):    0.000ns
    Phase Error              (PE):    0.000ns

    Location             Delay type                Incr(ns)  Path(ns)    Netlist Resource(s)
  -------------------------------------------------------------------    -------------------
                         (clock ap_clk rise edge)     0.000     0.000 r  
                                                      0.000     0.000 r  ap_clk (IN)
                         net (fo=16362, unset)        0.508     0.508    bd_0_i/hls_inst/inst/grp_p_shadowquilt_main_loop_make_verticle_strip_fu_565/grp_makePatch_alignedToLine_fu_1322/grp_alignedtoline_per_layer_loop8_fu_183/mul_33s_25ns_58_1_1_U43/system_top_mul_33s_25ns_58_1_1_Multiplier_0_U/ap_clk
    DSP48_X5Y10          DSP48E1                                      r  bd_0_i/hls_inst/inst/grp_p_shadowquilt_main_loop_make_verticle_strip_fu_565/grp_makePatch_alignedToLine_fu_1322/grp_alignedtoline_per_layer_loop8_fu_183/mul_33s_25ns_58_1_1_U43/system_top_mul_33s_25ns_58_1_1_Multiplier_0_U/p__1/CLK
  -------------------------------------------------------------------    -------------------
    DSP48_X5Y10          DSP48E1 (Prop_dsp48e1_CLK_PCOUT[47])
                                                      2.626     3.134 r  bd_0_i/hls_inst/inst/grp_p_shadowquilt_main_loop_make_verticle_strip_fu_565/grp_makePatch_alignedToLine_fu_1322/grp_alignedtoline_per_layer_loop8_fu_183/mul_33s_25ns_58_1_1_U43/system_top_mul_33s_25ns_58_1_1_Multiplier_0_U/p__1/PCOUT[47]
                         net (fo=1, routed)           0.000     3.134    bd_0_i/hls_inst/inst/grp_p_shadowquilt_main_loop_make_verticle_strip_fu_565/grp_makePatch_alignedToLine_fu_1322/grp_alignedtoline_per_layer_loop8_fu_183/mul_33s_25ns_58_1_1_U43/system_top_mul_33s_25ns_58_1_1_Multiplier_0_U/p__1_n_123
    DSP48_X5Y11          DSP48E1 (Prop_dsp48e1_PCIN[47]_P[0])
                                                      0.938     4.072 r  bd_0_i/hls_inst/inst/grp_p_shadowquilt_main_loop_make_verticle_strip_fu_565/grp_makePatch_alignedToLine_fu_1322/grp_alignedtoline_per_layer_loop8_fu_183/mul_33s_25ns_58_1_1_U43/system_top_mul_33s_25ns_58_1_1_Multiplier_0_U/p__2/P[0]
                         net (fo=2, routed)           0.676     4.748    bd_0_i/hls_inst/inst/grp_p_shadowquilt_main_loop_make_verticle_strip_fu_565/grp_makePatch_alignedToLine_fu_1322/grp_alignedtoline_per_layer_loop8_fu_183/mul_33s_25ns_58_1_1_U43/system_top_mul_33s_25ns_58_1_1_Multiplier_0_U/p__2_0[0]
    SLICE_X105Y20        LUT2 (Prop_lut2_I0_O)        0.043     4.791 r  bd_0_i/hls_inst/inst/grp_p_shadowquilt_main_loop_make_verticle_strip_fu_565/grp_makePatch_alignedToLine_fu_1322/grp_alignedtoline_per_layer_loop8_fu_183/mul_33s_25ns_58_1_1_U43/system_top_mul_33s_25ns_58_1_1_Multiplier_0_U/tmp_product__0_i_19/O
                         net (fo=1, routed)           0.000     4.791    bd_0_i/hls_inst/inst/grp_p_shadowquilt_main_loop_make_verticle_strip_fu_565_n_19
    SLICE_X105Y20        CARRY4 (Prop_carry4_S[1]_CO[3])
                                                      0.257     5.048 r  bd_0_i/hls_inst/inst/mul_33s_25ns_58_1_1_U43/system_top_mul_33s_25ns_58_1_1_Multiplier_0_U/tmp_product__0_i_4/CO[3]
                         net (fo=1, routed)           0.000     5.048    bd_0_i/hls_inst/inst/mul_33s_25ns_58_1_1_U43/system_top_mul_33s_25ns_58_1_1_Multiplier_0_U/tmp_product__0_i_4_n_17
    SLICE_X105Y21        CARRY4 (Prop_carry4_CI_CO[3])
                                                      0.049     5.097 r  bd_0_i/hls_inst/inst/mul_33s_25ns_58_1_1_U43/system_top_mul_33s_25ns_58_1_1_Multiplier_0_U/tmp_product__0_i_3/CO[3]
                         net (fo=1, routed)           0.000     5.097    bd_0_i/hls_inst/inst/mul_33s_25ns_58_1_1_U43/system_top_mul_33s_25ns_58_1_1_Multiplier_0_U/tmp_product__0_i_3_n_17
    SLICE_X105Y22        CARRY4 (Prop_carry4_CI_CO[3])
                                                      0.049     5.146 r  bd_0_i/hls_inst/inst/mul_33s_25ns_58_1_1_U43/system_top_mul_33s_25ns_58_1_1_Multiplier_0_U/tmp_product__0_i_2/CO[3]
                         net (fo=1, routed)           0.000     5.146    bd_0_i/hls_inst/inst/mul_33s_25ns_58_1_1_U43/system_top_mul_33s_25ns_58_1_1_Multiplier_0_U/tmp_product__0_i_2_n_17
    SLICE_X105Y23        CARRY4 (Prop_carry4_CI_CO[3])
                                                      0.049     5.195 r  bd_0_i/hls_inst/inst/mul_33s_25ns_58_1_1_U43/system_top_mul_33s_25ns_58_1_1_Multiplier_0_U/tmp_product__0_i_1/CO[3]
                         net (fo=1, routed)           0.000     5.195    bd_0_i/hls_inst/inst/mul_33s_25ns_58_1_1_U43/system_top_mul_33s_25ns_58_1_1_Multiplier_0_U/tmp_product__0_i_1_n_17
    SLICE_X105Y24        CARRY4 (Prop_carry4_CI_CO[3])
                                                      0.049     5.244 r  bd_0_i/hls_inst/inst/mul_33s_25ns_58_1_1_U43/system_top_mul_33s_25ns_58_1_1_Multiplier_0_U/tmp_product__1_i_4/CO[3]
                         net (fo=1, routed)           0.007     5.251    bd_0_i/hls_inst/inst/mul_33s_25ns_58_1_1_U43/system_top_mul_33s_25ns_58_1_1_Multiplier_0_U/tmp_product__1_i_4_n_17
    SLICE_X105Y25        CARRY4 (Prop_carry4_CI_CO[3])
                                                      0.049     5.300 r  bd_0_i/hls_inst/inst/mul_33s_25ns_58_1_1_U43/system_top_mul_33s_25ns_58_1_1_Multiplier_0_U/tmp_product__1_i_3/CO[3]
                         net (fo=1, routed)           0.000     5.300    bd_0_i/hls_inst/inst/mul_33s_25ns_58_1_1_U43/system_top_mul_33s_25ns_58_1_1_Multiplier_0_U/tmp_product__1_i_3_n_17
    SLICE_X105Y26        CARRY4 (Prop_carry4_CI_CO[3])
                                                      0.049     5.349 r  bd_0_i/hls_inst/inst/mul_33s_25ns_58_1_1_U43/system_top_mul_33s_25ns_58_1_1_Multiplier_0_U/tmp_product__1_i_2/CO[3]
                         net (fo=1, routed)           0.000     5.349    bd_0_i/hls_inst/inst/mul_33s_25ns_58_1_1_U43/system_top_mul_33s_25ns_58_1_1_Multiplier_0_U/tmp_product__1_i_2_n_17
    SLICE_X105Y27        CARRY4 (Prop_carry4_CI_O[1])
                                                      0.153     5.502 r  bd_0_i/hls_inst/inst/mul_33s_25ns_58_1_1_U43/system_top_mul_33s_25ns_58_1_1_Multiplier_0_U/tmp_product__1_i_1/O[1]
                         net (fo=6, routed)           2.205     7.707    bd_0_i/hls_inst/inst/grp_p_shadowquilt_main_loop_make_verticle_strip_fu_565/grp_makePatch_alignedToLine_fu_1322/grp_alignedtoline_per_layer_loop8_fu_183/mul_78s_108ns_185_3_1_U44/system_top_mul_78s_108ns_185_3_1_Multiplier_1_U/tmp_product__1_0[29]
    DSP48_X3Y15          DSP48E1                                      r  bd_0_i/hls_inst/inst/grp_p_shadowquilt_main_loop_make_verticle_strip_fu_565/grp_makePatch_alignedToLine_fu_1322/grp_alignedtoline_per_layer_loop8_fu_183/mul_78s_108ns_185_3_1_U44/system_top_mul_78s_108ns_185_3_1_Multiplier_1_U/buff0_reg__0/B[14]
  -------------------------------------------------------------------    -------------------

                         (clock ap_clk rise edge)    10.000    10.000 r  
                                                      0.000    10.000 r  ap_clk (IN)
                         net (fo=16362, unset)        0.483    10.483    bd_0_i/hls_inst/inst/grp_p_shadowquilt_main_loop_make_verticle_strip_fu_565/grp_makePatch_alignedToLine_fu_1322/grp_alignedtoline_per_layer_loop8_fu_183/mul_78s_108ns_185_3_1_U44/system_top_mul_78s_108ns_185_3_1_Multiplier_1_U/ap_clk
    DSP48_X3Y15          DSP48E1                                      r  bd_0_i/hls_inst/inst/grp_p_shadowquilt_main_loop_make_verticle_strip_fu_565/grp_makePatch_alignedToLine_fu_1322/grp_alignedtoline_per_layer_loop8_fu_183/mul_78s_108ns_185_3_1_U44/system_top_mul_78s_108ns_185_3_1_Multiplier_1_U/buff0_reg__0/CLK
                         clock pessimism              0.000    10.483    
                         clock uncertainty           -0.035    10.447    
    DSP48_X3Y15          DSP48E1 (Setup_dsp48e1_CLK_B[14])
                                                     -0.351    10.096    bd_0_i/hls_inst/inst/grp_p_shadowquilt_main_loop_make_verticle_strip_fu_565/grp_makePatch_alignedToLine_fu_1322/grp_alignedtoline_per_layer_loop8_fu_183/mul_78s_108ns_185_3_1_U44/system_top_mul_78s_108ns_185_3_1_Multiplier_1_U/buff0_reg__0
  -------------------------------------------------------------------
                         required time                         10.096    
                         arrival time                          -7.707    
  -------------------------------------------------------------------
                         slack                                  2.390    

Slack (MET) :             2.407ns  (required time - arrival time)
  Source:                 bd_0_i/hls_inst/inst/grp_p_shadowquilt_main_loop_make_verticle_strip_fu_565/grp_makePatch_alignedToLine_fu_1322/grp_alignedtoline_per_layer_loop8_fu_183/mul_33s_25ns_58_1_1_U43/system_top_mul_33s_25ns_58_1_1_Multiplier_0_U/p__1/CLK
                            (rising edge-triggered cell DSP48E1 clocked by ap_clk  {rise@0.000ns fall@5.000ns period=10.000ns})
  Destination:            bd_0_i/hls_inst/inst/grp_p_shadowquilt_main_loop_make_verticle_strip_fu_565/grp_makePatch_alignedToLine_fu_1322/grp_alignedtoline_per_layer_loop8_fu_183/mul_78s_108ns_185_3_1_U44/system_top_mul_78s_108ns_185_3_1_Multiplier_1_U/tmp_product__13/A[14]
                            (rising edge-triggered cell DSP48E1 clocked by ap_clk  {rise@0.000ns fall@5.000ns period=10.000ns})
  Path Group:             ap_clk
  Path Type:              Setup (Max at Slow Process Corner)
  Requirement:            10.000ns  (ap_clk rise@10.000ns - ap_clk rise@0.000ns)
  Data Path Delay:        7.225ns  (logic 4.311ns (59.670%)  route 2.914ns (40.330%))
  Logic Levels:           10  (CARRY4=8 DSP48E1=1 LUT2=1)
  Clock Path Skew:        -0.025ns (DCD - SCD + CPR)
    Destination Clock Delay (DCD):    0.483ns = ( 10.483 - 10.000 ) 
    Source Clock Delay      (SCD):    0.508ns
    Clock Pessimism Removal (CPR):    0.000ns
  Clock Uncertainty:      0.035ns  ((TSJ^2 + TIJ^2)^1/2 + DJ) / 2 + PE
    Total System Jitter     (TSJ):    0.071ns
    Total Input Jitter      (TIJ):    0.000ns
    Discrete Jitter          (DJ):    0.000ns
    Phase Error              (PE):    0.000ns

    Location             Delay type                Incr(ns)  Path(ns)    Netlist Resource(s)
  -------------------------------------------------------------------    -------------------
                         (clock ap_clk rise edge)     0.000     0.000 r  
                                                      0.000     0.000 r  ap_clk (IN)
                         net (fo=16362, unset)        0.508     0.508    bd_0_i/hls_inst/inst/grp_p_shadowquilt_main_loop_make_verticle_strip_fu_565/grp_makePatch_alignedToLine_fu_1322/grp_alignedtoline_per_layer_loop8_fu_183/mul_33s_25ns_58_1_1_U43/system_top_mul_33s_25ns_58_1_1_Multiplier_0_U/ap_clk
    DSP48_X5Y10          DSP48E1                                      r  bd_0_i/hls_inst/inst/grp_p_shadowquilt_main_loop_make_verticle_strip_fu_565/grp_makePatch_alignedToLine_fu_1322/grp_alignedtoline_per_layer_loop8_fu_183/mul_33s_25ns_58_1_1_U43/system_top_mul_33s_25ns_58_1_1_Multiplier_0_U/p__1/CLK
  -------------------------------------------------------------------    -------------------
    DSP48_X5Y10          DSP48E1 (Prop_dsp48e1_CLK_PCOUT[47])
                                                      2.626     3.134 r  bd_0_i/hls_inst/inst/grp_p_shadowquilt_main_loop_make_verticle_strip_fu_565/grp_makePatch_alignedToLine_fu_1322/grp_alignedtoline_per_layer_loop8_fu_183/mul_33s_25ns_58_1_1_U43/system_top_mul_33s_25ns_58_1_1_Multiplier_0_U/p__1/PCOUT[47]
                         net (fo=1, routed)           0.000     3.134    bd_0_i/hls_inst/inst/grp_p_shadowquilt_main_loop_make_verticle_strip_fu_565/grp_makePatch_alignedToLine_fu_1322/grp_alignedtoline_per_layer_loop8_fu_183/mul_33s_25ns_58_1_1_U43/system_top_mul_33s_25ns_58_1_1_Multiplier_0_U/p__1_n_123
    DSP48_X5Y11          DSP48E1 (Prop_dsp48e1_PCIN[47]_P[0])
                                                      0.938     4.072 r  bd_0_i/hls_inst/inst/grp_p_shadowquilt_main_loop_make_verticle_strip_fu_565/grp_makePatch_alignedToLine_fu_1322/grp_alignedtoline_per_layer_loop8_fu_183/mul_33s_25ns_58_1_1_U43/system_top_mul_33s_25ns_58_1_1_Multiplier_0_U/p__2/P[0]
                         net (fo=2, routed)           0.676     4.748    bd_0_i/hls_inst/inst/grp_p_shadowquilt_main_loop_make_verticle_strip_fu_565/grp_makePatch_alignedToLine_fu_1322/grp_alignedtoline_per_layer_loop8_fu_183/mul_33s_25ns_58_1_1_U43/system_top_mul_33s_25ns_58_1_1_Multiplier_0_U/p__2_0[0]
    SLICE_X105Y20        LUT2 (Prop_lut2_I0_O)        0.043     4.791 r  bd_0_i/hls_inst/inst/grp_p_shadowquilt_main_loop_make_verticle_strip_fu_565/grp_makePatch_alignedToLine_fu_1322/grp_alignedtoline_per_layer_loop8_fu_183/mul_33s_25ns_58_1_1_U43/system_top_mul_33s_25ns_58_1_1_Multiplier_0_U/tmp_product__0_i_19/O
                         net (fo=1, routed)           0.000     4.791    bd_0_i/hls_inst/inst/grp_p_shadowquilt_main_loop_make_verticle_strip_fu_565_n_19
    SLICE_X105Y20        CARRY4 (Prop_carry4_S[1]_CO[3])
                                                      0.257     5.048 r  bd_0_i/hls_inst/inst/mul_33s_25ns_58_1_1_U43/system_top_mul_33s_25ns_58_1_1_Multiplier_0_U/tmp_product__0_i_4/CO[3]
                         net (fo=1, routed)           0.000     5.048    bd_0_i/hls_inst/inst/mul_33s_25ns_58_1_1_U43/system_top_mul_33s_25ns_58_1_1_Multiplier_0_U/tmp_product__0_i_4_n_17
    SLICE_X105Y21        CARRY4 (Prop_carry4_CI_CO[3])
                                                      0.049     5.097 r  bd_0_i/hls_inst/inst/mul_33s_25ns_58_1_1_U43/system_top_mul_33s_25ns_58_1_1_Multiplier_0_U/tmp_product__0_i_3/CO[3]
                         net (fo=1, routed)           0.000     5.097    bd_0_i/hls_inst/inst/mul_33s_25ns_58_1_1_U43/system_top_mul_33s_25ns_58_1_1_Multiplier_0_U/tmp_product__0_i_3_n_17
    SLICE_X105Y22        CARRY4 (Prop_carry4_CI_CO[3])
                                                      0.049     5.146 r  bd_0_i/hls_inst/inst/mul_33s_25ns_58_1_1_U43/system_top_mul_33s_25ns_58_1_1_Multiplier_0_U/tmp_product__0_i_2/CO[3]
                         net (fo=1, routed)           0.000     5.146    bd_0_i/hls_inst/inst/mul_33s_25ns_58_1_1_U43/system_top_mul_33s_25ns_58_1_1_Multiplier_0_U/tmp_product__0_i_2_n_17
    SLICE_X105Y23        CARRY4 (Prop_carry4_CI_CO[3])
                                                      0.049     5.195 r  bd_0_i/hls_inst/inst/mul_33s_25ns_58_1_1_U43/system_top_mul_33s_25ns_58_1_1_Multiplier_0_U/tmp_product__0_i_1/CO[3]
                         net (fo=1, routed)           0.000     5.195    bd_0_i/hls_inst/inst/mul_33s_25ns_58_1_1_U43/system_top_mul_33s_25ns_58_1_1_Multiplier_0_U/tmp_product__0_i_1_n_17
    SLICE_X105Y24        CARRY4 (Prop_carry4_CI_CO[3])
                                                      0.049     5.244 r  bd_0_i/hls_inst/inst/mul_33s_25ns_58_1_1_U43/system_top_mul_33s_25ns_58_1_1_Multiplier_0_U/tmp_product__1_i_4/CO[3]
                         net (fo=1, routed)           0.007     5.251    bd_0_i/hls_inst/inst/mul_33s_25ns_58_1_1_U43/system_top_mul_33s_25ns_58_1_1_Multiplier_0_U/tmp_product__1_i_4_n_17
    SLICE_X105Y25        CARRY4 (Prop_carry4_CI_CO[3])
                                                      0.049     5.300 r  bd_0_i/hls_inst/inst/mul_33s_25ns_58_1_1_U43/system_top_mul_33s_25ns_58_1_1_Multiplier_0_U/tmp_product__1_i_3/CO[3]
                         net (fo=1, routed)           0.000     5.300    bd_0_i/hls_inst/inst/mul_33s_25ns_58_1_1_U43/system_top_mul_33s_25ns_58_1_1_Multiplier_0_U/tmp_product__1_i_3_n_17
    SLICE_X105Y26        CARRY4 (Prop_carry4_CI_CO[3])
                                                      0.049     5.349 r  bd_0_i/hls_inst/inst/mul_33s_25ns_58_1_1_U43/system_top_mul_33s_25ns_58_1_1_Multiplier_0_U/tmp_product__1_i_2/CO[3]
                         net (fo=1, routed)           0.000     5.349    bd_0_i/hls_inst/inst/mul_33s_25ns_58_1_1_U43/system_top_mul_33s_25ns_58_1_1_Multiplier_0_U/tmp_product__1_i_2_n_17
    SLICE_X105Y27        CARRY4 (Prop_carry4_CI_O[1])
                                                      0.153     5.502 r  bd_0_i/hls_inst/inst/mul_33s_25ns_58_1_1_U43/system_top_mul_33s_25ns_58_1_1_Multiplier_0_U/tmp_product__1_i_1/O[1]
                         net (fo=6, routed)           2.231     7.733    bd_0_i/hls_inst/inst/grp_p_shadowquilt_main_loop_make_verticle_strip_fu_565/grp_makePatch_alignedToLine_fu_1322/grp_alignedtoline_per_layer_loop8_fu_183/mul_78s_108ns_185_3_1_U44/system_top_mul_78s_108ns_185_3_1_Multiplier_1_U/tmp_product__1_0[29]
    DSP48_X3Y9           DSP48E1                                      r  bd_0_i/hls_inst/inst/grp_p_shadowquilt_main_loop_make_verticle_strip_fu_565/grp_makePatch_alignedToLine_fu_1322/grp_alignedtoline_per_layer_loop8_fu_183/mul_78s_108ns_185_3_1_U44/system_top_mul_78s_108ns_185_3_1_Multiplier_1_U/tmp_product__13/A[14]
  -------------------------------------------------------------------    -------------------

                         (clock ap_clk rise edge)    10.000    10.000 r  
                                                      0.000    10.000 r  ap_clk (IN)
                         net (fo=16362, unset)        0.483    10.483    bd_0_i/hls_inst/inst/grp_p_shadowquilt_main_loop_make_verticle_strip_fu_565/grp_makePatch_alignedToLine_fu_1322/grp_alignedtoline_per_layer_loop8_fu_183/mul_78s_108ns_185_3_1_U44/system_top_mul_78s_108ns_185_3_1_Multiplier_1_U/ap_clk
    DSP48_X3Y9           DSP48E1                                      r  bd_0_i/hls_inst/inst/grp_p_shadowquilt_main_loop_make_verticle_strip_fu_565/grp_makePatch_alignedToLine_fu_1322/grp_alignedtoline_per_layer_loop8_fu_183/mul_78s_108ns_185_3_1_U44/system_top_mul_78s_108ns_185_3_1_Multiplier_1_U/tmp_product__13/CLK
                         clock pessimism              0.000    10.483    
                         clock uncertainty           -0.035    10.447    
    DSP48_X3Y9           DSP48E1 (Setup_dsp48e1_CLK_A[14])
                                                     -0.308    10.139    bd_0_i/hls_inst/inst/grp_p_shadowquilt_main_loop_make_verticle_strip_fu_565/grp_makePatch_alignedToLine_fu_1322/grp_alignedtoline_per_layer_loop8_fu_183/mul_78s_108ns_185_3_1_U44/system_top_mul_78s_108ns_185_3_1_Multiplier_1_U/tmp_product__13
  -------------------------------------------------------------------
                         required time                         10.139    
                         arrival time                          -7.733    
  -------------------------------------------------------------------
                         slack                                  2.407    

Slack (MET) :             2.419ns  (required time - arrival time)
  Source:                 bd_0_i/hls_inst/inst/grp_p_shadowquilt_main_loop_make_verticle_strip_fu_565/grp_makePatch_alignedToLine_fu_1322/grp_alignedtoline_per_layer_loop8_fu_183/grp_p_find_boundaries_and_starting_index_and_value9_fu_922/p_find_left_and_right_boundaries11_U0/icmp_ln581_3_reg_2730_reg[0]/C
                            (rising edge-triggered cell FDRE clocked by ap_clk  {rise@0.000ns fall@5.000ns period=10.000ns})
  Destination:            bd_0_i/hls_inst/inst/grp_p_shadowquilt_main_loop_make_verticle_strip_fu_565/grp_makePatch_alignedToLine_fu_1322/grp_alignedtoline_per_layer_loop8_fu_183/grp_p_find_boundaries_and_starting_index_and_value9_fu_922/p_find_left_and_right_boundaries11_U0/p_Result_98_reg_2472_reg[0]/D
                            (rising edge-triggered cell FDRE clocked by ap_clk  {rise@0.000ns fall@5.000ns period=10.000ns})
  Path Group:             ap_clk
  Path Type:              Setup (Max at Slow Process Corner)
  Requirement:            10.000ns  (ap_clk rise@10.000ns - ap_clk rise@0.000ns)
  Data Path Delay:        7.601ns  (logic 1.758ns (23.128%)  route 5.843ns (76.872%))
  Logic Levels:           21  (CARRY4=8 LUT1=1 LUT3=2 LUT4=1 LUT5=3 LUT6=6)
  Clock Path Skew:        -0.025ns (DCD - SCD + CPR)
    Destination Clock Delay (DCD):    0.483ns = ( 10.483 - 10.000 ) 
    Source Clock Delay      (SCD):    0.508ns
    Clock Pessimism Removal (CPR):    0.000ns
  Clock Uncertainty:      0.035ns  ((TSJ^2 + TIJ^2)^1/2 + DJ) / 2 + PE
    Total System Jitter     (TSJ):    0.071ns
    Total Input Jitter      (TIJ):    0.000ns
    Discrete Jitter          (DJ):    0.000ns
    Phase Error              (PE):    0.000ns

    Location             Delay type                Incr(ns)  Path(ns)    Netlist Resource(s)
  -------------------------------------------------------------------    -------------------
                         (clock ap_clk rise edge)     0.000     0.000 r  
                                                      0.000     0.000 r  ap_clk (IN)
                         net (fo=16362, unset)        0.508     0.508    bd_0_i/hls_inst/inst/grp_p_shadowquilt_main_loop_make_verticle_strip_fu_565/grp_makePatch_alignedToLine_fu_1322/grp_alignedtoline_per_layer_loop8_fu_183/grp_p_find_boundaries_and_starting_index_and_value9_fu_922/p_find_left_and_right_boundaries11_U0/ap_clk
    SLICE_X101Y160       FDRE                                         r  bd_0_i/hls_inst/inst/grp_p_shadowquilt_main_loop_make_verticle_strip_fu_565/grp_makePatch_alignedToLine_fu_1322/grp_alignedtoline_per_layer_loop8_fu_183/grp_p_find_boundaries_and_starting_index_and_value9_fu_922/p_find_left_and_right_boundaries11_U0/icmp_ln581_3_reg_2730_reg[0]/C
  -------------------------------------------------------------------    -------------------
    SLICE_X101Y160       FDRE (Prop_fdre_C_Q)         0.216     0.724 r  bd_0_i/hls_inst/inst/grp_p_shadowquilt_main_loop_make_verticle_strip_fu_565/grp_makePatch_alignedToLine_fu_1322/grp_alignedtoline_per_layer_loop8_fu_183/grp_p_find_boundaries_and_starting_index_and_value9_fu_922/p_find_left_and_right_boundaries11_U0/icmp_ln581_3_reg_2730_reg[0]/Q
                         net (fo=78, routed)          0.546     1.270    bd_0_i/hls_inst/inst/grp_p_shadowquilt_main_loop_make_verticle_strip_fu_565/grp_makePatch_alignedToLine_fu_1322/grp_alignedtoline_per_layer_loop8_fu_183/grp_p_find_boundaries_and_starting_index_and_value9_fu_922/p_find_left_and_right_boundaries11_U0/icmp_ln581_3_reg_2730
    SLICE_X102Y160       LUT3 (Prop_lut3_I1_O)        0.049     1.319 f  bd_0_i/hls_inst/inst/grp_p_shadowquilt_main_loop_make_verticle_strip_fu_565/grp_makePatch_alignedToLine_fu_1322/grp_alignedtoline_per_layer_loop8_fu_183/grp_p_find_boundaries_and_starting_index_and_value9_fu_922/p_find_left_and_right_boundaries11_U0/m_53_reg_2443[21]_i_19/O
                         net (fo=1, routed)           0.246     1.565    bd_0_i/hls_inst/inst/grp_p_shadowquilt_main_loop_make_verticle_strip_fu_565/grp_makePatch_alignedToLine_fu_1322/grp_alignedtoline_per_layer_loop8_fu_183/grp_p_find_boundaries_and_starting_index_and_value9_fu_922/p_find_left_and_right_boundaries11_U0/m_53_reg_2443[21]_i_19_n_17
    SLICE_X103Y160       LUT6 (Prop_lut6_I2_O)        0.126     1.691 f  bd_0_i/hls_inst/inst/grp_p_shadowquilt_main_loop_make_verticle_strip_fu_565/grp_makePatch_alignedToLine_fu_1322/grp_alignedtoline_per_layer_loop8_fu_183/grp_p_find_boundaries_and_starting_index_and_value9_fu_922/p_find_left_and_right_boundaries11_U0/m_53_reg_2443[21]_i_16/O
                         net (fo=1, routed)           0.209     1.900    bd_0_i/hls_inst/inst/grp_p_shadowquilt_main_loop_make_verticle_strip_fu_565/grp_makePatch_alignedToLine_fu_1322/grp_alignedtoline_per_layer_loop8_fu_183/grp_p_find_boundaries_and_starting_index_and_value9_fu_922/p_find_left_and_right_boundaries11_U0/m_53_reg_2443[21]_i_16_n_17
    SLICE_X103Y159       LUT6 (Prop_lut6_I5_O)        0.043     1.943 f  bd_0_i/hls_inst/inst/grp_p_shadowquilt_main_loop_make_verticle_strip_fu_565/grp_makePatch_alignedToLine_fu_1322/grp_alignedtoline_per_layer_loop8_fu_183/grp_p_find_boundaries_and_starting_index_and_value9_fu_922/p_find_left_and_right_boundaries11_U0/m_53_reg_2443[21]_i_9/O
                         net (fo=5, routed)           0.415     2.358    bd_0_i/hls_inst/inst/grp_p_shadowquilt_main_loop_make_verticle_strip_fu_565/grp_makePatch_alignedToLine_fu_1322/grp_alignedtoline_per_layer_loop8_fu_183/grp_p_find_boundaries_and_starting_index_and_value9_fu_922/p_find_left_and_right_boundaries11_U0/m_53_reg_2443[21]_i_9_n_17
    SLICE_X101Y157       LUT4 (Prop_lut4_I3_O)        0.043     2.401 r  bd_0_i/hls_inst/inst/grp_p_shadowquilt_main_loop_make_verticle_strip_fu_565/grp_makePatch_alignedToLine_fu_1322/grp_alignedtoline_per_layer_loop8_fu_183/grp_p_find_boundaries_and_starting_index_and_value9_fu_922/p_find_left_and_right_boundaries11_U0/m_53_reg_2443[21]_i_7/O
                         net (fo=5, routed)           0.421     2.822    bd_0_i/hls_inst/inst/grp_p_shadowquilt_main_loop_make_verticle_strip_fu_565/grp_makePatch_alignedToLine_fu_1322/grp_alignedtoline_per_layer_loop8_fu_183/grp_p_find_boundaries_and_starting_index_and_value9_fu_922/p_find_left_and_right_boundaries11_U0/m_53_reg_2443[21]_i_7_n_17
    SLICE_X101Y157       LUT5 (Prop_lut5_I3_O)        0.043     2.865 r  bd_0_i/hls_inst/inst/grp_p_shadowquilt_main_loop_make_verticle_strip_fu_565/grp_makePatch_alignedToLine_fu_1322/grp_alignedtoline_per_layer_loop8_fu_183/grp_p_find_boundaries_and_starting_index_and_value9_fu_922/p_find_left_and_right_boundaries11_U0/m_53_reg_2443[0]_i_2/O
                         net (fo=51, routed)          0.486     3.351    bd_0_i/hls_inst/inst/grp_p_shadowquilt_main_loop_make_verticle_strip_fu_565/grp_makePatch_alignedToLine_fu_1322/grp_alignedtoline_per_layer_loop8_fu_183/grp_p_find_boundaries_and_starting_index_and_value9_fu_922/p_find_left_and_right_boundaries11_U0/m_53_reg_2443[0]_i_2_n_17
    SLICE_X103Y154       LUT6 (Prop_lut6_I2_O)        0.043     3.394 f  bd_0_i/hls_inst/inst/grp_p_shadowquilt_main_loop_make_verticle_strip_fu_565/grp_makePatch_alignedToLine_fu_1322/grp_alignedtoline_per_layer_loop8_fu_183/grp_p_find_boundaries_and_starting_index_and_value9_fu_922/p_find_left_and_right_boundaries11_U0/m_53_reg_2443[0]_i_1/O
                         net (fo=8, routed)           0.393     3.788    bd_0_i/hls_inst/inst/grp_p_shadowquilt_main_loop_make_verticle_strip_fu_565/grp_makePatch_alignedToLine_fu_1322/grp_alignedtoline_per_layer_loop8_fu_183/grp_p_find_boundaries_and_starting_index_and_value9_fu_922/p_find_left_and_right_boundaries11_U0/rbVal_constprop_reg[0][0]
    SLICE_X102Y145       LUT1 (Prop_lut1_I0_O)        0.043     3.831 r  bd_0_i/hls_inst/inst/grp_p_shadowquilt_main_loop_make_verticle_strip_fu_565/grp_makePatch_alignedToLine_fu_1322/grp_alignedtoline_per_layer_loop8_fu_183/grp_p_find_boundaries_and_starting_index_and_value9_fu_922/p_find_left_and_right_boundaries11_U0/m_53_reg_2443[4]_i_4/O
                         net (fo=1, routed)           0.292     4.122    bd_0_i/hls_inst/inst/grp_p_shadowquilt_main_loop_make_verticle_strip_fu_565/grp_makePatch_alignedToLine_fu_1322/grp_alignedtoline_per_layer_loop8_fu_183/grp_p_find_boundaries_and_starting_index_and_value9_fu_922/p_find_left_and_right_boundaries11_U0/m_53_reg_2443[4]_i_4_n_17
    SLICE_X101Y145       CARRY4 (Prop_carry4_CYINIT_CO[3])
                                                      0.279     4.401 r  bd_0_i/hls_inst/inst/grp_p_shadowquilt_main_loop_make_verticle_strip_fu_565/grp_makePatch_alignedToLine_fu_1322/grp_alignedtoline_per_layer_loop8_fu_183/grp_p_find_boundaries_and_starting_index_and_value9_fu_922/p_find_left_and_right_boundaries11_U0/m_53_reg_2443_reg[4]_i_2/CO[3]
                         net (fo=1, routed)           0.000     4.401    bd_0_i/hls_inst/inst/grp_p_shadowquilt_main_loop_make_verticle_strip_fu_565/grp_makePatch_alignedToLine_fu_1322/grp_alignedtoline_per_layer_loop8_fu_183/grp_p_find_boundaries_and_starting_index_and_value9_fu_922/p_find_left_and_right_boundaries11_U0/m_53_reg_2443_reg[4]_i_2_n_17
    SLICE_X101Y146       CARRY4 (Prop_carry4_CI_CO[3])
                                                      0.049     4.450 r  bd_0_i/hls_inst/inst/grp_p_shadowquilt_main_loop_make_verticle_strip_fu_565/grp_makePatch_alignedToLine_fu_1322/grp_alignedtoline_per_layer_loop8_fu_183/grp_p_find_boundaries_and_starting_index_and_value9_fu_922/p_find_left_and_right_boundaries11_U0/m_53_reg_2443_reg[8]_i_2/CO[3]
                         net (fo=1, routed)           0.000     4.450    bd_0_i/hls_inst/inst/grp_p_shadowquilt_main_loop_make_verticle_strip_fu_565/grp_makePatch_alignedToLine_fu_1322/grp_alignedtoline_per_layer_loop8_fu_183/grp_p_find_boundaries_and_starting_index_and_value9_fu_922/p_find_left_and_right_boundaries11_U0/m_53_reg_2443_reg[8]_i_2_n_17
    SLICE_X101Y147       CARRY4 (Prop_carry4_CI_CO[3])
                                                      0.049     4.499 r  bd_0_i/hls_inst/inst/grp_p_shadowquilt_main_loop_make_verticle_strip_fu_565/grp_makePatch_alignedToLine_fu_1322/grp_alignedtoline_per_layer_loop8_fu_183/grp_p_find_boundaries_and_starting_index_and_value9_fu_922/p_find_left_and_right_boundaries11_U0/m_53_reg_2443_reg[12]_i_2/CO[3]
                         net (fo=1, routed)           0.000     4.499    bd_0_i/hls_inst/inst/grp_p_shadowquilt_main_loop_make_verticle_strip_fu_565/grp_makePatch_alignedToLine_fu_1322/grp_alignedtoline_per_layer_loop8_fu_183/grp_p_find_boundaries_and_starting_index_and_value9_fu_922/p_find_left_and_right_boundaries11_U0/m_53_reg_2443_reg[12]_i_2_n_17
    SLICE_X101Y148       CARRY4 (Prop_carry4_CI_CO[3])
                                                      0.049     4.548 r  bd_0_i/hls_inst/inst/grp_p_shadowquilt_main_loop_make_verticle_strip_fu_565/grp_makePatch_alignedToLine_fu_1322/grp_alignedtoline_per_layer_loop8_fu_183/grp_p_find_boundaries_and_starting_index_and_value9_fu_922/p_find_left_and_right_boundaries11_U0/m_53_reg_2443_reg[16]_i_2/CO[3]
                         net (fo=1, routed)           0.000     4.548    bd_0_i/hls_inst/inst/grp_p_shadowquilt_main_loop_make_verticle_strip_fu_565/grp_makePatch_alignedToLine_fu_1322/grp_alignedtoline_per_layer_loop8_fu_183/grp_p_find_boundaries_and_starting_index_and_value9_fu_922/p_find_left_and_right_boundaries11_U0/m_53_reg_2443_reg[16]_i_2_n_17
    SLICE_X101Y149       CARRY4 (Prop_carry4_CI_CO[3])
                                                      0.049     4.597 r  bd_0_i/hls_inst/inst/grp_p_shadowquilt_main_loop_make_verticle_strip_fu_565/grp_makePatch_alignedToLine_fu_1322/grp_alignedtoline_per_layer_loop8_fu_183/grp_p_find_boundaries_and_starting_index_and_value9_fu_922/p_find_left_and_right_boundaries11_U0/m_53_reg_2443_reg[20]_i_2/CO[3]
                         net (fo=1, routed)           0.001     4.598    bd_0_i/hls_inst/inst/grp_p_shadowquilt_main_loop_make_verticle_strip_fu_565/grp_makePatch_alignedToLine_fu_1322/grp_alignedtoline_per_layer_loop8_fu_183/grp_p_find_boundaries_and_starting_index_and_value9_fu_922/p_find_left_and_right_boundaries11_U0/m_53_reg_2443_reg[20]_i_2_n_17
    SLICE_X101Y150       CARRY4 (Prop_carry4_CI_CO[3])
                                                      0.049     4.647 r  bd_0_i/hls_inst/inst/grp_p_shadowquilt_main_loop_make_verticle_strip_fu_565/grp_makePatch_alignedToLine_fu_1322/grp_alignedtoline_per_layer_loop8_fu_183/grp_p_find_boundaries_and_starting_index_and_value9_fu_922/p_find_left_and_right_boundaries11_U0/m_53_reg_2443_reg[24]_i_3/CO[3]
                         net (fo=1, routed)           0.000     4.647    bd_0_i/hls_inst/inst/grp_p_shadowquilt_main_loop_make_verticle_strip_fu_565/grp_makePatch_alignedToLine_fu_1322/grp_alignedtoline_per_layer_loop8_fu_183/grp_p_find_boundaries_and_starting_index_and_value9_fu_922/p_find_left_and_right_boundaries11_U0/m_53_reg_2443_reg[24]_i_3_n_17
    SLICE_X101Y151       CARRY4 (Prop_carry4_CI_CO[3])
                                                      0.049     4.696 r  bd_0_i/hls_inst/inst/grp_p_shadowquilt_main_loop_make_verticle_strip_fu_565/grp_makePatch_alignedToLine_fu_1322/grp_alignedtoline_per_layer_loop8_fu_183/grp_p_find_boundaries_and_starting_index_and_value9_fu_922/p_find_left_and_right_boundaries11_U0/m_53_reg_2443_reg[28]_i_3/CO[3]
                         net (fo=1, routed)           0.000     4.696    bd_0_i/hls_inst/inst/grp_p_shadowquilt_main_loop_make_verticle_strip_fu_565/grp_makePatch_alignedToLine_fu_1322/grp_alignedtoline_per_layer_loop8_fu_183/grp_p_find_boundaries_and_starting_index_and_value9_fu_922/p_find_left_and_right_boundaries11_U0/m_53_reg_2443_reg[28]_i_3_n_17
    SLICE_X101Y152       CARRY4 (Prop_carry4_CI_O[1])
                                                      0.153     4.849 f  bd_0_i/hls_inst/inst/grp_p_shadowquilt_main_loop_make_verticle_strip_fu_565/grp_makePatch_alignedToLine_fu_1322/grp_alignedtoline_per_layer_loop8_fu_183/grp_p_find_boundaries_and_starting_index_and_value9_fu_922/p_find_left_and_right_boundaries11_U0/m_53_reg_2443_reg[30]_i_2/O[1]
                         net (fo=1, routed)           0.335     5.183    bd_0_i/hls_inst/inst/grp_p_shadowquilt_main_loop_make_verticle_strip_fu_565/grp_makePatch_alignedToLine_fu_1322/grp_alignedtoline_per_layer_loop8_fu_183/grp_p_find_boundaries_and_starting_index_and_value9_fu_922/p_find_left_and_right_boundaries11_U0/tmp_V_14_fu_615_p2[30]
    SLICE_X100Y152       LUT3 (Prop_lut3_I0_O)        0.119     5.302 f  bd_0_i/hls_inst/inst/grp_p_shadowquilt_main_loop_make_verticle_strip_fu_565/grp_makePatch_alignedToLine_fu_1322/grp_alignedtoline_per_layer_loop8_fu_183/grp_p_find_boundaries_and_starting_index_and_value9_fu_922/p_find_left_and_right_boundaries11_U0/m_53_reg_2443[30]_i_1/O
                         net (fo=4, routed)           0.427     5.730    bd_0_i/hls_inst/inst/grp_p_shadowquilt_main_loop_make_verticle_strip_fu_565/grp_makePatch_alignedToLine_fu_1322/grp_alignedtoline_per_layer_loop8_fu_183/grp_p_find_boundaries_and_starting_index_and_value9_fu_922/p_find_left_and_right_boundaries11_U0/m_53_fu_621_p3[30]
    SLICE_X99Y151        LUT5 (Prop_lut5_I3_O)        0.049     5.779 f  bd_0_i/hls_inst/inst/grp_p_shadowquilt_main_loop_make_verticle_strip_fu_565/grp_makePatch_alignedToLine_fu_1322/grp_alignedtoline_per_layer_loop8_fu_183/grp_p_find_boundaries_and_starting_index_and_value9_fu_922/p_find_left_and_right_boundaries11_U0/sub_ln947_4_reg_2467[0]_i_2/O
                         net (fo=2, routed)           0.651     6.430    bd_0_i/hls_inst/inst/grp_p_shadowquilt_main_loop_make_verticle_strip_fu_565/grp_makePatch_alignedToLine_fu_1322/grp_alignedtoline_per_layer_loop8_fu_183/grp_p_find_boundaries_and_starting_index_and_value9_fu_922/p_find_left_and_right_boundaries11_U0/sub_ln947_4_reg_2467[0]_i_2_n_17
    SLICE_X98Y145        LUT6 (Prop_lut6_I1_O)        0.129     6.559 r  bd_0_i/hls_inst/inst/grp_p_shadowquilt_main_loop_make_verticle_strip_fu_565/grp_makePatch_alignedToLine_fu_1322/grp_alignedtoline_per_layer_loop8_fu_183/grp_p_find_boundaries_and_starting_index_and_value9_fu_922/p_find_left_and_right_boundaries11_U0/sub_ln947_4_reg_2467[0]_i_1/O
                         net (fo=3, routed)           0.432     6.991    bd_0_i/hls_inst/inst/grp_p_shadowquilt_main_loop_make_verticle_strip_fu_565/grp_makePatch_alignedToLine_fu_1322/grp_alignedtoline_per_layer_loop8_fu_183/grp_p_find_boundaries_and_starting_index_and_value9_fu_922/p_find_left_and_right_boundaries11_U0/sub_ln947_4_reg_2467[0]_i_1_n_17
    SLICE_X102Y146       LUT6 (Prop_lut6_I3_O)        0.043     7.034 r  bd_0_i/hls_inst/inst/grp_p_shadowquilt_main_loop_make_verticle_strip_fu_565/grp_makePatch_alignedToLine_fu_1322/grp_alignedtoline_per_layer_loop8_fu_183/grp_p_find_boundaries_and_starting_index_and_value9_fu_922/p_find_left_and_right_boundaries11_U0/p_Result_98_reg_2472[0]_i_9/O
                         net (fo=1, routed)           0.551     7.585    bd_0_i/hls_inst/inst/grp_p_shadowquilt_main_loop_make_verticle_strip_fu_565/grp_makePatch_alignedToLine_fu_1322/grp_alignedtoline_per_layer_loop8_fu_183/grp_p_find_boundaries_and_starting_index_and_value9_fu_922/p_find_left_and_right_boundaries11_U0/p_Result_98_reg_2472[0]_i_9_n_17
    SLICE_X98Y146        LUT6 (Prop_lut6_I1_O)        0.043     7.628 r  bd_0_i/hls_inst/inst/grp_p_shadowquilt_main_loop_make_verticle_strip_fu_565/grp_makePatch_alignedToLine_fu_1322/grp_alignedtoline_per_layer_loop8_fu_183/grp_p_find_boundaries_and_starting_index_and_value9_fu_922/p_find_left_and_right_boundaries11_U0/p_Result_98_reg_2472[0]_i_3/O
                         net (fo=1, routed)           0.438     8.066    bd_0_i/hls_inst/inst/grp_p_shadowquilt_main_loop_make_verticle_strip_fu_565/grp_makePatch_alignedToLine_fu_1322/grp_alignedtoline_per_layer_loop8_fu_183/grp_p_find_boundaries_and_starting_index_and_value9_fu_922/p_find_left_and_right_boundaries11_U0/p_Result_98_reg_2472[0]_i_3_n_17
    SLICE_X96Y146        LUT5 (Prop_lut5_I0_O)        0.043     8.109 r  bd_0_i/hls_inst/inst/grp_p_shadowquilt_main_loop_make_verticle_strip_fu_565/grp_makePatch_alignedToLine_fu_1322/grp_alignedtoline_per_layer_loop8_fu_183/grp_p_find_boundaries_and_starting_index_and_value9_fu_922/p_find_left_and_right_boundaries11_U0/p_Result_98_reg_2472[0]_i_2/O
                         net (fo=1, routed)           0.000     8.109    bd_0_i/hls_inst/inst/grp_p_shadowquilt_main_loop_make_verticle_strip_fu_565/grp_makePatch_alignedToLine_fu_1322/grp_alignedtoline_per_layer_loop8_fu_183/grp_p_find_boundaries_and_starting_index_and_value9_fu_922/p_find_left_and_right_boundaries11_U0/p_Result_98_fu_679_p3
    SLICE_X96Y146        FDRE                                         r  bd_0_i/hls_inst/inst/grp_p_shadowquilt_main_loop_make_verticle_strip_fu_565/grp_makePatch_alignedToLine_fu_1322/grp_alignedtoline_per_layer_loop8_fu_183/grp_p_find_boundaries_and_starting_index_and_value9_fu_922/p_find_left_and_right_boundaries11_U0/p_Result_98_reg_2472_reg[0]/D
  -------------------------------------------------------------------    -------------------

                         (clock ap_clk rise edge)    10.000    10.000 r  
                                                      0.000    10.000 r  ap_clk (IN)
                         net (fo=16362, unset)        0.483    10.483    bd_0_i/hls_inst/inst/grp_p_shadowquilt_main_loop_make_verticle_strip_fu_565/grp_makePatch_alignedToLine_fu_1322/grp_alignedtoline_per_layer_loop8_fu_183/grp_p_find_boundaries_and_starting_index_and_value9_fu_922/p_find_left_and_right_boundaries11_U0/ap_clk
    SLICE_X96Y146        FDRE                                         r  bd_0_i/hls_inst/inst/grp_p_shadowquilt_main_loop_make_verticle_strip_fu_565/grp_makePatch_alignedToLine_fu_1322/grp_alignedtoline_per_layer_loop8_fu_183/grp_p_find_boundaries_and_starting_index_and_value9_fu_922/p_find_left_and_right_boundaries11_U0/p_Result_98_reg_2472_reg[0]/C
                         clock pessimism              0.000    10.483    
                         clock uncertainty           -0.035    10.447    
    SLICE_X96Y146        FDRE (Setup_fdre_C_D)        0.081    10.528    bd_0_i/hls_inst/inst/grp_p_shadowquilt_main_loop_make_verticle_strip_fu_565/grp_makePatch_alignedToLine_fu_1322/grp_alignedtoline_per_layer_loop8_fu_183/grp_p_find_boundaries_and_starting_index_and_value9_fu_922/p_find_left_and_right_boundaries11_U0/p_Result_98_reg_2472_reg[0]
  -------------------------------------------------------------------
                         required time                         10.528    
                         arrival time                          -8.109    
  -------------------------------------------------------------------
                         slack                                  2.419    

Slack (MET) :             2.442ns  (required time - arrival time)
  Source:                 bd_0_i/hls_inst/inst/grp_p_shadowquilt_main_loop_make_verticle_strip_fu_565/grp_makePatch_alignedToLine_fu_1322/grp_alignedtoline_per_layer_loop8_fu_183/mul_33s_25ns_58_1_1_U43/system_top_mul_33s_25ns_58_1_1_Multiplier_0_U/p__1/CLK
                            (rising edge-triggered cell DSP48E1 clocked by ap_clk  {rise@0.000ns fall@5.000ns period=10.000ns})
  Destination:            bd_0_i/hls_inst/inst/grp_p_shadowquilt_main_loop_make_verticle_strip_fu_565/grp_makePatch_alignedToLine_fu_1322/grp_alignedtoline_per_layer_loop8_fu_183/mul_78s_108ns_185_3_1_U44/system_top_mul_78s_108ns_185_3_1_Multiplier_1_U/tmp_product__2/B[11]
                            (rising edge-triggered cell DSP48E1 clocked by ap_clk  {rise@0.000ns fall@5.000ns period=10.000ns})
  Path Group:             ap_clk
  Path Type:              Setup (Max at Slow Process Corner)
  Requirement:            10.000ns  (ap_clk rise@10.000ns - ap_clk rise@0.000ns)
  Data Path Delay:        7.146ns  (logic 4.464ns (62.471%)  route 2.682ns (37.529%))
  Logic Levels:           13  (CARRY4=11 DSP48E1=1 LUT2=1)
  Clock Path Skew:        -0.025ns (DCD - SCD + CPR)
    Destination Clock Delay (DCD):    0.483ns = ( 10.483 - 10.000 ) 
    Source Clock Delay      (SCD):    0.508ns
    Clock Pessimism Removal (CPR):    0.000ns
  Clock Uncertainty:      0.035ns  ((TSJ^2 + TIJ^2)^1/2 + DJ) / 2 + PE
    Total System Jitter     (TSJ):    0.071ns
    Total Input Jitter      (TIJ):    0.000ns
    Discrete Jitter          (DJ):    0.000ns
    Phase Error              (PE):    0.000ns

    Location             Delay type                Incr(ns)  Path(ns)    Netlist Resource(s)
  -------------------------------------------------------------------    -------------------
                         (clock ap_clk rise edge)     0.000     0.000 r  
                                                      0.000     0.000 r  ap_clk (IN)
                         net (fo=16362, unset)        0.508     0.508    bd_0_i/hls_inst/inst/grp_p_shadowquilt_main_loop_make_verticle_strip_fu_565/grp_makePatch_alignedToLine_fu_1322/grp_alignedtoline_per_layer_loop8_fu_183/mul_33s_25ns_58_1_1_U43/system_top_mul_33s_25ns_58_1_1_Multiplier_0_U/ap_clk
    DSP48_X5Y10          DSP48E1                                      r  bd_0_i/hls_inst/inst/grp_p_shadowquilt_main_loop_make_verticle_strip_fu_565/grp_makePatch_alignedToLine_fu_1322/grp_alignedtoline_per_layer_loop8_fu_183/mul_33s_25ns_58_1_1_U43/system_top_mul_33s_25ns_58_1_1_Multiplier_0_U/p__1/CLK
  -------------------------------------------------------------------    -------------------
    DSP48_X5Y10          DSP48E1 (Prop_dsp48e1_CLK_PCOUT[47])
                                                      2.626     3.134 r  bd_0_i/hls_inst/inst/grp_p_shadowquilt_main_loop_make_verticle_strip_fu_565/grp_makePatch_alignedToLine_fu_1322/grp_alignedtoline_per_layer_loop8_fu_183/mul_33s_25ns_58_1_1_U43/system_top_mul_33s_25ns_58_1_1_Multiplier_0_U/p__1/PCOUT[47]
                         net (fo=1, routed)           0.000     3.134    bd_0_i/hls_inst/inst/grp_p_shadowquilt_main_loop_make_verticle_strip_fu_565/grp_makePatch_alignedToLine_fu_1322/grp_alignedtoline_per_layer_loop8_fu_183/mul_33s_25ns_58_1_1_U43/system_top_mul_33s_25ns_58_1_1_Multiplier_0_U/p__1_n_123
    DSP48_X5Y11          DSP48E1 (Prop_dsp48e1_PCIN[47]_P[0])
                                                      0.938     4.072 r  bd_0_i/hls_inst/inst/grp_p_shadowquilt_main_loop_make_verticle_strip_fu_565/grp_makePatch_alignedToLine_fu_1322/grp_alignedtoline_per_layer_loop8_fu_183/mul_33s_25ns_58_1_1_U43/system_top_mul_33s_25ns_58_1_1_Multiplier_0_U/p__2/P[0]
                         net (fo=2, routed)           0.676     4.748    bd_0_i/hls_inst/inst/grp_p_shadowquilt_main_loop_make_verticle_strip_fu_565/grp_makePatch_alignedToLine_fu_1322/grp_alignedtoline_per_layer_loop8_fu_183/mul_33s_25ns_58_1_1_U43/system_top_mul_33s_25ns_58_1_1_Multiplier_0_U/p__2_0[0]
    SLICE_X105Y20        LUT2 (Prop_lut2_I0_O)        0.043     4.791 r  bd_0_i/hls_inst/inst/grp_p_shadowquilt_main_loop_make_verticle_strip_fu_565/grp_makePatch_alignedToLine_fu_1322/grp_alignedtoline_per_layer_loop8_fu_183/mul_33s_25ns_58_1_1_U43/system_top_mul_33s_25ns_58_1_1_Multiplier_0_U/tmp_product__0_i_19/O
                         net (fo=1, routed)           0.000     4.791    bd_0_i/hls_inst/inst/grp_p_shadowquilt_main_loop_make_verticle_strip_fu_565_n_19
    SLICE_X105Y20        CARRY4 (Prop_carry4_S[1]_CO[3])
                                                      0.257     5.048 r  bd_0_i/hls_inst/inst/mul_33s_25ns_58_1_1_U43/system_top_mul_33s_25ns_58_1_1_Multiplier_0_U/tmp_product__0_i_4/CO[3]
                         net (fo=1, routed)           0.000     5.048    bd_0_i/hls_inst/inst/mul_33s_25ns_58_1_1_U43/system_top_mul_33s_25ns_58_1_1_Multiplier_0_U/tmp_product__0_i_4_n_17
    SLICE_X105Y21        CARRY4 (Prop_carry4_CI_CO[3])
                                                      0.049     5.097 r  bd_0_i/hls_inst/inst/mul_33s_25ns_58_1_1_U43/system_top_mul_33s_25ns_58_1_1_Multiplier_0_U/tmp_product__0_i_3/CO[3]
                         net (fo=1, routed)           0.000     5.097    bd_0_i/hls_inst/inst/mul_33s_25ns_58_1_1_U43/system_top_mul_33s_25ns_58_1_1_Multiplier_0_U/tmp_product__0_i_3_n_17
    SLICE_X105Y22        CARRY4 (Prop_carry4_CI_CO[3])
                                                      0.049     5.146 r  bd_0_i/hls_inst/inst/mul_33s_25ns_58_1_1_U43/system_top_mul_33s_25ns_58_1_1_Multiplier_0_U/tmp_product__0_i_2/CO[3]
                         net (fo=1, routed)           0.000     5.146    bd_0_i/hls_inst/inst/mul_33s_25ns_58_1_1_U43/system_top_mul_33s_25ns_58_1_1_Multiplier_0_U/tmp_product__0_i_2_n_17
    SLICE_X105Y23        CARRY4 (Prop_carry4_CI_CO[3])
                                                      0.049     5.195 r  bd_0_i/hls_inst/inst/mul_33s_25ns_58_1_1_U43/system_top_mul_33s_25ns_58_1_1_Multiplier_0_U/tmp_product__0_i_1/CO[3]
                         net (fo=1, routed)           0.000     5.195    bd_0_i/hls_inst/inst/mul_33s_25ns_58_1_1_U43/system_top_mul_33s_25ns_58_1_1_Multiplier_0_U/tmp_product__0_i_1_n_17
    SLICE_X105Y24        CARRY4 (Prop_carry4_CI_CO[3])
                                                      0.049     5.244 r  bd_0_i/hls_inst/inst/mul_33s_25ns_58_1_1_U43/system_top_mul_33s_25ns_58_1_1_Multiplier_0_U/tmp_product__1_i_4/CO[3]
                         net (fo=1, routed)           0.007     5.251    bd_0_i/hls_inst/inst/mul_33s_25ns_58_1_1_U43/system_top_mul_33s_25ns_58_1_1_Multiplier_0_U/tmp_product__1_i_4_n_17
    SLICE_X105Y25        CARRY4 (Prop_carry4_CI_CO[3])
                                                      0.049     5.300 r  bd_0_i/hls_inst/inst/mul_33s_25ns_58_1_1_U43/system_top_mul_33s_25ns_58_1_1_Multiplier_0_U/tmp_product__1_i_3/CO[3]
                         net (fo=1, routed)           0.000     5.300    bd_0_i/hls_inst/inst/mul_33s_25ns_58_1_1_U43/system_top_mul_33s_25ns_58_1_1_Multiplier_0_U/tmp_product__1_i_3_n_17
    SLICE_X105Y26        CARRY4 (Prop_carry4_CI_CO[3])
                                                      0.049     5.349 r  bd_0_i/hls_inst/inst/mul_33s_25ns_58_1_1_U43/system_top_mul_33s_25ns_58_1_1_Multiplier_0_U/tmp_product__1_i_2/CO[3]
                         net (fo=1, routed)           0.000     5.349    bd_0_i/hls_inst/inst/mul_33s_25ns_58_1_1_U43/system_top_mul_33s_25ns_58_1_1_Multiplier_0_U/tmp_product__1_i_2_n_17
    SLICE_X105Y27        CARRY4 (Prop_carry4_CI_CO[3])
                                                      0.049     5.398 r  bd_0_i/hls_inst/inst/mul_33s_25ns_58_1_1_U43/system_top_mul_33s_25ns_58_1_1_Multiplier_0_U/tmp_product__1_i_1/CO[3]
                         net (fo=1, routed)           0.000     5.398    bd_0_i/hls_inst/inst/mul_33s_25ns_58_1_1_U43/system_top_mul_33s_25ns_58_1_1_Multiplier_0_U/tmp_product__1_i_1_n_17
    SLICE_X105Y28        CARRY4 (Prop_carry4_CI_CO[3])
                                                      0.049     5.447 r  bd_0_i/hls_inst/inst/mul_33s_25ns_58_1_1_U43/system_top_mul_33s_25ns_58_1_1_Multiplier_0_U/tmp_product_i_2/CO[3]
                         net (fo=1, routed)           0.000     5.447    bd_0_i/hls_inst/inst/mul_33s_25ns_58_1_1_U43/system_top_mul_33s_25ns_58_1_1_Multiplier_0_U/tmp_product_i_2_n_17
    SLICE_X105Y29        CARRY4 (Prop_carry4_CI_CO[3])
                                                      0.049     5.496 r  bd_0_i/hls_inst/inst/mul_33s_25ns_58_1_1_U43/system_top_mul_33s_25ns_58_1_1_Multiplier_0_U/tmp_product_i_1/CO[3]
                         net (fo=1, routed)           0.000     5.496    bd_0_i/hls_inst/inst/grp_p_shadowquilt_main_loop_make_verticle_strip_fu_565/grp_makePatch_alignedToLine_fu_1322/grp_alignedtoline_per_layer_loop8_fu_183/mul_33s_25ns_58_1_1_U43/system_top_mul_33s_25ns_58_1_1_Multiplier_0_U/tmp_product__11[0]
    SLICE_X105Y30        CARRY4 (Prop_carry4_CI_O[1])
                                                      0.159     5.655 r  bd_0_i/hls_inst/inst/grp_p_shadowquilt_main_loop_make_verticle_strip_fu_565/grp_makePatch_alignedToLine_fu_1322/grp_alignedtoline_per_layer_loop8_fu_183/mul_33s_25ns_58_1_1_U43/system_top_mul_33s_25ns_58_1_1_Multiplier_0_U/tmp_25_reg_4588_reg[0]_i_1/O[1]
                         net (fo=55, routed)          1.999     7.654    bd_0_i/hls_inst/inst/grp_p_shadowquilt_main_loop_make_verticle_strip_fu_565/grp_makePatch_alignedToLine_fu_1322/grp_alignedtoline_per_layer_loop8_fu_183/mul_78s_108ns_185_3_1_U44/system_top_mul_78s_108ns_185_3_1_Multiplier_1_U/B[9]
    DSP48_X3Y14          DSP48E1                                      r  bd_0_i/hls_inst/inst/grp_p_shadowquilt_main_loop_make_verticle_strip_fu_565/grp_makePatch_alignedToLine_fu_1322/grp_alignedtoline_per_layer_loop8_fu_183/mul_78s_108ns_185_3_1_U44/system_top_mul_78s_108ns_185_3_1_Multiplier_1_U/tmp_product__2/B[11]
  -------------------------------------------------------------------    -------------------

                         (clock ap_clk rise edge)    10.000    10.000 r  
                                                      0.000    10.000 r  ap_clk (IN)
                         net (fo=16362, unset)        0.483    10.483    bd_0_i/hls_inst/inst/grp_p_shadowquilt_main_loop_make_verticle_strip_fu_565/grp_makePatch_alignedToLine_fu_1322/grp_alignedtoline_per_layer_loop8_fu_183/mul_78s_108ns_185_3_1_U44/system_top_mul_78s_108ns_185_3_1_Multiplier_1_U/ap_clk
    DSP48_X3Y14          DSP48E1                                      r  bd_0_i/hls_inst/inst/grp_p_shadowquilt_main_loop_make_verticle_strip_fu_565/grp_makePatch_alignedToLine_fu_1322/grp_alignedtoline_per_layer_loop8_fu_183/mul_78s_108ns_185_3_1_U44/system_top_mul_78s_108ns_185_3_1_Multiplier_1_U/tmp_product__2/CLK
                         clock pessimism              0.000    10.483    
                         clock uncertainty           -0.035    10.447    
    DSP48_X3Y14          DSP48E1 (Setup_dsp48e1_CLK_B[11])
                                                     -0.351    10.096    bd_0_i/hls_inst/inst/grp_p_shadowquilt_main_loop_make_verticle_strip_fu_565/grp_makePatch_alignedToLine_fu_1322/grp_alignedtoline_per_layer_loop8_fu_183/mul_78s_108ns_185_3_1_U44/system_top_mul_78s_108ns_185_3_1_Multiplier_1_U/tmp_product__2
  -------------------------------------------------------------------
                         required time                         10.096    
                         arrival time                          -7.654    
  -------------------------------------------------------------------
                         slack                                  2.442    




