
*** Running vivado
    with args -log bd_0_hls_inst_0.vds -m64 -product Vivado -mode batch -messageDb vivado.pb -notrace -source bd_0_hls_inst_0.tcl



****** Vivado v2020.2 (64-bit)
  **** SW Build 3064766 on Wed Nov 18 09:12:45 MST 2020
  **** IP Build 3064653 on Wed Nov 18 14:17:31 MST 2020
    ** Copyright 1986-2020 Xilinx, Inc. All Rights Reserved.

source bd_0_hls_inst_0.tcl -notrace
INFO: [IP_Flow 19-234] Refreshing IP repositories
INFO: [IP_Flow 19-1700] Loaded user IP repository 'c:/Projects/ParticleCoverHLS/solution1/impl/ip'.
INFO: [IP_Flow 19-2313] Loaded Vivado IP repository 'C:/Xilinx/Vivado/2020.2/data/ip'.
Command: synth_design -top bd_0_hls_inst_0 -part xc7z030sbg485-3 -directive sdx_optimization_effort_high -mode out_of_context
Starting synth_design
Attempting to get a license for feature 'Synthesis' and/or device 'xc7z030'
INFO: [Common 17-349] Got license for feature 'Synthesis' and/or device 'xc7z030'
INFO: [Device 21-403] Loading part xc7z030sbg485-3
INFO: [Synth 8-7079] Multithreading enabled for synth_design using a maximum of 2 processes.
INFO: [Synth 8-7078] Launching helper process for spawning children vivado processes
INFO: [Synth 8-7075] Helper process launched with PID 7872
---------------------------------------------------------------------------------
Starting RTL Elaboration : Time (s): cpu = 00:00:03 ; elapsed = 00:00:03 . Memory (MB): peak = 1159.090 ; gain = 49.363
---------------------------------------------------------------------------------
INFO: [Synth 8-6157] synthesizing module 'bd_0_hls_inst_0' [c:/Projects/ParticleCoverHLS/solution1/impl/verilog/project.gen/sources_1/bd/bd_0/ip/bd_0_hls_inst_0/synth/bd_0_hls_inst_0.v:58]
INFO: [Synth 8-6157] synthesizing module 'system_top' [c:/Projects/ParticleCoverHLS/solution1/impl/verilog/project.gen/sources_1/bd/bd_0/ipshared/6953/hdl/verilog/system_top.v:12]
	Parameter ap_ST_fsm_state1 bound to: 12'b000000000001 
	Parameter ap_ST_fsm_pp0_stage0 bound to: 12'b000000000010 
	Parameter ap_ST_fsm_state4 bound to: 12'b000000000100 
	Parameter ap_ST_fsm_pp1_stage0 bound to: 12'b000000001000 
	Parameter ap_ST_fsm_state7 bound to: 12'b000000010000 
	Parameter ap_ST_fsm_pp2_stage0 bound to: 12'b000000100000 
	Parameter ap_ST_fsm_state10 bound to: 12'b000001000000 
	Parameter ap_ST_fsm_pp3_stage0 bound to: 12'b000010000000 
	Parameter ap_ST_fsm_state13 bound to: 12'b000100000000 
	Parameter ap_ST_fsm_state14 bound to: 12'b001000000000 
	Parameter ap_ST_fsm_state15 bound to: 12'b010000000000 
	Parameter ap_ST_fsm_state16 bound to: 12'b100000000000 
INFO: [Synth 8-6157] synthesizing module 'system_top_system_top_ap_uint_96_512_unsigned_int_stream_ap_uint_96_0_patch_buffer_is_embkb' [c:/Projects/ParticleCoverHLS/solution1/impl/verilog/project.gen/sources_1/bd/bd_0/ipshared/6953/hdl/verilog/system_top_system_top_ap_uint_96_512_unsigned_int_stream_ap_uint_96_0_patch_buffer_is_embkb.v:39]
	Parameter DataWidth bound to: 1 - type: integer 
	Parameter AddressRange bound to: 3 - type: integer 
	Parameter AddressWidth bound to: 2 - type: integer 
INFO: [Synth 8-6157] synthesizing module 'system_top_system_top_ap_uint_96_512_unsigned_int_stream_ap_uint_96_0_patch_buffer_is_embkb_rom' [c:/Projects/ParticleCoverHLS/solution1/impl/verilog/project.gen/sources_1/bd/bd_0/ipshared/6953/hdl/verilog/system_top_system_top_ap_uint_96_512_unsigned_int_stream_ap_uint_96_0_patch_buffer_is_embkb.v:6]
	Parameter DWIDTH bound to: 1 - type: integer 
	Parameter AWIDTH bound to: 2 - type: integer 
	Parameter MEM_SIZE bound to: 3 - type: integer 
INFO: [Synth 8-3876] $readmem data file './system_top_system_top_ap_uint_96_512_unsigned_int_stream_ap_uint_96_0_patch_buffer_is_embkb_rom.dat' is read successfully [c:/Projects/ParticleCoverHLS/solution1/impl/verilog/project.gen/sources_1/bd/bd_0/ipshared/6953/hdl/verilog/system_top_system_top_ap_uint_96_512_unsigned_int_stream_ap_uint_96_0_patch_buffer_is_embkb.v:21]
INFO: [Synth 8-6155] done synthesizing module 'system_top_system_top_ap_uint_96_512_unsigned_int_stream_ap_uint_96_0_patch_buffer_is_embkb_rom' (1#1) [c:/Projects/ParticleCoverHLS/solution1/impl/verilog/project.gen/sources_1/bd/bd_0/ipshared/6953/hdl/verilog/system_top_system_top_ap_uint_96_512_unsigned_int_stream_ap_uint_96_0_patch_buffer_is_embkb.v:6]
INFO: [Synth 8-6155] done synthesizing module 'system_top_system_top_ap_uint_96_512_unsigned_int_stream_ap_uint_96_0_patch_buffer_is_embkb' (2#1) [c:/Projects/ParticleCoverHLS/solution1/impl/verilog/project.gen/sources_1/bd/bd_0/ipshared/6953/hdl/verilog/system_top_system_top_ap_uint_96_512_unsigned_int_stream_ap_uint_96_0_patch_buffer_is_embkb.v:39]
INFO: [Synth 8-6157] synthesizing module 'system_top_patch_buffer_V' [c:/Projects/ParticleCoverHLS/solution1/impl/verilog/project.gen/sources_1/bd/bd_0/ipshared/6953/hdl/verilog/system_top_patch_buffer_V.v:52]
	Parameter DataWidth bound to: 32 - type: integer 
	Parameter AddressRange bound to: 240 - type: integer 
	Parameter AddressWidth bound to: 8 - type: integer 
INFO: [Synth 8-6157] synthesizing module 'system_top_patch_buffer_V_ram' [c:/Projects/ParticleCoverHLS/solution1/impl/verilog/project.gen/sources_1/bd/bd_0/ipshared/6953/hdl/verilog/system_top_patch_buffer_V.v:6]
	Parameter DWIDTH bound to: 32 - type: integer 
	Parameter AWIDTH bound to: 8 - type: integer 
	Parameter MEM_SIZE bound to: 240 - type: integer 
INFO: [Synth 8-6155] done synthesizing module 'system_top_patch_buffer_V_ram' (3#1) [c:/Projects/ParticleCoverHLS/solution1/impl/verilog/project.gen/sources_1/bd/bd_0/ipshared/6953/hdl/verilog/system_top_patch_buffer_V.v:6]
INFO: [Synth 8-6155] done synthesizing module 'system_top_patch_buffer_V' (4#1) [c:/Projects/ParticleCoverHLS/solution1/impl/verilog/project.gen/sources_1/bd/bd_0/ipshared/6953/hdl/verilog/system_top_patch_buffer_V.v:52]
WARNING: [Synth 8-4446] all outputs are unconnected for this instance and logic may be removed [c:/Projects/ParticleCoverHLS/solution1/impl/verilog/project.gen/sources_1/bd/bd_0/ipshared/6953/hdl/verilog/system_top.v:498]
INFO: [Synth 8-6157] synthesizing module 'system_top_patch_buffer_is_empty' [c:/Projects/ParticleCoverHLS/solution1/impl/verilog/project.gen/sources_1/bd/bd_0/ipshared/6953/hdl/verilog/system_top_patch_buffer_is_empty.v:35]
	Parameter DataWidth bound to: 1 - type: integer 
	Parameter AddressRange bound to: 3 - type: integer 
	Parameter AddressWidth bound to: 2 - type: integer 
WARNING: [Synth 8-4446] all outputs are unconnected for this instance and logic may be removed [c:/Projects/ParticleCoverHLS/solution1/impl/verilog/project.gen/sources_1/bd/bd_0/ipshared/6953/hdl/verilog/system_top_patch_buffer_is_empty.v:55]
INFO: [Synth 8-6157] synthesizing module 'system_top_patch_buffer_is_empty_ram' [c:/Projects/ParticleCoverHLS/solution1/impl/verilog/project.gen/sources_1/bd/bd_0/ipshared/6953/hdl/verilog/system_top_patch_buffer_is_empty.v:6]
	Parameter DWIDTH bound to: 1 - type: integer 
	Parameter AWIDTH bound to: 2 - type: integer 
	Parameter MEM_SIZE bound to: 3 - type: integer 
INFO: [Synth 8-6155] done synthesizing module 'system_top_patch_buffer_is_empty_ram' (5#1) [c:/Projects/ParticleCoverHLS/solution1/impl/verilog/project.gen/sources_1/bd/bd_0/ipshared/6953/hdl/verilog/system_top_patch_buffer_is_empty.v:6]
INFO: [Synth 8-6155] done synthesizing module 'system_top_patch_buffer_is_empty' (6#1) [c:/Projects/ParticleCoverHLS/solution1/impl/verilog/project.gen/sources_1/bd/bd_0/ipshared/6953/hdl/verilog/system_top_patch_buffer_is_empty.v:35]
WARNING: [Synth 8-4446] all outputs are unconnected for this instance and logic may be removed [c:/Projects/ParticleCoverHLS/solution1/impl/verilog/project.gen/sources_1/bd/bd_0/ipshared/6953/hdl/verilog/system_top.v:511]
INFO: [Synth 8-6157] synthesizing module 'system_top_pSlope_V' [c:/Projects/ParticleCoverHLS/solution1/impl/verilog/project.gen/sources_1/bd/bd_0/ipshared/6953/hdl/verilog/system_top_pSlope_V.v:35]
	Parameter DataWidth bound to: 32 - type: integer 
	Parameter AddressRange bound to: 15 - type: integer 
	Parameter AddressWidth bound to: 4 - type: integer 
WARNING: [Synth 8-4446] all outputs are unconnected for this instance and logic may be removed [c:/Projects/ParticleCoverHLS/solution1/impl/verilog/project.gen/sources_1/bd/bd_0/ipshared/6953/hdl/verilog/system_top_pSlope_V.v:55]
INFO: [Synth 8-6157] synthesizing module 'system_top_pSlope_V_ram' [c:/Projects/ParticleCoverHLS/solution1/impl/verilog/project.gen/sources_1/bd/bd_0/ipshared/6953/hdl/verilog/system_top_pSlope_V.v:6]
	Parameter DWIDTH bound to: 32 - type: integer 
	Parameter AWIDTH bound to: 4 - type: integer 
	Parameter MEM_SIZE bound to: 15 - type: integer 
INFO: [Synth 8-6155] done synthesizing module 'system_top_pSlope_V_ram' (7#1) [c:/Projects/ParticleCoverHLS/solution1/impl/verilog/project.gen/sources_1/bd/bd_0/ipshared/6953/hdl/verilog/system_top_pSlope_V.v:6]
INFO: [Synth 8-6155] done synthesizing module 'system_top_pSlope_V' (8#1) [c:/Projects/ParticleCoverHLS/solution1/impl/verilog/project.gen/sources_1/bd/bd_0/ipshared/6953/hdl/verilog/system_top_pSlope_V.v:35]
INFO: [Synth 8-6157] synthesizing module 'system_top_shadow_bottomL_jR_V' [c:/Projects/ParticleCoverHLS/solution1/impl/verilog/project.gen/sources_1/bd/bd_0/ipshared/6953/hdl/verilog/system_top_shadow_bottomL_jR_V.v:48]
	Parameter DataWidth bound to: 32 - type: integer 
	Parameter AddressRange bound to: 15 - type: integer 
	Parameter AddressWidth bound to: 4 - type: integer 
INFO: [Synth 8-6157] synthesizing module 'system_top_shadow_bottomL_jR_V_ram' [c:/Projects/ParticleCoverHLS/solution1/impl/verilog/project.gen/sources_1/bd/bd_0/ipshared/6953/hdl/verilog/system_top_shadow_bottomL_jR_V.v:6]
	Parameter DWIDTH bound to: 32 - type: integer 
	Parameter AWIDTH bound to: 4 - type: integer 
	Parameter MEM_SIZE bound to: 15 - type: integer 
INFO: [Synth 8-6155] done synthesizing module 'system_top_shadow_bottomL_jR_V_ram' (9#1) [c:/Projects/ParticleCoverHLS/solution1/impl/verilog/project.gen/sources_1/bd/bd_0/ipshared/6953/hdl/verilog/system_top_shadow_bottomL_jR_V.v:6]
INFO: [Synth 8-6155] done synthesizing module 'system_top_shadow_bottomL_jR_V' (10#1) [c:/Projects/ParticleCoverHLS/solution1/impl/verilog/project.gen/sources_1/bd/bd_0/ipshared/6953/hdl/verilog/system_top_shadow_bottomL_jR_V.v:48]
INFO: [Synth 8-6157] synthesizing module 'system_top_z1_min_V' [c:/Projects/ParticleCoverHLS/solution1/impl/verilog/project.gen/sources_1/bd/bd_0/ipshared/6953/hdl/verilog/system_top_z1_min_V.v:37]
	Parameter DataWidth bound to: 32 - type: integer 
	Parameter AddressRange bound to: 15 - type: integer 
	Parameter AddressWidth bound to: 4 - type: integer 
INFO: [Synth 8-6157] synthesizing module 'system_top_z1_min_V_ram' [c:/Projects/ParticleCoverHLS/solution1/impl/verilog/project.gen/sources_1/bd/bd_0/ipshared/6953/hdl/verilog/system_top_z1_min_V.v:6]
	Parameter DWIDTH bound to: 32 - type: integer 
	Parameter AWIDTH bound to: 4 - type: integer 
	Parameter MEM_SIZE bound to: 15 - type: integer 
INFO: [Synth 8-6155] done synthesizing module 'system_top_z1_min_V_ram' (11#1) [c:/Projects/ParticleCoverHLS/solution1/impl/verilog/project.gen/sources_1/bd/bd_0/ipshared/6953/hdl/verilog/system_top_z1_min_V.v:6]
INFO: [Synth 8-6155] done synthesizing module 'system_top_z1_min_V' (12#1) [c:/Projects/ParticleCoverHLS/solution1/impl/verilog/project.gen/sources_1/bd/bd_0/ipshared/6953/hdl/verilog/system_top_z1_min_V.v:37]
WARNING: [Synth 8-4446] all outputs are unconnected for this instance and logic may be removed [c:/Projects/ParticleCoverHLS/solution1/impl/verilog/project.gen/sources_1/bd/bd_0/ipshared/6953/hdl/verilog/system_top.v:620]
INFO: [Synth 8-6157] synthesizing module 'system_top_a_corner_0_V' [c:/Projects/ParticleCoverHLS/solution1/impl/verilog/project.gen/sources_1/bd/bd_0/ipshared/6953/hdl/verilog/system_top_a_corner_0_V.v:35]
	Parameter DataWidth bound to: 32 - type: integer 
	Parameter AddressRange bound to: 3 - type: integer 
	Parameter AddressWidth bound to: 2 - type: integer 
WARNING: [Synth 8-4446] all outputs are unconnected for this instance and logic may be removed [c:/Projects/ParticleCoverHLS/solution1/impl/verilog/project.gen/sources_1/bd/bd_0/ipshared/6953/hdl/verilog/system_top_a_corner_0_V.v:55]
INFO: [Synth 8-6157] synthesizing module 'system_top_a_corner_0_V_ram' [c:/Projects/ParticleCoverHLS/solution1/impl/verilog/project.gen/sources_1/bd/bd_0/ipshared/6953/hdl/verilog/system_top_a_corner_0_V.v:6]
	Parameter DWIDTH bound to: 32 - type: integer 
	Parameter AWIDTH bound to: 2 - type: integer 
	Parameter MEM_SIZE bound to: 3 - type: integer 
INFO: [Synth 8-6155] done synthesizing module 'system_top_a_corner_0_V_ram' (13#1) [c:/Projects/ParticleCoverHLS/solution1/impl/verilog/project.gen/sources_1/bd/bd_0/ipshared/6953/hdl/verilog/system_top_a_corner_0_V.v:6]
INFO: [Synth 8-6155] done synthesizing module 'system_top_a_corner_0_V' (14#1) [c:/Projects/ParticleCoverHLS/solution1/impl/verilog/project.gen/sources_1/bd/bd_0/ipshared/6953/hdl/verilog/system_top_a_corner_0_V.v:35]
INFO: [Synth 8-6157] synthesizing module 'system_top_a_corner_1_V' [c:/Projects/ParticleCoverHLS/solution1/impl/verilog/project.gen/sources_1/bd/bd_0/ipshared/6953/hdl/verilog/system_top_a_corner_1_V.v:37]
	Parameter DataWidth bound to: 32 - type: integer 
	Parameter AddressRange bound to: 3 - type: integer 
	Parameter AddressWidth bound to: 2 - type: integer 
INFO: [Synth 8-6157] synthesizing module 'system_top_a_corner_1_V_ram' [c:/Projects/ParticleCoverHLS/solution1/impl/verilog/project.gen/sources_1/bd/bd_0/ipshared/6953/hdl/verilog/system_top_a_corner_1_V.v:6]
	Parameter DWIDTH bound to: 32 - type: integer 
	Parameter AWIDTH bound to: 2 - type: integer 
	Parameter MEM_SIZE bound to: 3 - type: integer 
INFO: [Synth 8-6155] done synthesizing module 'system_top_a_corner_1_V_ram' (15#1) [c:/Projects/ParticleCoverHLS/solution1/impl/verilog/project.gen/sources_1/bd/bd_0/ipshared/6953/hdl/verilog/system_top_a_corner_1_V.v:6]
INFO: [Synth 8-6155] done synthesizing module 'system_top_a_corner_1_V' (16#1) [c:/Projects/ParticleCoverHLS/solution1/impl/verilog/project.gen/sources_1/bd/bd_0/ipshared/6953/hdl/verilog/system_top_a_corner_1_V.v:37]
WARNING: [Synth 8-4446] all outputs are unconnected for this instance and logic may be removed [c:/Projects/ParticleCoverHLS/solution1/impl/verilog/project.gen/sources_1/bd/bd_0/ipshared/6953/hdl/verilog/system_top.v:647]
WARNING: [Synth 8-4446] all outputs are unconnected for this instance and logic may be removed [c:/Projects/ParticleCoverHLS/solution1/impl/verilog/project.gen/sources_1/bd/bd_0/ipshared/6953/hdl/verilog/system_top.v:702]
INFO: [Synth 8-6157] synthesizing module 'system_top_squareAcceptance' [c:/Projects/ParticleCoverHLS/solution1/impl/verilog/project.gen/sources_1/bd/bd_0/ipshared/6953/hdl/verilog/system_top_squareAcceptance.v:37]
	Parameter DataWidth bound to: 1 - type: integer 
	Parameter AddressRange bound to: 3 - type: integer 
	Parameter AddressWidth bound to: 2 - type: integer 
INFO: [Synth 8-6157] synthesizing module 'system_top_squareAcceptance_ram' [c:/Projects/ParticleCoverHLS/solution1/impl/verilog/project.gen/sources_1/bd/bd_0/ipshared/6953/hdl/verilog/system_top_squareAcceptance.v:6]
	Parameter DWIDTH bound to: 1 - type: integer 
	Parameter AWIDTH bound to: 2 - type: integer 
	Parameter MEM_SIZE bound to: 3 - type: integer 
INFO: [Synth 8-6155] done synthesizing module 'system_top_squareAcceptance_ram' (17#1) [c:/Projects/ParticleCoverHLS/solution1/impl/verilog/project.gen/sources_1/bd/bd_0/ipshared/6953/hdl/verilog/system_top_squareAcceptance.v:6]
INFO: [Synth 8-6155] done synthesizing module 'system_top_squareAcceptance' (18#1) [c:/Projects/ParticleCoverHLS/solution1/impl/verilog/project.gen/sources_1/bd/bd_0/ipshared/6953/hdl/verilog/system_top_squareAcceptance.v:37]
WARNING: [Synth 8-4446] all outputs are unconnected for this instance and logic may be removed [c:/Projects/ParticleCoverHLS/solution1/impl/verilog/project.gen/sources_1/bd/bd_0/ipshared/6953/hdl/verilog/system_top.v:799]
INFO: [Synth 8-6157] synthesizing module 'system_top_p_shadowquilt_main_loop_make_verticle_strip' [c:/Projects/ParticleCoverHLS/solution1/impl/verilog/project.gen/sources_1/bd/bd_0/ipshared/6953/hdl/verilog/system_top_p_shadowquilt_main_loop_make_verticle_strip.v:10]
	Parameter ap_ST_fsm_state1 bound to: 607'b0000000000000000000000000000000000000000000000000000000000000000000000000000000000000000000000000000000000000000000000000000000000000000000000000000000000000000000000000000000000000000000000000000000000000000000000000000000000000000000000000000000000000000000000000000000000000000000000000000000000000000000000000000000000000000000000000000000000000000000000000000000000000000000000000000000000000000000000000000000000000000000000000000000000000000000000000000000000000000000000000000000000000000000000000000000000000000000000000000000000000000000000000000000000000000000000000000000000000000000000000000001 
	Parameter ap_ST_fsm_state2 bound to: 607'b0000000000000000000000000000000000000000000000000000000000000000000000000000000000000000000000000000000000000000000000000000000000000000000000000000000000000000000000000000000000000000000000000000000000000000000000000000000000000000000000000000000000000000000000000000000000000000000000000000000000000000000000000000000000000000000000000000000000000000000000000000000000000000000000000000000000000000000000000000000000000000000000000000000000000000000000000000000000000000000000000000000000000000000000000000000000000000000000000000000000000000000000000000000000000000000000000000000000000000000000000000010 
	Parameter ap_ST_fsm_state3 bound to: 607'b0000000000000000000000000000000000000000000000000000000000000000000000000000000000000000000000000000000000000000000000000000000000000000000000000000000000000000000000000000000000000000000000000000000000000000000000000000000000000000000000000000000000000000000000000000000000000000000000000000000000000000000000000000000000000000000000000000000000000000000000000000000000000000000000000000000000000000000000000000000000000000000000000000000000000000000000000000000000000000000000000000000000000000000000000000000000000000000000000000000000000000000000000000000000000000000000000000000000000000000000000000100 
	Parameter ap_ST_fsm_state4 bound to: 607'b0000000000000000000000000000000000000000000000000000000000000000000000000000000000000000000000000000000000000000000000000000000000000000000000000000000000000000000000000000000000000000000000000000000000000000000000000000000000000000000000000000000000000000000000000000000000000000000000000000000000000000000000000000000000000000000000000000000000000000000000000000000000000000000000000000000000000000000000000000000000000000000000000000000000000000000000000000000000000000000000000000000000000000000000000000000000000000000000000000000000000000000000000000000000000000000000000000000000000000000000000001000 
	Parameter ap_ST_fsm_state5 bound to: 607'b0000000000000000000000000000000000000000000000000000000000000000000000000000000000000000000000000000000000000000000000000000000000000000000000000000000000000000000000000000000000000000000000000000000000000000000000000000000000000000000000000000000000000000000000000000000000000000000000000000000000000000000000000000000000000000000000000000000000000000000000000000000000000000000000000000000000000000000000000000000000000000000000000000000000000000000000000000000000000000000000000000000000000000000000000000000000000000000000000000000000000000000000000000000000000000000000000000000000000000000000000010000 
	Parameter ap_ST_fsm_state6 bound to: 607'b0000000000000000000000000000000000000000000000000000000000000000000000000000000000000000000000000000000000000000000000000000000000000000000000000000000000000000000000000000000000000000000000000000000000000000000000000000000000000000000000000000000000000000000000000000000000000000000000000000000000000000000000000000000000000000000000000000000000000000000000000000000000000000000000000000000000000000000000000000000000000000000000000000000000000000000000000000000000000000000000000000000000000000000000000000000000000000000000000000000000000000000000000000000000000000000000000000000000000000000000000100000 
	Parameter ap_ST_fsm_state7 bound to: 607'b0000000000000000000000000000000000000000000000000000000000000000000000000000000000000000000000000000000000000000000000000000000000000000000000000000000000000000000000000000000000000000000000000000000000000000000000000000000000000000000000000000000000000000000000000000000000000000000000000000000000000000000000000000000000000000000000000000000000000000000000000000000000000000000000000000000000000000000000000000000000000000000000000000000000000000000000000000000000000000000000000000000000000000000000000000000000000000000000000000000000000000000000000000000000000000000000000000000000000000000000001000000 
	Parameter ap_ST_fsm_state8 bound to: 607'b0000000000000000000000000000000000000000000000000000000000000000000000000000000000000000000000000000000000000000000000000000000000000000000000000000000000000000000000000000000000000000000000000000000000000000000000000000000000000000000000000000000000000000000000000000000000000000000000000000000000000000000000000000000000000000000000000000000000000000000000000000000000000000000000000000000000000000000000000000000000000000000000000000000000000000000000000000000000000000000000000000000000000000000000000000000000000000000000000000000000000000000000000000000000000000000000000000000000000000000000010000000 
	Parameter ap_ST_fsm_state9 bound to: 607'b0000000000000000000000000000000000000000000000000000000000000000000000000000000000000000000000000000000000000000000000000000000000000000000000000000000000000000000000000000000000000000000000000000000000000000000000000000000000000000000000000000000000000000000000000000000000000000000000000000000000000000000000000000000000000000000000000000000000000000000000000000000000000000000000000000000000000000000000000000000000000000000000000000000000000000000000000000000000000000000000000000000000000000000000000000000000000000000000000000000000000000000000000000000000000000000000000000000000000000000000100000000 
	Parameter ap_ST_fsm_state10 bound to: 607'b0000000000000000000000000000000000000000000000000000000000000000000000000000000000000000000000000000000000000000000000000000000000000000000000000000000000000000000000000000000000000000000000000000000000000000000000000000000000000000000000000000000000000000000000000000000000000000000000000000000000000000000000000000000000000000000000000000000000000000000000000000000000000000000000000000000000000000000000000000000000000000000000000000000000000000000000000000000000000000000000000000000000000000000000000000000000000000000000000000000000000000000000000000000000000000000000000000000000000000000001000000000 
	Parameter ap_ST_fsm_state11 bound to: 607'b0000000000000000000000000000000000000000000000000000000000000000000000000000000000000000000000000000000000000000000000000000000000000000000000000000000000000000000000000000000000000000000000000000000000000000000000000000000000000000000000000000000000000000000000000000000000000000000000000000000000000000000000000000000000000000000000000000000000000000000000000000000000000000000000000000000000000000000000000000000000000000000000000000000000000000000000000000000000000000000000000000000000000000000000000000000000000000000000000000000000000000000000000000000000000000000000000000000000000000000010000000000 
	Parameter ap_ST_fsm_state12 bound to: 607'b0000000000000000000000000000000000000000000000000000000000000000000000000000000000000000000000000000000000000000000000000000000000000000000000000000000000000000000000000000000000000000000000000000000000000000000000000000000000000000000000000000000000000000000000000000000000000000000000000000000000000000000000000000000000000000000000000000000000000000000000000000000000000000000000000000000000000000000000000000000000000000000000000000000000000000000000000000000000000000000000000000000000000000000000000000000000000000000000000000000000000000000000000000000000000000000000000000000000000000000100000000000 
	Parameter ap_ST_fsm_state13 bound to: 607'b0000000000000000000000000000000000000000000000000000000000000000000000000000000000000000000000000000000000000000000000000000000000000000000000000000000000000000000000000000000000000000000000000000000000000000000000000000000000000000000000000000000000000000000000000000000000000000000000000000000000000000000000000000000000000000000000000000000000000000000000000000000000000000000000000000000000000000000000000000000000000000000000000000000000000000000000000000000000000000000000000000000000000000000000000000000000000000000000000000000000000000000000000000000000000000000000000000000000000000001000000000000 
	Parameter ap_ST_fsm_state14 bound to: 607'b0000000000000000000000000000000000000000000000000000000000000000000000000000000000000000000000000000000000000000000000000000000000000000000000000000000000000000000000000000000000000000000000000000000000000000000000000000000000000000000000000000000000000000000000000000000000000000000000000000000000000000000000000000000000000000000000000000000000000000000000000000000000000000000000000000000000000000000000000000000000000000000000000000000000000000000000000000000000000000000000000000000000000000000000000000000000000000000000000000000000000000000000000000000000000000000000000000000000000000010000000000000 
	Parameter ap_ST_fsm_state15 bound to: 607'b0000000000000000000000000000000000000000000000000000000000000000000000000000000000000000000000000000000000000000000000000000000000000000000000000000000000000000000000000000000000000000000000000000000000000000000000000000000000000000000000000000000000000000000000000000000000000000000000000000000000000000000000000000000000000000000000000000000000000000000000000000000000000000000000000000000000000000000000000000000000000000000000000000000000000000000000000000000000000000000000000000000000000000000000000000000000000000000000000000000000000000000000000000000000000000000000000000000000000000100000000000000 
	Parameter ap_ST_fsm_state16 bound to: 607'b0000000000000000000000000000000000000000000000000000000000000000000000000000000000000000000000000000000000000000000000000000000000000000000000000000000000000000000000000000000000000000000000000000000000000000000000000000000000000000000000000000000000000000000000000000000000000000000000000000000000000000000000000000000000000000000000000000000000000000000000000000000000000000000000000000000000000000000000000000000000000000000000000000000000000000000000000000000000000000000000000000000000000000000000000000000000000000000000000000000000000000000000000000000000000000000000000000000000000001000000000000000 
	Parameter ap_ST_fsm_state17 bound to: 607'b0000000000000000000000000000000000000000000000000000000000000000000000000000000000000000000000000000000000000000000000000000000000000000000000000000000000000000000000000000000000000000000000000000000000000000000000000000000000000000000000000000000000000000000000000000000000000000000000000000000000000000000000000000000000000000000000000000000000000000000000000000000000000000000000000000000000000000000000000000000000000000000000000000000000000000000000000000000000000000000000000000000000000000000000000000000000000000000000000000000000000000000000000000000000000000000000000000000000000010000000000000000 
	Parameter ap_ST_fsm_state18 bound to: 607'b0000000000000000000000000000000000000000000000000000000000000000000000000000000000000000000000000000000000000000000000000000000000000000000000000000000000000000000000000000000000000000000000000000000000000000000000000000000000000000000000000000000000000000000000000000000000000000000000000000000000000000000000000000000000000000000000000000000000000000000000000000000000000000000000000000000000000000000000000000000000000000000000000000000000000000000000000000000000000000000000000000000000000000000000000000000000000000000000000000000000000000000000000000000000000000000000000000000000000100000000000000000 
	Parameter ap_ST_fsm_state19 bound to: 607'b0000000000000000000000000000000000000000000000000000000000000000000000000000000000000000000000000000000000000000000000000000000000000000000000000000000000000000000000000000000000000000000000000000000000000000000000000000000000000000000000000000000000000000000000000000000000000000000000000000000000000000000000000000000000000000000000000000000000000000000000000000000000000000000000000000000000000000000000000000000000000000000000000000000000000000000000000000000000000000000000000000000000000000000000000000000000000000000000000000000000000000000000000000000000000000000000000000000000001000000000000000000 
	Parameter ap_ST_fsm_state20 bound to: 607'b0000000000000000000000000000000000000000000000000000000000000000000000000000000000000000000000000000000000000000000000000000000000000000000000000000000000000000000000000000000000000000000000000000000000000000000000000000000000000000000000000000000000000000000000000000000000000000000000000000000000000000000000000000000000000000000000000000000000000000000000000000000000000000000000000000000000000000000000000000000000000000000000000000000000000000000000000000000000000000000000000000000000000000000000000000000000000000000000000000000000000000000000000000000000000000000000000000000000010000000000000000000 
	Parameter ap_ST_fsm_state21 bound to: 607'b0000000000000000000000000000000000000000000000000000000000000000000000000000000000000000000000000000000000000000000000000000000000000000000000000000000000000000000000000000000000000000000000000000000000000000000000000000000000000000000000000000000000000000000000000000000000000000000000000000000000000000000000000000000000000000000000000000000000000000000000000000000000000000000000000000000000000000000000000000000000000000000000000000000000000000000000000000000000000000000000000000000000000000000000000000000000000000000000000000000000000000000000000000000000000000000000000000000000100000000000000000000 
	Parameter ap_ST_fsm_state22 bound to: 607'b0000000000000000000000000000000000000000000000000000000000000000000000000000000000000000000000000000000000000000000000000000000000000000000000000000000000000000000000000000000000000000000000000000000000000000000000000000000000000000000000000000000000000000000000000000000000000000000000000000000000000000000000000000000000000000000000000000000000000000000000000000000000000000000000000000000000000000000000000000000000000000000000000000000000000000000000000000000000000000000000000000000000000000000000000000000000000000000000000000000000000000000000000000000000000000000000000000000001000000000000000000000 
	Parameter ap_ST_fsm_state23 bound to: 607'b0000000000000000000000000000000000000000000000000000000000000000000000000000000000000000000000000000000000000000000000000000000000000000000000000000000000000000000000000000000000000000000000000000000000000000000000000000000000000000000000000000000000000000000000000000000000000000000000000000000000000000000000000000000000000000000000000000000000000000000000000000000000000000000000000000000000000000000000000000000000000000000000000000000000000000000000000000000000000000000000000000000000000000000000000000000000000000000000000000000000000000000000000000000000000000000000000000000010000000000000000000000 
	Parameter ap_ST_fsm_state24 bound to: 607'b0000000000000000000000000000000000000000000000000000000000000000000000000000000000000000000000000000000000000000000000000000000000000000000000000000000000000000000000000000000000000000000000000000000000000000000000000000000000000000000000000000000000000000000000000000000000000000000000000000000000000000000000000000000000000000000000000000000000000000000000000000000000000000000000000000000000000000000000000000000000000000000000000000000000000000000000000000000000000000000000000000000000000000000000000000000000000000000000000000000000000000000000000000000000000000000000000000000100000000000000000000000 
	Parameter ap_ST_fsm_state25 bound to: 607'b0000000000000000000000000000000000000000000000000000000000000000000000000000000000000000000000000000000000000000000000000000000000000000000000000000000000000000000000000000000000000000000000000000000000000000000000000000000000000000000000000000000000000000000000000000000000000000000000000000000000000000000000000000000000000000000000000000000000000000000000000000000000000000000000000000000000000000000000000000000000000000000000000000000000000000000000000000000000000000000000000000000000000000000000000000000000000000000000000000000000000000000000000000000000000000000000000000001000000000000000000000000 
	Parameter ap_ST_fsm_state26 bound to: 607'b0000000000000000000000000000000000000000000000000000000000000000000000000000000000000000000000000000000000000000000000000000000000000000000000000000000000000000000000000000000000000000000000000000000000000000000000000000000000000000000000000000000000000000000000000000000000000000000000000000000000000000000000000000000000000000000000000000000000000000000000000000000000000000000000000000000000000000000000000000000000000000000000000000000000000000000000000000000000000000000000000000000000000000000000000000000000000000000000000000000000000000000000000000000000000000000000000000010000000000000000000000000 
	Parameter ap_ST_fsm_state27 bound to: 607'b0000000000000000000000000000000000000000000000000000000000000000000000000000000000000000000000000000000000000000000000000000000000000000000000000000000000000000000000000000000000000000000000000000000000000000000000000000000000000000000000000000000000000000000000000000000000000000000000000000000000000000000000000000000000000000000000000000000000000000000000000000000000000000000000000000000000000000000000000000000000000000000000000000000000000000000000000000000000000000000000000000000000000000000000000000000000000000000000000000000000000000000000000000000000000000000000000000100000000000000000000000000 
	Parameter ap_ST_fsm_state28 bound to: 607'b0000000000000000000000000000000000000000000000000000000000000000000000000000000000000000000000000000000000000000000000000000000000000000000000000000000000000000000000000000000000000000000000000000000000000000000000000000000000000000000000000000000000000000000000000000000000000000000000000000000000000000000000000000000000000000000000000000000000000000000000000000000000000000000000000000000000000000000000000000000000000000000000000000000000000000000000000000000000000000000000000000000000000000000000000000000000000000000000000000000000000000000000000000000000000000000000000001000000000000000000000000000 
	Parameter ap_ST_fsm_state29 bound to: 607'b0000000000000000000000000000000000000000000000000000000000000000000000000000000000000000000000000000000000000000000000000000000000000000000000000000000000000000000000000000000000000000000000000000000000000000000000000000000000000000000000000000000000000000000000000000000000000000000000000000000000000000000000000000000000000000000000000000000000000000000000000000000000000000000000000000000000000000000000000000000000000000000000000000000000000000000000000000000000000000000000000000000000000000000000000000000000000000000000000000000000000000000000000000000000000000000000000010000000000000000000000000000 
	Parameter ap_ST_fsm_state30 bound to: 607'b0000000000000000000000000000000000000000000000000000000000000000000000000000000000000000000000000000000000000000000000000000000000000000000000000000000000000000000000000000000000000000000000000000000000000000000000000000000000000000000000000000000000000000000000000000000000000000000000000000000000000000000000000000000000000000000000000000000000000000000000000000000000000000000000000000000000000000000000000000000000000000000000000000000000000000000000000000000000000000000000000000000000000000000000000000000000000000000000000000000000000000000000000000000000000000000000000100000000000000000000000000000 
	Parameter ap_ST_fsm_state31 bound to: 607'b0000000000000000000000000000000000000000000000000000000000000000000000000000000000000000000000000000000000000000000000000000000000000000000000000000000000000000000000000000000000000000000000000000000000000000000000000000000000000000000000000000000000000000000000000000000000000000000000000000000000000000000000000000000000000000000000000000000000000000000000000000000000000000000000000000000000000000000000000000000000000000000000000000000000000000000000000000000000000000000000000000000000000000000000000000000000000000000000000000000000000000000000000000000000000000000000001000000000000000000000000000000 
	Parameter ap_ST_fsm_state32 bound to: 607'b0000000000000000000000000000000000000000000000000000000000000000000000000000000000000000000000000000000000000000000000000000000000000000000000000000000000000000000000000000000000000000000000000000000000000000000000000000000000000000000000000000000000000000000000000000000000000000000000000000000000000000000000000000000000000000000000000000000000000000000000000000000000000000000000000000000000000000000000000000000000000000000000000000000000000000000000000000000000000000000000000000000000000000000000000000000000000000000000000000000000000000000000000000000000000000000000010000000000000000000000000000000 
	Parameter ap_ST_fsm_state33 bound to: 607'b0000000000000000000000000000000000000000000000000000000000000000000000000000000000000000000000000000000000000000000000000000000000000000000000000000000000000000000000000000000000000000000000000000000000000000000000000000000000000000000000000000000000000000000000000000000000000000000000000000000000000000000000000000000000000000000000000000000000000000000000000000000000000000000000000000000000000000000000000000000000000000000000000000000000000000000000000000000000000000000000000000000000000000000000000000000000000000000000000000000000000000000000000000000000000000000000100000000000000000000000000000000 
	Parameter ap_ST_fsm_state34 bound to: 607'b0000000000000000000000000000000000000000000000000000000000000000000000000000000000000000000000000000000000000000000000000000000000000000000000000000000000000000000000000000000000000000000000000000000000000000000000000000000000000000000000000000000000000000000000000000000000000000000000000000000000000000000000000000000000000000000000000000000000000000000000000000000000000000000000000000000000000000000000000000000000000000000000000000000000000000000000000000000000000000000000000000000000000000000000000000000000000000000000000000000000000000000000000000000000000000000001000000000000000000000000000000000 
	Parameter ap_ST_fsm_state35 bound to: 607'b0000000000000000000000000000000000000000000000000000000000000000000000000000000000000000000000000000000000000000000000000000000000000000000000000000000000000000000000000000000000000000000000000000000000000000000000000000000000000000000000000000000000000000000000000000000000000000000000000000000000000000000000000000000000000000000000000000000000000000000000000000000000000000000000000000000000000000000000000000000000000000000000000000000000000000000000000000000000000000000000000000000000000000000000000000000000000000000000000000000000000000000000000000000000000000000010000000000000000000000000000000000 
	Parameter ap_ST_fsm_state36 bound to: 607'b0000000000000000000000000000000000000000000000000000000000000000000000000000000000000000000000000000000000000000000000000000000000000000000000000000000000000000000000000000000000000000000000000000000000000000000000000000000000000000000000000000000000000000000000000000000000000000000000000000000000000000000000000000000000000000000000000000000000000000000000000000000000000000000000000000000000000000000000000000000000000000000000000000000000000000000000000000000000000000000000000000000000000000000000000000000000000000000000000000000000000000000000000000000000000000000100000000000000000000000000000000000 
	Parameter ap_ST_fsm_state37 bound to: 607'b0000000000000000000000000000000000000000000000000000000000000000000000000000000000000000000000000000000000000000000000000000000000000000000000000000000000000000000000000000000000000000000000000000000000000000000000000000000000000000000000000000000000000000000000000000000000000000000000000000000000000000000000000000000000000000000000000000000000000000000000000000000000000000000000000000000000000000000000000000000000000000000000000000000000000000000000000000000000000000000000000000000000000000000000000000000000000000000000000000000000000000000000000000000000000000001000000000000000000000000000000000000 
	Parameter ap_ST_fsm_state38 bound to: 607'b0000000000000000000000000000000000000000000000000000000000000000000000000000000000000000000000000000000000000000000000000000000000000000000000000000000000000000000000000000000000000000000000000000000000000000000000000000000000000000000000000000000000000000000000000000000000000000000000000000000000000000000000000000000000000000000000000000000000000000000000000000000000000000000000000000000000000000000000000000000000000000000000000000000000000000000000000000000000000000000000000000000000000000000000000000000000000000000000000000000000000000000000000000000000000000010000000000000000000000000000000000000 
	Parameter ap_ST_fsm_state39 bound to: 607'b0000000000000000000000000000000000000000000000000000000000000000000000000000000000000000000000000000000000000000000000000000000000000000000000000000000000000000000000000000000000000000000000000000000000000000000000000000000000000000000000000000000000000000000000000000000000000000000000000000000000000000000000000000000000000000000000000000000000000000000000000000000000000000000000000000000000000000000000000000000000000000000000000000000000000000000000000000000000000000000000000000000000000000000000000000000000000000000000000000000000000000000000000000000000000000100000000000000000000000000000000000000 
	Parameter ap_ST_fsm_state40 bound to: 607'b0000000000000000000000000000000000000000000000000000000000000000000000000000000000000000000000000000000000000000000000000000000000000000000000000000000000000000000000000000000000000000000000000000000000000000000000000000000000000000000000000000000000000000000000000000000000000000000000000000000000000000000000000000000000000000000000000000000000000000000000000000000000000000000000000000000000000000000000000000000000000000000000000000000000000000000000000000000000000000000000000000000000000000000000000000000000000000000000000000000000000000000000000000000000000001000000000000000000000000000000000000000 
	Parameter ap_ST_fsm_state41 bound to: 607'b0000000000000000000000000000000000000000000000000000000000000000000000000000000000000000000000000000000000000000000000000000000000000000000000000000000000000000000000000000000000000000000000000000000000000000000000000000000000000000000000000000000000000000000000000000000000000000000000000000000000000000000000000000000000000000000000000000000000000000000000000000000000000000000000000000000000000000000000000000000000000000000000000000000000000000000000000000000000000000000000000000000000000000000000000000000000000000000000000000000000000000000000000000000000000010000000000000000000000000000000000000000 
	Parameter ap_ST_fsm_state42 bound to: 607'b0000000000000000000000000000000000000000000000000000000000000000000000000000000000000000000000000000000000000000000000000000000000000000000000000000000000000000000000000000000000000000000000000000000000000000000000000000000000000000000000000000000000000000000000000000000000000000000000000000000000000000000000000000000000000000000000000000000000000000000000000000000000000000000000000000000000000000000000000000000000000000000000000000000000000000000000000000000000000000000000000000000000000000000000000000000000000000000000000000000000000000000000000000000000000100000000000000000000000000000000000000000 
	Parameter ap_ST_fsm_state43 bound to: 607'b0000000000000000000000000000000000000000000000000000000000000000000000000000000000000000000000000000000000000000000000000000000000000000000000000000000000000000000000000000000000000000000000000000000000000000000000000000000000000000000000000000000000000000000000000000000000000000000000000000000000000000000000000000000000000000000000000000000000000000000000000000000000000000000000000000000000000000000000000000000000000000000000000000000000000000000000000000000000000000000000000000000000000000000000000000000000000000000000000000000000000000000000000000000000001000000000000000000000000000000000000000000 
	Parameter ap_ST_fsm_state44 bound to: 607'b0000000000000000000000000000000000000000000000000000000000000000000000000000000000000000000000000000000000000000000000000000000000000000000000000000000000000000000000000000000000000000000000000000000000000000000000000000000000000000000000000000000000000000000000000000000000000000000000000000000000000000000000000000000000000000000000000000000000000000000000000000000000000000000000000000000000000000000000000000000000000000000000000000000000000000000000000000000000000000000000000000000000000000000000000000000000000000000000000000000000000000000000000000000000010000000000000000000000000000000000000000000 
	Parameter ap_ST_fsm_state45 bound to: 607'b0000000000000000000000000000000000000000000000000000000000000000000000000000000000000000000000000000000000000000000000000000000000000000000000000000000000000000000000000000000000000000000000000000000000000000000000000000000000000000000000000000000000000000000000000000000000000000000000000000000000000000000000000000000000000000000000000000000000000000000000000000000000000000000000000000000000000000000000000000000000000000000000000000000000000000000000000000000000000000000000000000000000000000000000000000000000000000000000000000000000000000000000000000000000100000000000000000000000000000000000000000000 
	Parameter ap_ST_fsm_state46 bound to: 607'b0000000000000000000000000000000000000000000000000000000000000000000000000000000000000000000000000000000000000000000000000000000000000000000000000000000000000000000000000000000000000000000000000000000000000000000000000000000000000000000000000000000000000000000000000000000000000000000000000000000000000000000000000000000000000000000000000000000000000000000000000000000000000000000000000000000000000000000000000000000000000000000000000000000000000000000000000000000000000000000000000000000000000000000000000000000000000000000000000000000000000000000000000000000001000000000000000000000000000000000000000000000 
	Parameter ap_ST_fsm_state47 bound to: 607'b0000000000000000000000000000000000000000000000000000000000000000000000000000000000000000000000000000000000000000000000000000000000000000000000000000000000000000000000000000000000000000000000000000000000000000000000000000000000000000000000000000000000000000000000000000000000000000000000000000000000000000000000000000000000000000000000000000000000000000000000000000000000000000000000000000000000000000000000000000000000000000000000000000000000000000000000000000000000000000000000000000000000000000000000000000000000000000000000000000000000000000000000000000000010000000000000000000000000000000000000000000000 
	Parameter ap_ST_fsm_state48 bound to: 607'b0000000000000000000000000000000000000000000000000000000000000000000000000000000000000000000000000000000000000000000000000000000000000000000000000000000000000000000000000000000000000000000000000000000000000000000000000000000000000000000000000000000000000000000000000000000000000000000000000000000000000000000000000000000000000000000000000000000000000000000000000000000000000000000000000000000000000000000000000000000000000000000000000000000000000000000000000000000000000000000000000000000000000000000000000000000000000000000000000000000000000000000000000000000100000000000000000000000000000000000000000000000 
	Parameter ap_ST_fsm_state49 bound to: 607'b0000000000000000000000000000000000000000000000000000000000000000000000000000000000000000000000000000000000000000000000000000000000000000000000000000000000000000000000000000000000000000000000000000000000000000000000000000000000000000000000000000000000000000000000000000000000000000000000000000000000000000000000000000000000000000000000000000000000000000000000000000000000000000000000000000000000000000000000000000000000000000000000000000000000000000000000000000000000000000000000000000000000000000000000000000000000000000000000000000000000000000000000000000001000000000000000000000000000000000000000000000000 
	Parameter ap_ST_fsm_state50 bound to: 607'b0000000000000000000000000000000000000000000000000000000000000000000000000000000000000000000000000000000000000000000000000000000000000000000000000000000000000000000000000000000000000000000000000000000000000000000000000000000000000000000000000000000000000000000000000000000000000000000000000000000000000000000000000000000000000000000000000000000000000000000000000000000000000000000000000000000000000000000000000000000000000000000000000000000000000000000000000000000000000000000000000000000000000000000000000000000000000000000000000000000000000000000000000000010000000000000000000000000000000000000000000000000 
	Parameter ap_ST_fsm_state51 bound to: 607'b0000000000000000000000000000000000000000000000000000000000000000000000000000000000000000000000000000000000000000000000000000000000000000000000000000000000000000000000000000000000000000000000000000000000000000000000000000000000000000000000000000000000000000000000000000000000000000000000000000000000000000000000000000000000000000000000000000000000000000000000000000000000000000000000000000000000000000000000000000000000000000000000000000000000000000000000000000000000000000000000000000000000000000000000000000000000000000000000000000000000000000000000000000100000000000000000000000000000000000000000000000000 
	Parameter ap_ST_fsm_state52 bound to: 607'b0000000000000000000000000000000000000000000000000000000000000000000000000000000000000000000000000000000000000000000000000000000000000000000000000000000000000000000000000000000000000000000000000000000000000000000000000000000000000000000000000000000000000000000000000000000000000000000000000000000000000000000000000000000000000000000000000000000000000000000000000000000000000000000000000000000000000000000000000000000000000000000000000000000000000000000000000000000000000000000000000000000000000000000000000000000000000000000000000000000000000000000000000001000000000000000000000000000000000000000000000000000 
	Parameter ap_ST_fsm_state53 bound to: 607'b0000000000000000000000000000000000000000000000000000000000000000000000000000000000000000000000000000000000000000000000000000000000000000000000000000000000000000000000000000000000000000000000000000000000000000000000000000000000000000000000000000000000000000000000000000000000000000000000000000000000000000000000000000000000000000000000000000000000000000000000000000000000000000000000000000000000000000000000000000000000000000000000000000000000000000000000000000000000000000000000000000000000000000000000000000000000000000000000000000000000000000000000000010000000000000000000000000000000000000000000000000000 
	Parameter ap_ST_fsm_state54 bound to: 607'b0000000000000000000000000000000000000000000000000000000000000000000000000000000000000000000000000000000000000000000000000000000000000000000000000000000000000000000000000000000000000000000000000000000000000000000000000000000000000000000000000000000000000000000000000000000000000000000000000000000000000000000000000000000000000000000000000000000000000000000000000000000000000000000000000000000000000000000000000000000000000000000000000000000000000000000000000000000000000000000000000000000000000000000000000000000000000000000000000000000000000000000000000100000000000000000000000000000000000000000000000000000 
	Parameter ap_ST_fsm_state55 bound to: 607'b0000000000000000000000000000000000000000000000000000000000000000000000000000000000000000000000000000000000000000000000000000000000000000000000000000000000000000000000000000000000000000000000000000000000000000000000000000000000000000000000000000000000000000000000000000000000000000000000000000000000000000000000000000000000000000000000000000000000000000000000000000000000000000000000000000000000000000000000000000000000000000000000000000000000000000000000000000000000000000000000000000000000000000000000000000000000000000000000000000000000000000000000001000000000000000000000000000000000000000000000000000000 
	Parameter ap_ST_fsm_state56 bound to: 607'b0000000000000000000000000000000000000000000000000000000000000000000000000000000000000000000000000000000000000000000000000000000000000000000000000000000000000000000000000000000000000000000000000000000000000000000000000000000000000000000000000000000000000000000000000000000000000000000000000000000000000000000000000000000000000000000000000000000000000000000000000000000000000000000000000000000000000000000000000000000000000000000000000000000000000000000000000000000000000000000000000000000000000000000000000000000000000000000000000000000000000000000000010000000000000000000000000000000000000000000000000000000 
	Parameter ap_ST_fsm_state57 bound to: 607'b0000000000000000000000000000000000000000000000000000000000000000000000000000000000000000000000000000000000000000000000000000000000000000000000000000000000000000000000000000000000000000000000000000000000000000000000000000000000000000000000000000000000000000000000000000000000000000000000000000000000000000000000000000000000000000000000000000000000000000000000000000000000000000000000000000000000000000000000000000000000000000000000000000000000000000000000000000000000000000000000000000000000000000000000000000000000000000000000000000000000000000000000100000000000000000000000000000000000000000000000000000000 
	Parameter ap_ST_fsm_state58 bound to: 607'b0000000000000000000000000000000000000000000000000000000000000000000000000000000000000000000000000000000000000000000000000000000000000000000000000000000000000000000000000000000000000000000000000000000000000000000000000000000000000000000000000000000000000000000000000000000000000000000000000000000000000000000000000000000000000000000000000000000000000000000000000000000000000000000000000000000000000000000000000000000000000000000000000000000000000000000000000000000000000000000000000000000000000000000000000000000000000000000000000000000000000000000001000000000000000000000000000000000000000000000000000000000 
	Parameter ap_ST_fsm_state59 bound to: 607'b0000000000000000000000000000000000000000000000000000000000000000000000000000000000000000000000000000000000000000000000000000000000000000000000000000000000000000000000000000000000000000000000000000000000000000000000000000000000000000000000000000000000000000000000000000000000000000000000000000000000000000000000000000000000000000000000000000000000000000000000000000000000000000000000000000000000000000000000000000000000000000000000000000000000000000000000000000000000000000000000000000000000000000000000000000000000000000000000000000000000000000000010000000000000000000000000000000000000000000000000000000000 
	Parameter ap_ST_fsm_state60 bound to: 607'b0000000000000000000000000000000000000000000000000000000000000000000000000000000000000000000000000000000000000000000000000000000000000000000000000000000000000000000000000000000000000000000000000000000000000000000000000000000000000000000000000000000000000000000000000000000000000000000000000000000000000000000000000000000000000000000000000000000000000000000000000000000000000000000000000000000000000000000000000000000000000000000000000000000000000000000000000000000000000000000000000000000000000000000000000000000000000000000000000000000000000000000100000000000000000000000000000000000000000000000000000000000 
	Parameter ap_ST_fsm_state61 bound to: 607'b0000000000000000000000000000000000000000000000000000000000000000000000000000000000000000000000000000000000000000000000000000000000000000000000000000000000000000000000000000000000000000000000000000000000000000000000000000000000000000000000000000000000000000000000000000000000000000000000000000000000000000000000000000000000000000000000000000000000000000000000000000000000000000000000000000000000000000000000000000000000000000000000000000000000000000000000000000000000000000000000000000000000000000000000000000000000000000000000000000000000000000001000000000000000000000000000000000000000000000000000000000000 
	Parameter ap_ST_fsm_pp0_stage0 bound to: 607'b0000000000000000000000000000000000000000000000000000000000000000000000000000000000000000000000000000000000000000000000000000000000000000000000000000000000000000000000000000000000000000000000000000000000000000000000000000000000000000000000000000000000000000000000000000000000000000000000000000000000000000000000000000000000000000000000000000000000000000000000000000000000000000000000000000000000000000000000000000000000000000000000000000000000000000000000000000000000000000000000000000000000000000000000000000000000000000000000000000000000000000010000000000000000000000000000000000000000000000000000000000000 
	Parameter ap_ST_fsm_state64 bound to: 607'b0000000000000000000000000000000000000000000000000000000000000000000000000000000000000000000000000000000000000000000000000000000000000000000000000000000000000000000000000000000000000000000000000000000000000000000000000000000000000000000000000000000000000000000000000000000000000000000000000000000000000000000000000000000000000000000000000000000000000000000000000000000000000000000000000000000000000000000000000000000000000000000000000000000000000000000000000000000000000000000000000000000000000000000000000000000000000000000000000000000000000000100000000000000000000000000000000000000000000000000000000000000 
	Parameter ap_ST_fsm_state65 bound to: 607'b0000000000000000000000000000000000000000000000000000000000000000000000000000000000000000000000000000000000000000000000000000000000000000000000000000000000000000000000000000000000000000000000000000000000000000000000000000000000000000000000000000000000000000000000000000000000000000000000000000000000000000000000000000000000000000000000000000000000000000000000000000000000000000000000000000000000000000000000000000000000000000000000000000000000000000000000000000000000000000000000000000000000000000000000000000000000000000000000000000000000000001000000000000000000000000000000000000000000000000000000000000000 
	Parameter ap_ST_fsm_pp1_stage0 bound to: 607'b0000000000000000000000000000000000000000000000000000000000000000000000000000000000000000000000000000000000000000000000000000000000000000000000000000000000000000000000000000000000000000000000000000000000000000000000000000000000000000000000000000000000000000000000000000000000000000000000000000000000000000000000000000000000000000000000000000000000000000000000000000000000000000000000000000000000000000000000000000000000000000000000000000000000000000000000000000000000000000000000000000000000000000000000000000000000000000000000000000000000000010000000000000000000000000000000000000000000000000000000000000000 
	Parameter ap_ST_fsm_state68 bound to: 607'b0000000000000000000000000000000000000000000000000000000000000000000000000000000000000000000000000000000000000000000000000000000000000000000000000000000000000000000000000000000000000000000000000000000000000000000000000000000000000000000000000000000000000000000000000000000000000000000000000000000000000000000000000000000000000000000000000000000000000000000000000000000000000000000000000000000000000000000000000000000000000000000000000000000000000000000000000000000000000000000000000000000000000000000000000000000000000000000000000000000000000100000000000000000000000000000000000000000000000000000000000000000 
	Parameter ap_ST_fsm_pp2_stage0 bound to: 607'b0000000000000000000000000000000000000000000000000000000000000000000000000000000000000000000000000000000000000000000000000000000000000000000000000000000000000000000000000000000000000000000000000000000000000000000000000000000000000000000000000000000000000000000000000000000000000000000000000000000000000000000000000000000000000000000000000000000000000000000000000000000000000000000000000000000000000000000000000000000000000000000000000000000000000000000000000000000000000000000000000000000000000000000000000000000000000000000000000000000000001000000000000000000000000000000000000000000000000000000000000000000 
	Parameter ap_ST_fsm_state71 bound to: 607'b0000000000000000000000000000000000000000000000000000000000000000000000000000000000000000000000000000000000000000000000000000000000000000000000000000000000000000000000000000000000000000000000000000000000000000000000000000000000000000000000000000000000000000000000000000000000000000000000000000000000000000000000000000000000000000000000000000000000000000000000000000000000000000000000000000000000000000000000000000000000000000000000000000000000000000000000000000000000000000000000000000000000000000000000000000000000000000000000000000000000010000000000000000000000000000000000000000000000000000000000000000000 
	Parameter ap_ST_fsm_state72 bound to: 607'b0000000000000000000000000000000000000000000000000000000000000000000000000000000000000000000000000000000000000000000000000000000000000000000000000000000000000000000000000000000000000000000000000000000000000000000000000000000000000000000000000000000000000000000000000000000000000000000000000000000000000000000000000000000000000000000000000000000000000000000000000000000000000000000000000000000000000000000000000000000000000000000000000000000000000000000000000000000000000000000000000000000000000000000000000000000000000000000000000000000000100000000000000000000000000000000000000000000000000000000000000000000 
	Parameter ap_ST_fsm_state73 bound to: 607'b0000000000000000000000000000000000000000000000000000000000000000000000000000000000000000000000000000000000000000000000000000000000000000000000000000000000000000000000000000000000000000000000000000000000000000000000000000000000000000000000000000000000000000000000000000000000000000000000000000000000000000000000000000000000000000000000000000000000000000000000000000000000000000000000000000000000000000000000000000000000000000000000000000000000000000000000000000000000000000000000000000000000000000000000000000000000000000000000000000000001000000000000000000000000000000000000000000000000000000000000000000000 
	Parameter ap_ST_fsm_state74 bound to: 607'b0000000000000000000000000000000000000000000000000000000000000000000000000000000000000000000000000000000000000000000000000000000000000000000000000000000000000000000000000000000000000000000000000000000000000000000000000000000000000000000000000000000000000000000000000000000000000000000000000000000000000000000000000000000000000000000000000000000000000000000000000000000000000000000000000000000000000000000000000000000000000000000000000000000000000000000000000000000000000000000000000000000000000000000000000000000000000000000000000000000010000000000000000000000000000000000000000000000000000000000000000000000 
	Parameter ap_ST_fsm_state75 bound to: 607'b0000000000000000000000000000000000000000000000000000000000000000000000000000000000000000000000000000000000000000000000000000000000000000000000000000000000000000000000000000000000000000000000000000000000000000000000000000000000000000000000000000000000000000000000000000000000000000000000000000000000000000000000000000000000000000000000000000000000000000000000000000000000000000000000000000000000000000000000000000000000000000000000000000000000000000000000000000000000000000000000000000000000000000000000000000000000000000000000000000000100000000000000000000000000000000000000000000000000000000000000000000000 
	Parameter ap_ST_fsm_state76 bound to: 607'b0000000000000000000000000000000000000000000000000000000000000000000000000000000000000000000000000000000000000000000000000000000000000000000000000000000000000000000000000000000000000000000000000000000000000000000000000000000000000000000000000000000000000000000000000000000000000000000000000000000000000000000000000000000000000000000000000000000000000000000000000000000000000000000000000000000000000000000000000000000000000000000000000000000000000000000000000000000000000000000000000000000000000000000000000000000000000000000000000000001000000000000000000000000000000000000000000000000000000000000000000000000 
	Parameter ap_ST_fsm_state77 bound to: 607'b0000000000000000000000000000000000000000000000000000000000000000000000000000000000000000000000000000000000000000000000000000000000000000000000000000000000000000000000000000000000000000000000000000000000000000000000000000000000000000000000000000000000000000000000000000000000000000000000000000000000000000000000000000000000000000000000000000000000000000000000000000000000000000000000000000000000000000000000000000000000000000000000000000000000000000000000000000000000000000000000000000000000000000000000000000000000000000000000000000010000000000000000000000000000000000000000000000000000000000000000000000000 
	Parameter ap_ST_fsm_state78 bound to: 607'b0000000000000000000000000000000000000000000000000000000000000000000000000000000000000000000000000000000000000000000000000000000000000000000000000000000000000000000000000000000000000000000000000000000000000000000000000000000000000000000000000000000000000000000000000000000000000000000000000000000000000000000000000000000000000000000000000000000000000000000000000000000000000000000000000000000000000000000000000000000000000000000000000000000000000000000000000000000000000000000000000000000000000000000000000000000000000000000000000000100000000000000000000000000000000000000000000000000000000000000000000000000 
	Parameter ap_ST_fsm_state79 bound to: 607'b0000000000000000000000000000000000000000000000000000000000000000000000000000000000000000000000000000000000000000000000000000000000000000000000000000000000000000000000000000000000000000000000000000000000000000000000000000000000000000000000000000000000000000000000000000000000000000000000000000000000000000000000000000000000000000000000000000000000000000000000000000000000000000000000000000000000000000000000000000000000000000000000000000000000000000000000000000000000000000000000000000000000000000000000000000000000000000000000000001000000000000000000000000000000000000000000000000000000000000000000000000000 
	Parameter ap_ST_fsm_state80 bound to: 607'b0000000000000000000000000000000000000000000000000000000000000000000000000000000000000000000000000000000000000000000000000000000000000000000000000000000000000000000000000000000000000000000000000000000000000000000000000000000000000000000000000000000000000000000000000000000000000000000000000000000000000000000000000000000000000000000000000000000000000000000000000000000000000000000000000000000000000000000000000000000000000000000000000000000000000000000000000000000000000000000000000000000000000000000000000000000000000000000000000010000000000000000000000000000000000000000000000000000000000000000000000000000 
	Parameter ap_ST_fsm_state81 bound to: 607'b0000000000000000000000000000000000000000000000000000000000000000000000000000000000000000000000000000000000000000000000000000000000000000000000000000000000000000000000000000000000000000000000000000000000000000000000000000000000000000000000000000000000000000000000000000000000000000000000000000000000000000000000000000000000000000000000000000000000000000000000000000000000000000000000000000000000000000000000000000000000000000000000000000000000000000000000000000000000000000000000000000000000000000000000000000000000000000000000000100000000000000000000000000000000000000000000000000000000000000000000000000000 
	Parameter ap_ST_fsm_state82 bound to: 607'b0000000000000000000000000000000000000000000000000000000000000000000000000000000000000000000000000000000000000000000000000000000000000000000000000000000000000000000000000000000000000000000000000000000000000000000000000000000000000000000000000000000000000000000000000000000000000000000000000000000000000000000000000000000000000000000000000000000000000000000000000000000000000000000000000000000000000000000000000000000000000000000000000000000000000000000000000000000000000000000000000000000000000000000000000000000000000000000000001000000000000000000000000000000000000000000000000000000000000000000000000000000 
	Parameter ap_ST_fsm_state83 bound to: 607'b0000000000000000000000000000000000000000000000000000000000000000000000000000000000000000000000000000000000000000000000000000000000000000000000000000000000000000000000000000000000000000000000000000000000000000000000000000000000000000000000000000000000000000000000000000000000000000000000000000000000000000000000000000000000000000000000000000000000000000000000000000000000000000000000000000000000000000000000000000000000000000000000000000000000000000000000000000000000000000000000000000000000000000000000000000000000000000000000010000000000000000000000000000000000000000000000000000000000000000000000000000000 
	Parameter ap_ST_fsm_state84 bound to: 607'b0000000000000000000000000000000000000000000000000000000000000000000000000000000000000000000000000000000000000000000000000000000000000000000000000000000000000000000000000000000000000000000000000000000000000000000000000000000000000000000000000000000000000000000000000000000000000000000000000000000000000000000000000000000000000000000000000000000000000000000000000000000000000000000000000000000000000000000000000000000000000000000000000000000000000000000000000000000000000000000000000000000000000000000000000000000000000000000000100000000000000000000000000000000000000000000000000000000000000000000000000000000 
	Parameter ap_ST_fsm_state85 bound to: 607'b0000000000000000000000000000000000000000000000000000000000000000000000000000000000000000000000000000000000000000000000000000000000000000000000000000000000000000000000000000000000000000000000000000000000000000000000000000000000000000000000000000000000000000000000000000000000000000000000000000000000000000000000000000000000000000000000000000000000000000000000000000000000000000000000000000000000000000000000000000000000000000000000000000000000000000000000000000000000000000000000000000000000000000000000000000000000000000000001000000000000000000000000000000000000000000000000000000000000000000000000000000000 
	Parameter ap_ST_fsm_state86 bound to: 607'b0000000000000000000000000000000000000000000000000000000000000000000000000000000000000000000000000000000000000000000000000000000000000000000000000000000000000000000000000000000000000000000000000000000000000000000000000000000000000000000000000000000000000000000000000000000000000000000000000000000000000000000000000000000000000000000000000000000000000000000000000000000000000000000000000000000000000000000000000000000000000000000000000000000000000000000000000000000000000000000000000000000000000000000000000000000000000000000010000000000000000000000000000000000000000000000000000000000000000000000000000000000 
	Parameter ap_ST_fsm_state87 bound to: 607'b0000000000000000000000000000000000000000000000000000000000000000000000000000000000000000000000000000000000000000000000000000000000000000000000000000000000000000000000000000000000000000000000000000000000000000000000000000000000000000000000000000000000000000000000000000000000000000000000000000000000000000000000000000000000000000000000000000000000000000000000000000000000000000000000000000000000000000000000000000000000000000000000000000000000000000000000000000000000000000000000000000000000000000000000000000000000000000000100000000000000000000000000000000000000000000000000000000000000000000000000000000000 
	Parameter ap_ST_fsm_state88 bound to: 607'b0000000000000000000000000000000000000000000000000000000000000000000000000000000000000000000000000000000000000000000000000000000000000000000000000000000000000000000000000000000000000000000000000000000000000000000000000000000000000000000000000000000000000000000000000000000000000000000000000000000000000000000000000000000000000000000000000000000000000000000000000000000000000000000000000000000000000000000000000000000000000000000000000000000000000000000000000000000000000000000000000000000000000000000000000000000000000000001000000000000000000000000000000000000000000000000000000000000000000000000000000000000 
	Parameter ap_ST_fsm_state89 bound to: 607'b0000000000000000000000000000000000000000000000000000000000000000000000000000000000000000000000000000000000000000000000000000000000000000000000000000000000000000000000000000000000000000000000000000000000000000000000000000000000000000000000000000000000000000000000000000000000000000000000000000000000000000000000000000000000000000000000000000000000000000000000000000000000000000000000000000000000000000000000000000000000000000000000000000000000000000000000000000000000000000000000000000000000000000000000000000000000000000010000000000000000000000000000000000000000000000000000000000000000000000000000000000000 
	Parameter ap_ST_fsm_state90 bound to: 607'b0000000000000000000000000000000000000000000000000000000000000000000000000000000000000000000000000000000000000000000000000000000000000000000000000000000000000000000000000000000000000000000000000000000000000000000000000000000000000000000000000000000000000000000000000000000000000000000000000000000000000000000000000000000000000000000000000000000000000000000000000000000000000000000000000000000000000000000000000000000000000000000000000000000000000000000000000000000000000000000000000000000000000000000000000000000000000000100000000000000000000000000000000000000000000000000000000000000000000000000000000000000 
	Parameter ap_ST_fsm_state91 bound to: 607'b0000000000000000000000000000000000000000000000000000000000000000000000000000000000000000000000000000000000000000000000000000000000000000000000000000000000000000000000000000000000000000000000000000000000000000000000000000000000000000000000000000000000000000000000000000000000000000000000000000000000000000000000000000000000000000000000000000000000000000000000000000000000000000000000000000000000000000000000000000000000000000000000000000000000000000000000000000000000000000000000000000000000000000000000000000000000000001000000000000000000000000000000000000000000000000000000000000000000000000000000000000000 
	Parameter ap_ST_fsm_state92 bound to: 607'b0000000000000000000000000000000000000000000000000000000000000000000000000000000000000000000000000000000000000000000000000000000000000000000000000000000000000000000000000000000000000000000000000000000000000000000000000000000000000000000000000000000000000000000000000000000000000000000000000000000000000000000000000000000000000000000000000000000000000000000000000000000000000000000000000000000000000000000000000000000000000000000000000000000000000000000000000000000000000000000000000000000000000000000000000000000000000010000000000000000000000000000000000000000000000000000000000000000000000000000000000000000 
	Parameter ap_ST_fsm_state93 bound to: 607'b0000000000000000000000000000000000000000000000000000000000000000000000000000000000000000000000000000000000000000000000000000000000000000000000000000000000000000000000000000000000000000000000000000000000000000000000000000000000000000000000000000000000000000000000000000000000000000000000000000000000000000000000000000000000000000000000000000000000000000000000000000000000000000000000000000000000000000000000000000000000000000000000000000000000000000000000000000000000000000000000000000000000000000000000000000000000000100000000000000000000000000000000000000000000000000000000000000000000000000000000000000000 
	Parameter ap_ST_fsm_state94 bound to: 607'b0000000000000000000000000000000000000000000000000000000000000000000000000000000000000000000000000000000000000000000000000000000000000000000000000000000000000000000000000000000000000000000000000000000000000000000000000000000000000000000000000000000000000000000000000000000000000000000000000000000000000000000000000000000000000000000000000000000000000000000000000000000000000000000000000000000000000000000000000000000000000000000000000000000000000000000000000000000000000000000000000000000000000000000000000000000000001000000000000000000000000000000000000000000000000000000000000000000000000000000000000000000 
	Parameter ap_ST_fsm_state95 bound to: 607'b0000000000000000000000000000000000000000000000000000000000000000000000000000000000000000000000000000000000000000000000000000000000000000000000000000000000000000000000000000000000000000000000000000000000000000000000000000000000000000000000000000000000000000000000000000000000000000000000000000000000000000000000000000000000000000000000000000000000000000000000000000000000000000000000000000000000000000000000000000000000000000000000000000000000000000000000000000000000000000000000000000000000000000000000000000000000010000000000000000000000000000000000000000000000000000000000000000000000000000000000000000000 
	Parameter ap_ST_fsm_state96 bound to: 607'b0000000000000000000000000000000000000000000000000000000000000000000000000000000000000000000000000000000000000000000000000000000000000000000000000000000000000000000000000000000000000000000000000000000000000000000000000000000000000000000000000000000000000000000000000000000000000000000000000000000000000000000000000000000000000000000000000000000000000000000000000000000000000000000000000000000000000000000000000000000000000000000000000000000000000000000000000000000000000000000000000000000000000000000000000000000000100000000000000000000000000000000000000000000000000000000000000000000000000000000000000000000 
	Parameter ap_ST_fsm_state97 bound to: 607'b0000000000000000000000000000000000000000000000000000000000000000000000000000000000000000000000000000000000000000000000000000000000000000000000000000000000000000000000000000000000000000000000000000000000000000000000000000000000000000000000000000000000000000000000000000000000000000000000000000000000000000000000000000000000000000000000000000000000000000000000000000000000000000000000000000000000000000000000000000000000000000000000000000000000000000000000000000000000000000000000000000000000000000000000000000000001000000000000000000000000000000000000000000000000000000000000000000000000000000000000000000000 
	Parameter ap_ST_fsm_state98 bound to: 607'b0000000000000000000000000000000000000000000000000000000000000000000000000000000000000000000000000000000000000000000000000000000000000000000000000000000000000000000000000000000000000000000000000000000000000000000000000000000000000000000000000000000000000000000000000000000000000000000000000000000000000000000000000000000000000000000000000000000000000000000000000000000000000000000000000000000000000000000000000000000000000000000000000000000000000000000000000000000000000000000000000000000000000000000000000000000010000000000000000000000000000000000000000000000000000000000000000000000000000000000000000000000 
	Parameter ap_ST_fsm_state99 bound to: 607'b0000000000000000000000000000000000000000000000000000000000000000000000000000000000000000000000000000000000000000000000000000000000000000000000000000000000000000000000000000000000000000000000000000000000000000000000000000000000000000000000000000000000000000000000000000000000000000000000000000000000000000000000000000000000000000000000000000000000000000000000000000000000000000000000000000000000000000000000000000000000000000000000000000000000000000000000000000000000000000000000000000000000000000000000000000000100000000000000000000000000000000000000000000000000000000000000000000000000000000000000000000000 
	Parameter ap_ST_fsm_state100 bound to: 607'b0000000000000000000000000000000000000000000000000000000000000000000000000000000000000000000000000000000000000000000000000000000000000000000000000000000000000000000000000000000000000000000000000000000000000000000000000000000000000000000000000000000000000000000000000000000000000000000000000000000000000000000000000000000000000000000000000000000000000000000000000000000000000000000000000000000000000000000000000000000000000000000000000000000000000000000000000000000000000000000000000000000000000000000000000000001000000000000000000000000000000000000000000000000000000000000000000000000000000000000000000000000 
	Parameter ap_ST_fsm_state101 bound to: 607'b0000000000000000000000000000000000000000000000000000000000000000000000000000000000000000000000000000000000000000000000000000000000000000000000000000000000000000000000000000000000000000000000000000000000000000000000000000000000000000000000000000000000000000000000000000000000000000000000000000000000000000000000000000000000000000000000000000000000000000000000000000000000000000000000000000000000000000000000000000000000000000000000000000000000000000000000000000000000000000000000000000000000000000000000000000010000000000000000000000000000000000000000000000000000000000000000000000000000000000000000000000000 
	Parameter ap_ST_fsm_state102 bound to: 607'b0000000000000000000000000000000000000000000000000000000000000000000000000000000000000000000000000000000000000000000000000000000000000000000000000000000000000000000000000000000000000000000000000000000000000000000000000000000000000000000000000000000000000000000000000000000000000000000000000000000000000000000000000000000000000000000000000000000000000000000000000000000000000000000000000000000000000000000000000000000000000000000000000000000000000000000000000000000000000000000000000000000000000000000000000000100000000000000000000000000000000000000000000000000000000000000000000000000000000000000000000000000 
	Parameter ap_ST_fsm_state103 bound to: 607'b0000000000000000000000000000000000000000000000000000000000000000000000000000000000000000000000000000000000000000000000000000000000000000000000000000000000000000000000000000000000000000000000000000000000000000000000000000000000000000000000000000000000000000000000000000000000000000000000000000000000000000000000000000000000000000000000000000000000000000000000000000000000000000000000000000000000000000000000000000000000000000000000000000000000000000000000000000000000000000000000000000000000000000000000000001000000000000000000000000000000000000000000000000000000000000000000000000000000000000000000000000000 
	Parameter ap_ST_fsm_state104 bound to: 607'b0000000000000000000000000000000000000000000000000000000000000000000000000000000000000000000000000000000000000000000000000000000000000000000000000000000000000000000000000000000000000000000000000000000000000000000000000000000000000000000000000000000000000000000000000000000000000000000000000000000000000000000000000000000000000000000000000000000000000000000000000000000000000000000000000000000000000000000000000000000000000000000000000000000000000000000000000000000000000000000000000000000000000000000000000010000000000000000000000000000000000000000000000000000000000000000000000000000000000000000000000000000 
	Parameter ap_ST_fsm_state105 bound to: 607'b0000000000000000000000000000000000000000000000000000000000000000000000000000000000000000000000000000000000000000000000000000000000000000000000000000000000000000000000000000000000000000000000000000000000000000000000000000000000000000000000000000000000000000000000000000000000000000000000000000000000000000000000000000000000000000000000000000000000000000000000000000000000000000000000000000000000000000000000000000000000000000000000000000000000000000000000000000000000000000000000000000000000000000000000000100000000000000000000000000000000000000000000000000000000000000000000000000000000000000000000000000000 
	Parameter ap_ST_fsm_state106 bound to: 607'b0000000000000000000000000000000000000000000000000000000000000000000000000000000000000000000000000000000000000000000000000000000000000000000000000000000000000000000000000000000000000000000000000000000000000000000000000000000000000000000000000000000000000000000000000000000000000000000000000000000000000000000000000000000000000000000000000000000000000000000000000000000000000000000000000000000000000000000000000000000000000000000000000000000000000000000000000000000000000000000000000000000000000000000000001000000000000000000000000000000000000000000000000000000000000000000000000000000000000000000000000000000 
	Parameter ap_ST_fsm_state107 bound to: 607'b0000000000000000000000000000000000000000000000000000000000000000000000000000000000000000000000000000000000000000000000000000000000000000000000000000000000000000000000000000000000000000000000000000000000000000000000000000000000000000000000000000000000000000000000000000000000000000000000000000000000000000000000000000000000000000000000000000000000000000000000000000000000000000000000000000000000000000000000000000000000000000000000000000000000000000000000000000000000000000000000000000000000000000000000010000000000000000000000000000000000000000000000000000000000000000000000000000000000000000000000000000000 
	Parameter ap_ST_fsm_state108 bound to: 607'b0000000000000000000000000000000000000000000000000000000000000000000000000000000000000000000000000000000000000000000000000000000000000000000000000000000000000000000000000000000000000000000000000000000000000000000000000000000000000000000000000000000000000000000000000000000000000000000000000000000000000000000000000000000000000000000000000000000000000000000000000000000000000000000000000000000000000000000000000000000000000000000000000000000000000000000000000000000000000000000000000000000000000000000000100000000000000000000000000000000000000000000000000000000000000000000000000000000000000000000000000000000 
	Parameter ap_ST_fsm_state109 bound to: 607'b0000000000000000000000000000000000000000000000000000000000000000000000000000000000000000000000000000000000000000000000000000000000000000000000000000000000000000000000000000000000000000000000000000000000000000000000000000000000000000000000000000000000000000000000000000000000000000000000000000000000000000000000000000000000000000000000000000000000000000000000000000000000000000000000000000000000000000000000000000000000000000000000000000000000000000000000000000000000000000000000000000000000000000000001000000000000000000000000000000000000000000000000000000000000000000000000000000000000000000000000000000000 
	Parameter ap_ST_fsm_state110 bound to: 607'b0000000000000000000000000000000000000000000000000000000000000000000000000000000000000000000000000000000000000000000000000000000000000000000000000000000000000000000000000000000000000000000000000000000000000000000000000000000000000000000000000000000000000000000000000000000000000000000000000000000000000000000000000000000000000000000000000000000000000000000000000000000000000000000000000000000000000000000000000000000000000000000000000000000000000000000000000000000000000000000000000000000000000000000010000000000000000000000000000000000000000000000000000000000000000000000000000000000000000000000000000000000 
	Parameter ap_ST_fsm_state111 bound to: 607'b0000000000000000000000000000000000000000000000000000000000000000000000000000000000000000000000000000000000000000000000000000000000000000000000000000000000000000000000000000000000000000000000000000000000000000000000000000000000000000000000000000000000000000000000000000000000000000000000000000000000000000000000000000000000000000000000000000000000000000000000000000000000000000000000000000000000000000000000000000000000000000000000000000000000000000000000000000000000000000000000000000000000000000000100000000000000000000000000000000000000000000000000000000000000000000000000000000000000000000000000000000000 
	Parameter ap_ST_fsm_state112 bound to: 607'b0000000000000000000000000000000000000000000000000000000000000000000000000000000000000000000000000000000000000000000000000000000000000000000000000000000000000000000000000000000000000000000000000000000000000000000000000000000000000000000000000000000000000000000000000000000000000000000000000000000000000000000000000000000000000000000000000000000000000000000000000000000000000000000000000000000000000000000000000000000000000000000000000000000000000000000000000000000000000000000000000000000000000000001000000000000000000000000000000000000000000000000000000000000000000000000000000000000000000000000000000000000 
	Parameter ap_ST_fsm_state113 bound to: 607'b0000000000000000000000000000000000000000000000000000000000000000000000000000000000000000000000000000000000000000000000000000000000000000000000000000000000000000000000000000000000000000000000000000000000000000000000000000000000000000000000000000000000000000000000000000000000000000000000000000000000000000000000000000000000000000000000000000000000000000000000000000000000000000000000000000000000000000000000000000000000000000000000000000000000000000000000000000000000000000000000000000000000000000010000000000000000000000000000000000000000000000000000000000000000000000000000000000000000000000000000000000000 
	Parameter ap_ST_fsm_state114 bound to: 607'b0000000000000000000000000000000000000000000000000000000000000000000000000000000000000000000000000000000000000000000000000000000000000000000000000000000000000000000000000000000000000000000000000000000000000000000000000000000000000000000000000000000000000000000000000000000000000000000000000000000000000000000000000000000000000000000000000000000000000000000000000000000000000000000000000000000000000000000000000000000000000000000000000000000000000000000000000000000000000000000000000000000000000000100000000000000000000000000000000000000000000000000000000000000000000000000000000000000000000000000000000000000 
	Parameter ap_ST_fsm_state115 bound to: 607'b0000000000000000000000000000000000000000000000000000000000000000000000000000000000000000000000000000000000000000000000000000000000000000000000000000000000000000000000000000000000000000000000000000000000000000000000000000000000000000000000000000000000000000000000000000000000000000000000000000000000000000000000000000000000000000000000000000000000000000000000000000000000000000000000000000000000000000000000000000000000000000000000000000000000000000000000000000000000000000000000000000000000000001000000000000000000000000000000000000000000000000000000000000000000000000000000000000000000000000000000000000000 
	Parameter ap_ST_fsm_state116 bound to: 607'b0000000000000000000000000000000000000000000000000000000000000000000000000000000000000000000000000000000000000000000000000000000000000000000000000000000000000000000000000000000000000000000000000000000000000000000000000000000000000000000000000000000000000000000000000000000000000000000000000000000000000000000000000000000000000000000000000000000000000000000000000000000000000000000000000000000000000000000000000000000000000000000000000000000000000000000000000000000000000000000000000000000000000010000000000000000000000000000000000000000000000000000000000000000000000000000000000000000000000000000000000000000 
	Parameter ap_ST_fsm_state117 bound to: 607'b0000000000000000000000000000000000000000000000000000000000000000000000000000000000000000000000000000000000000000000000000000000000000000000000000000000000000000000000000000000000000000000000000000000000000000000000000000000000000000000000000000000000000000000000000000000000000000000000000000000000000000000000000000000000000000000000000000000000000000000000000000000000000000000000000000000000000000000000000000000000000000000000000000000000000000000000000000000000000000000000000000000000000100000000000000000000000000000000000000000000000000000000000000000000000000000000000000000000000000000000000000000 
	Parameter ap_ST_fsm_state118 bound to: 607'b0000000000000000000000000000000000000000000000000000000000000000000000000000000000000000000000000000000000000000000000000000000000000000000000000000000000000000000000000000000000000000000000000000000000000000000000000000000000000000000000000000000000000000000000000000000000000000000000000000000000000000000000000000000000000000000000000000000000000000000000000000000000000000000000000000000000000000000000000000000000000000000000000000000000000000000000000000000000000000000000000000000000001000000000000000000000000000000000000000000000000000000000000000000000000000000000000000000000000000000000000000000 
	Parameter ap_ST_fsm_state119 bound to: 607'b0000000000000000000000000000000000000000000000000000000000000000000000000000000000000000000000000000000000000000000000000000000000000000000000000000000000000000000000000000000000000000000000000000000000000000000000000000000000000000000000000000000000000000000000000000000000000000000000000000000000000000000000000000000000000000000000000000000000000000000000000000000000000000000000000000000000000000000000000000000000000000000000000000000000000000000000000000000000000000000000000000000000010000000000000000000000000000000000000000000000000000000000000000000000000000000000000000000000000000000000000000000 
	Parameter ap_ST_fsm_state120 bound to: 607'b0000000000000000000000000000000000000000000000000000000000000000000000000000000000000000000000000000000000000000000000000000000000000000000000000000000000000000000000000000000000000000000000000000000000000000000000000000000000000000000000000000000000000000000000000000000000000000000000000000000000000000000000000000000000000000000000000000000000000000000000000000000000000000000000000000000000000000000000000000000000000000000000000000000000000000000000000000000000000000000000000000000000100000000000000000000000000000000000000000000000000000000000000000000000000000000000000000000000000000000000000000000 
	Parameter ap_ST_fsm_state121 bound to: 607'b0000000000000000000000000000000000000000000000000000000000000000000000000000000000000000000000000000000000000000000000000000000000000000000000000000000000000000000000000000000000000000000000000000000000000000000000000000000000000000000000000000000000000000000000000000000000000000000000000000000000000000000000000000000000000000000000000000000000000000000000000000000000000000000000000000000000000000000000000000000000000000000000000000000000000000000000000000000000000000000000000000000001000000000000000000000000000000000000000000000000000000000000000000000000000000000000000000000000000000000000000000000 
	Parameter ap_ST_fsm_state122 bound to: 607'b0000000000000000000000000000000000000000000000000000000000000000000000000000000000000000000000000000000000000000000000000000000000000000000000000000000000000000000000000000000000000000000000000000000000000000000000000000000000000000000000000000000000000000000000000000000000000000000000000000000000000000000000000000000000000000000000000000000000000000000000000000000000000000000000000000000000000000000000000000000000000000000000000000000000000000000000000000000000000000000000000000000010000000000000000000000000000000000000000000000000000000000000000000000000000000000000000000000000000000000000000000000 
	Parameter ap_ST_fsm_state123 bound to: 607'b0000000000000000000000000000000000000000000000000000000000000000000000000000000000000000000000000000000000000000000000000000000000000000000000000000000000000000000000000000000000000000000000000000000000000000000000000000000000000000000000000000000000000000000000000000000000000000000000000000000000000000000000000000000000000000000000000000000000000000000000000000000000000000000000000000000000000000000000000000000000000000000000000000000000000000000000000000000000000000000000000000000100000000000000000000000000000000000000000000000000000000000000000000000000000000000000000000000000000000000000000000000 
	Parameter ap_ST_fsm_state124 bound to: 607'b0000000000000000000000000000000000000000000000000000000000000000000000000000000000000000000000000000000000000000000000000000000000000000000000000000000000000000000000000000000000000000000000000000000000000000000000000000000000000000000000000000000000000000000000000000000000000000000000000000000000000000000000000000000000000000000000000000000000000000000000000000000000000000000000000000000000000000000000000000000000000000000000000000000000000000000000000000000000000000000000000000001000000000000000000000000000000000000000000000000000000000000000000000000000000000000000000000000000000000000000000000000 
	Parameter ap_ST_fsm_state125 bound to: 607'b0000000000000000000000000000000000000000000000000000000000000000000000000000000000000000000000000000000000000000000000000000000000000000000000000000000000000000000000000000000000000000000000000000000000000000000000000000000000000000000000000000000000000000000000000000000000000000000000000000000000000000000000000000000000000000000000000000000000000000000000000000000000000000000000000000000000000000000000000000000000000000000000000000000000000000000000000000000000000000000000000000010000000000000000000000000000000000000000000000000000000000000000000000000000000000000000000000000000000000000000000000000 
	Parameter ap_ST_fsm_state126 bound to: 607'b0000000000000000000000000000000000000000000000000000000000000000000000000000000000000000000000000000000000000000000000000000000000000000000000000000000000000000000000000000000000000000000000000000000000000000000000000000000000000000000000000000000000000000000000000000000000000000000000000000000000000000000000000000000000000000000000000000000000000000000000000000000000000000000000000000000000000000000000000000000000000000000000000000000000000000000000000000000000000000000000000000100000000000000000000000000000000000000000000000000000000000000000000000000000000000000000000000000000000000000000000000000 
	Parameter ap_ST_fsm_state127 bound to: 607'b0000000000000000000000000000000000000000000000000000000000000000000000000000000000000000000000000000000000000000000000000000000000000000000000000000000000000000000000000000000000000000000000000000000000000000000000000000000000000000000000000000000000000000000000000000000000000000000000000000000000000000000000000000000000000000000000000000000000000000000000000000000000000000000000000000000000000000000000000000000000000000000000000000000000000000000000000000000000000000000000000001000000000000000000000000000000000000000000000000000000000000000000000000000000000000000000000000000000000000000000000000000 
	Parameter ap_ST_fsm_state128 bound to: 607'b0000000000000000000000000000000000000000000000000000000000000000000000000000000000000000000000000000000000000000000000000000000000000000000000000000000000000000000000000000000000000000000000000000000000000000000000000000000000000000000000000000000000000000000000000000000000000000000000000000000000000000000000000000000000000000000000000000000000000000000000000000000000000000000000000000000000000000000000000000000000000000000000000000000000000000000000000000000000000000000000000010000000000000000000000000000000000000000000000000000000000000000000000000000000000000000000000000000000000000000000000000000 
	Parameter ap_ST_fsm_state129 bound to: 607'b0000000000000000000000000000000000000000000000000000000000000000000000000000000000000000000000000000000000000000000000000000000000000000000000000000000000000000000000000000000000000000000000000000000000000000000000000000000000000000000000000000000000000000000000000000000000000000000000000000000000000000000000000000000000000000000000000000000000000000000000000000000000000000000000000000000000000000000000000000000000000000000000000000000000000000000000000000000000000000000000000100000000000000000000000000000000000000000000000000000000000000000000000000000000000000000000000000000000000000000000000000000 
	Parameter ap_ST_fsm_state130 bound to: 607'b0000000000000000000000000000000000000000000000000000000000000000000000000000000000000000000000000000000000000000000000000000000000000000000000000000000000000000000000000000000000000000000000000000000000000000000000000000000000000000000000000000000000000000000000000000000000000000000000000000000000000000000000000000000000000000000000000000000000000000000000000000000000000000000000000000000000000000000000000000000000000000000000000000000000000000000000000000000000000000000000001000000000000000000000000000000000000000000000000000000000000000000000000000000000000000000000000000000000000000000000000000000 
	Parameter ap_ST_fsm_state131 bound to: 607'b0000000000000000000000000000000000000000000000000000000000000000000000000000000000000000000000000000000000000000000000000000000000000000000000000000000000000000000000000000000000000000000000000000000000000000000000000000000000000000000000000000000000000000000000000000000000000000000000000000000000000000000000000000000000000000000000000000000000000000000000000000000000000000000000000000000000000000000000000000000000000000000000000000000000000000000000000000000000000000000000010000000000000000000000000000000000000000000000000000000000000000000000000000000000000000000000000000000000000000000000000000000 
	Parameter ap_ST_fsm_state132 bound to: 607'b0000000000000000000000000000000000000000000000000000000000000000000000000000000000000000000000000000000000000000000000000000000000000000000000000000000000000000000000000000000000000000000000000000000000000000000000000000000000000000000000000000000000000000000000000000000000000000000000000000000000000000000000000000000000000000000000000000000000000000000000000000000000000000000000000000000000000000000000000000000000000000000000000000000000000000000000000000000000000000000000100000000000000000000000000000000000000000000000000000000000000000000000000000000000000000000000000000000000000000000000000000000 
	Parameter ap_ST_fsm_state133 bound to: 607'b0000000000000000000000000000000000000000000000000000000000000000000000000000000000000000000000000000000000000000000000000000000000000000000000000000000000000000000000000000000000000000000000000000000000000000000000000000000000000000000000000000000000000000000000000000000000000000000000000000000000000000000000000000000000000000000000000000000000000000000000000000000000000000000000000000000000000000000000000000000000000000000000000000000000000000000000000000000000000000000001000000000000000000000000000000000000000000000000000000000000000000000000000000000000000000000000000000000000000000000000000000000 
	Parameter ap_ST_fsm_state134 bound to: 607'b0000000000000000000000000000000000000000000000000000000000000000000000000000000000000000000000000000000000000000000000000000000000000000000000000000000000000000000000000000000000000000000000000000000000000000000000000000000000000000000000000000000000000000000000000000000000000000000000000000000000000000000000000000000000000000000000000000000000000000000000000000000000000000000000000000000000000000000000000000000000000000000000000000000000000000000000000000000000000000000010000000000000000000000000000000000000000000000000000000000000000000000000000000000000000000000000000000000000000000000000000000000 
	Parameter ap_ST_fsm_state135 bound to: 607'b0000000000000000000000000000000000000000000000000000000000000000000000000000000000000000000000000000000000000000000000000000000000000000000000000000000000000000000000000000000000000000000000000000000000000000000000000000000000000000000000000000000000000000000000000000000000000000000000000000000000000000000000000000000000000000000000000000000000000000000000000000000000000000000000000000000000000000000000000000000000000000000000000000000000000000000000000000000000000000000100000000000000000000000000000000000000000000000000000000000000000000000000000000000000000000000000000000000000000000000000000000000 
	Parameter ap_ST_fsm_state136 bound to: 607'b0000000000000000000000000000000000000000000000000000000000000000000000000000000000000000000000000000000000000000000000000000000000000000000000000000000000000000000000000000000000000000000000000000000000000000000000000000000000000000000000000000000000000000000000000000000000000000000000000000000000000000000000000000000000000000000000000000000000000000000000000000000000000000000000000000000000000000000000000000000000000000000000000000000000000000000000000000000000000000001000000000000000000000000000000000000000000000000000000000000000000000000000000000000000000000000000000000000000000000000000000000000 
	Parameter ap_ST_fsm_state137 bound to: 607'b0000000000000000000000000000000000000000000000000000000000000000000000000000000000000000000000000000000000000000000000000000000000000000000000000000000000000000000000000000000000000000000000000000000000000000000000000000000000000000000000000000000000000000000000000000000000000000000000000000000000000000000000000000000000000000000000000000000000000000000000000000000000000000000000000000000000000000000000000000000000000000000000000000000000000000000000000000000000000000010000000000000000000000000000000000000000000000000000000000000000000000000000000000000000000000000000000000000000000000000000000000000 
	Parameter ap_ST_fsm_pp3_stage0 bound to: 607'b0000000000000000000000000000000000000000000000000000000000000000000000000000000000000000000000000000000000000000000000000000000000000000000000000000000000000000000000000000000000000000000000000000000000000000000000000000000000000000000000000000000000000000000000000000000000000000000000000000000000000000000000000000000000000000000000000000000000000000000000000000000000000000000000000000000000000000000000000000000000000000000000000000000000000000000000000000000000000000100000000000000000000000000000000000000000000000000000000000000000000000000000000000000000000000000000000000000000000000000000000000000 
	Parameter ap_ST_fsm_state140 bound to: 607'b0000000000000000000000000000000000000000000000000000000000000000000000000000000000000000000000000000000000000000000000000000000000000000000000000000000000000000000000000000000000000000000000000000000000000000000000000000000000000000000000000000000000000000000000000000000000000000000000000000000000000000000000000000000000000000000000000000000000000000000000000000000000000000000000000000000000000000000000000000000000000000000000000000000000000000000000000000000000000001000000000000000000000000000000000000000000000000000000000000000000000000000000000000000000000000000000000000000000000000000000000000000 
	Parameter ap_ST_fsm_state141 bound to: 607'b0000000000000000000000000000000000000000000000000000000000000000000000000000000000000000000000000000000000000000000000000000000000000000000000000000000000000000000000000000000000000000000000000000000000000000000000000000000000000000000000000000000000000000000000000000000000000000000000000000000000000000000000000000000000000000000000000000000000000000000000000000000000000000000000000000000000000000000000000000000000000000000000000000000000000000000000000000000000000010000000000000000000000000000000000000000000000000000000000000000000000000000000000000000000000000000000000000000000000000000000000000000 
	Parameter ap_ST_fsm_pp4_stage0 bound to: 607'b0000000000000000000000000000000000000000000000000000000000000000000000000000000000000000000000000000000000000000000000000000000000000000000000000000000000000000000000000000000000000000000000000000000000000000000000000000000000000000000000000000000000000000000000000000000000000000000000000000000000000000000000000000000000000000000000000000000000000000000000000000000000000000000000000000000000000000000000000000000000000000000000000000000000000000000000000000000000000100000000000000000000000000000000000000000000000000000000000000000000000000000000000000000000000000000000000000000000000000000000000000000 
	Parameter ap_ST_fsm_state144 bound to: 607'b0000000000000000000000000000000000000000000000000000000000000000000000000000000000000000000000000000000000000000000000000000000000000000000000000000000000000000000000000000000000000000000000000000000000000000000000000000000000000000000000000000000000000000000000000000000000000000000000000000000000000000000000000000000000000000000000000000000000000000000000000000000000000000000000000000000000000000000000000000000000000000000000000000000000000000000000000000000000001000000000000000000000000000000000000000000000000000000000000000000000000000000000000000000000000000000000000000000000000000000000000000000 
	Parameter ap_ST_fsm_pp5_stage0 bound to: 607'b0000000000000000000000000000000000000000000000000000000000000000000000000000000000000000000000000000000000000000000000000000000000000000000000000000000000000000000000000000000000000000000000000000000000000000000000000000000000000000000000000000000000000000000000000000000000000000000000000000000000000000000000000000000000000000000000000000000000000000000000000000000000000000000000000000000000000000000000000000000000000000000000000000000000000000000000000000000000010000000000000000000000000000000000000000000000000000000000000000000000000000000000000000000000000000000000000000000000000000000000000000000 
	Parameter ap_ST_fsm_state147 bound to: 607'b0000000000000000000000000000000000000000000000000000000000000000000000000000000000000000000000000000000000000000000000000000000000000000000000000000000000000000000000000000000000000000000000000000000000000000000000000000000000000000000000000000000000000000000000000000000000000000000000000000000000000000000000000000000000000000000000000000000000000000000000000000000000000000000000000000000000000000000000000000000000000000000000000000000000000000000000000000000000100000000000000000000000000000000000000000000000000000000000000000000000000000000000000000000000000000000000000000000000000000000000000000000 
	Parameter ap_ST_fsm_pp6_stage0 bound to: 607'b0000000000000000000000000000000000000000000000000000000000000000000000000000000000000000000000000000000000000000000000000000000000000000000000000000000000000000000000000000000000000000000000000000000000000000000000000000000000000000000000000000000000000000000000000000000000000000000000000000000000000000000000000000000000000000000000000000000000000000000000000000000000000000000000000000000000000000000000000000000000000000000000000000000000000000000000000000000001000000000000000000000000000000000000000000000000000000000000000000000000000000000000000000000000000000000000000000000000000000000000000000000 
	Parameter ap_ST_fsm_state151 bound to: 607'b0000000000000000000000000000000000000000000000000000000000000000000000000000000000000000000000000000000000000000000000000000000000000000000000000000000000000000000000000000000000000000000000000000000000000000000000000000000000000000000000000000000000000000000000000000000000000000000000000000000000000000000000000000000000000000000000000000000000000000000000000000000000000000000000000000000000000000000000000000000000000000000000000000000000000000000000000000000010000000000000000000000000000000000000000000000000000000000000000000000000000000000000000000000000000000000000000000000000000000000000000000000 
	Parameter ap_ST_fsm_pp7_stage0 bound to: 607'b0000000000000000000000000000000000000000000000000000000000000000000000000000000000000000000000000000000000000000000000000000000000000000000000000000000000000000000000000000000000000000000000000000000000000000000000000000000000000000000000000000000000000000000000000000000000000000000000000000000000000000000000000000000000000000000000000000000000000000000000000000000000000000000000000000000000000000000000000000000000000000000000000000000000000000000000000000000100000000000000000000000000000000000000000000000000000000000000000000000000000000000000000000000000000000000000000000000000000000000000000000000 
	Parameter ap_ST_fsm_state154 bound to: 607'b0000000000000000000000000000000000000000000000000000000000000000000000000000000000000000000000000000000000000000000000000000000000000000000000000000000000000000000000000000000000000000000000000000000000000000000000000000000000000000000000000000000000000000000000000000000000000000000000000000000000000000000000000000000000000000000000000000000000000000000000000000000000000000000000000000000000000000000000000000000000000000000000000000000000000000000000000000001000000000000000000000000000000000000000000000000000000000000000000000000000000000000000000000000000000000000000000000000000000000000000000000000 
	Parameter ap_ST_fsm_pp8_stage0 bound to: 607'b0000000000000000000000000000000000000000000000000000000000000000000000000000000000000000000000000000000000000000000000000000000000000000000000000000000000000000000000000000000000000000000000000000000000000000000000000000000000000000000000000000000000000000000000000000000000000000000000000000000000000000000000000000000000000000000000000000000000000000000000000000000000000000000000000000000000000000000000000000000000000000000000000000000000000000000000000000010000000000000000000000000000000000000000000000000000000000000000000000000000000000000000000000000000000000000000000000000000000000000000000000000 
	Parameter ap_ST_fsm_state159 bound to: 607'b0000000000000000000000000000000000000000000000000000000000000000000000000000000000000000000000000000000000000000000000000000000000000000000000000000000000000000000000000000000000000000000000000000000000000000000000000000000000000000000000000000000000000000000000000000000000000000000000000000000000000000000000000000000000000000000000000000000000000000000000000000000000000000000000000000000000000000000000000000000000000000000000000000000000000000000000000000100000000000000000000000000000000000000000000000000000000000000000000000000000000000000000000000000000000000000000000000000000000000000000000000000 
	Parameter ap_ST_fsm_pp9_stage0 bound to: 607'b0000000000000000000000000000000000000000000000000000000000000000000000000000000000000000000000000000000000000000000000000000000000000000000000000000000000000000000000000000000000000000000000000000000000000000000000000000000000000000000000000000000000000000000000000000000000000000000000000000000000000000000000000000000000000000000000000000000000000000000000000000000000000000000000000000000000000000000000000000000000000000000000000000000000000000000000000001000000000000000000000000000000000000000000000000000000000000000000000000000000000000000000000000000000000000000000000000000000000000000000000000000 
	Parameter ap_ST_fsm_state215 bound to: 607'b0000000000000000000000000000000000000000000000000000000000000000000000000000000000000000000000000000000000000000000000000000000000000000000000000000000000000000000000000000000000000000000000000000000000000000000000000000000000000000000000000000000000000000000000000000000000000000000000000000000000000000000000000000000000000000000000000000000000000000000000000000000000000000000000000000000000000000000000000000000000000000000000000000000000000000000000000010000000000000000000000000000000000000000000000000000000000000000000000000000000000000000000000000000000000000000000000000000000000000000000000000000 
	Parameter ap_ST_fsm_pp10_stage0 bound to: 607'b0000000000000000000000000000000000000000000000000000000000000000000000000000000000000000000000000000000000000000000000000000000000000000000000000000000000000000000000000000000000000000000000000000000000000000000000000000000000000000000000000000000000000000000000000000000000000000000000000000000000000000000000000000000000000000000000000000000000000000000000000000000000000000000000000000000000000000000000000000000000000000000000000000000000000000000000000100000000000000000000000000000000000000000000000000000000000000000000000000000000000000000000000000000000000000000000000000000000000000000000000000000 
	Parameter ap_ST_fsm_state219 bound to: 607'b0000000000000000000000000000000000000000000000000000000000000000000000000000000000000000000000000000000000000000000000000000000000000000000000000000000000000000000000000000000000000000000000000000000000000000000000000000000000000000000000000000000000000000000000000000000000000000000000000000000000000000000000000000000000000000000000000000000000000000000000000000000000000000000000000000000000000000000000000000000000000000000000000000000000000000000000001000000000000000000000000000000000000000000000000000000000000000000000000000000000000000000000000000000000000000000000000000000000000000000000000000000 
	Parameter ap_ST_fsm_state220 bound to: 607'b0000000000000000000000000000000000000000000000000000000000000000000000000000000000000000000000000000000000000000000000000000000000000000000000000000000000000000000000000000000000000000000000000000000000000000000000000000000000000000000000000000000000000000000000000000000000000000000000000000000000000000000000000000000000000000000000000000000000000000000000000000000000000000000000000000000000000000000000000000000000000000000000000000000000000000000000010000000000000000000000000000000000000000000000000000000000000000000000000000000000000000000000000000000000000000000000000000000000000000000000000000000 
	Parameter ap_ST_fsm_state221 bound to: 607'b0000000000000000000000000000000000000000000000000000000000000000000000000000000000000000000000000000000000000000000000000000000000000000000000000000000000000000000000000000000000000000000000000000000000000000000000000000000000000000000000000000000000000000000000000000000000000000000000000000000000000000000000000000000000000000000000000000000000000000000000000000000000000000000000000000000000000000000000000000000000000000000000000000000000000000000000100000000000000000000000000000000000000000000000000000000000000000000000000000000000000000000000000000000000000000000000000000000000000000000000000000000 
	Parameter ap_ST_fsm_state222 bound to: 607'b0000000000000000000000000000000000000000000000000000000000000000000000000000000000000000000000000000000000000000000000000000000000000000000000000000000000000000000000000000000000000000000000000000000000000000000000000000000000000000000000000000000000000000000000000000000000000000000000000000000000000000000000000000000000000000000000000000000000000000000000000000000000000000000000000000000000000000000000000000000000000000000000000000000000000000000001000000000000000000000000000000000000000000000000000000000000000000000000000000000000000000000000000000000000000000000000000000000000000000000000000000000 
	Parameter ap_ST_fsm_state223 bound to: 607'b0000000000000000000000000000000000000000000000000000000000000000000000000000000000000000000000000000000000000000000000000000000000000000000000000000000000000000000000000000000000000000000000000000000000000000000000000000000000000000000000000000000000000000000000000000000000000000000000000000000000000000000000000000000000000000000000000000000000000000000000000000000000000000000000000000000000000000000000000000000000000000000000000000000000000000000010000000000000000000000000000000000000000000000000000000000000000000000000000000000000000000000000000000000000000000000000000000000000000000000000000000000 
	Parameter ap_ST_fsm_state224 bound to: 607'b0000000000000000000000000000000000000000000000000000000000000000000000000000000000000000000000000000000000000000000000000000000000000000000000000000000000000000000000000000000000000000000000000000000000000000000000000000000000000000000000000000000000000000000000000000000000000000000000000000000000000000000000000000000000000000000000000000000000000000000000000000000000000000000000000000000000000000000000000000000000000000000000000000000000000000000100000000000000000000000000000000000000000000000000000000000000000000000000000000000000000000000000000000000000000000000000000000000000000000000000000000000 
	Parameter ap_ST_fsm_state225 bound to: 607'b0000000000000000000000000000000000000000000000000000000000000000000000000000000000000000000000000000000000000000000000000000000000000000000000000000000000000000000000000000000000000000000000000000000000000000000000000000000000000000000000000000000000000000000000000000000000000000000000000000000000000000000000000000000000000000000000000000000000000000000000000000000000000000000000000000000000000000000000000000000000000000000000000000000000000000001000000000000000000000000000000000000000000000000000000000000000000000000000000000000000000000000000000000000000000000000000000000000000000000000000000000000 
	Parameter ap_ST_fsm_state226 bound to: 607'b0000000000000000000000000000000000000000000000000000000000000000000000000000000000000000000000000000000000000000000000000000000000000000000000000000000000000000000000000000000000000000000000000000000000000000000000000000000000000000000000000000000000000000000000000000000000000000000000000000000000000000000000000000000000000000000000000000000000000000000000000000000000000000000000000000000000000000000000000000000000000000000000000000000000000000010000000000000000000000000000000000000000000000000000000000000000000000000000000000000000000000000000000000000000000000000000000000000000000000000000000000000 
	Parameter ap_ST_fsm_state227 bound to: 607'b0000000000000000000000000000000000000000000000000000000000000000000000000000000000000000000000000000000000000000000000000000000000000000000000000000000000000000000000000000000000000000000000000000000000000000000000000000000000000000000000000000000000000000000000000000000000000000000000000000000000000000000000000000000000000000000000000000000000000000000000000000000000000000000000000000000000000000000000000000000000000000000000000000000000000000100000000000000000000000000000000000000000000000000000000000000000000000000000000000000000000000000000000000000000000000000000000000000000000000000000000000000 
	Parameter ap_ST_fsm_state228 bound to: 607'b0000000000000000000000000000000000000000000000000000000000000000000000000000000000000000000000000000000000000000000000000000000000000000000000000000000000000000000000000000000000000000000000000000000000000000000000000000000000000000000000000000000000000000000000000000000000000000000000000000000000000000000000000000000000000000000000000000000000000000000000000000000000000000000000000000000000000000000000000000000000000000000000000000000000000001000000000000000000000000000000000000000000000000000000000000000000000000000000000000000000000000000000000000000000000000000000000000000000000000000000000000000 
	Parameter ap_ST_fsm_state229 bound to: 607'b0000000000000000000000000000000000000000000000000000000000000000000000000000000000000000000000000000000000000000000000000000000000000000000000000000000000000000000000000000000000000000000000000000000000000000000000000000000000000000000000000000000000000000000000000000000000000000000000000000000000000000000000000000000000000000000000000000000000000000000000000000000000000000000000000000000000000000000000000000000000000000000000000000000000000010000000000000000000000000000000000000000000000000000000000000000000000000000000000000000000000000000000000000000000000000000000000000000000000000000000000000000 
	Parameter ap_ST_fsm_state230 bound to: 607'b0000000000000000000000000000000000000000000000000000000000000000000000000000000000000000000000000000000000000000000000000000000000000000000000000000000000000000000000000000000000000000000000000000000000000000000000000000000000000000000000000000000000000000000000000000000000000000000000000000000000000000000000000000000000000000000000000000000000000000000000000000000000000000000000000000000000000000000000000000000000000000000000000000000000000100000000000000000000000000000000000000000000000000000000000000000000000000000000000000000000000000000000000000000000000000000000000000000000000000000000000000000 
	Parameter ap_ST_fsm_state231 bound to: 607'b0000000000000000000000000000000000000000000000000000000000000000000000000000000000000000000000000000000000000000000000000000000000000000000000000000000000000000000000000000000000000000000000000000000000000000000000000000000000000000000000000000000000000000000000000000000000000000000000000000000000000000000000000000000000000000000000000000000000000000000000000000000000000000000000000000000000000000000000000000000000000000000000000000000000001000000000000000000000000000000000000000000000000000000000000000000000000000000000000000000000000000000000000000000000000000000000000000000000000000000000000000000 
	Parameter ap_ST_fsm_state232 bound to: 607'b0000000000000000000000000000000000000000000000000000000000000000000000000000000000000000000000000000000000000000000000000000000000000000000000000000000000000000000000000000000000000000000000000000000000000000000000000000000000000000000000000000000000000000000000000000000000000000000000000000000000000000000000000000000000000000000000000000000000000000000000000000000000000000000000000000000000000000000000000000000000000000000000000000000000010000000000000000000000000000000000000000000000000000000000000000000000000000000000000000000000000000000000000000000000000000000000000000000000000000000000000000000 
	Parameter ap_ST_fsm_state233 bound to: 607'b0000000000000000000000000000000000000000000000000000000000000000000000000000000000000000000000000000000000000000000000000000000000000000000000000000000000000000000000000000000000000000000000000000000000000000000000000000000000000000000000000000000000000000000000000000000000000000000000000000000000000000000000000000000000000000000000000000000000000000000000000000000000000000000000000000000000000000000000000000000000000000000000000000000000100000000000000000000000000000000000000000000000000000000000000000000000000000000000000000000000000000000000000000000000000000000000000000000000000000000000000000000 
	Parameter ap_ST_fsm_state234 bound to: 607'b0000000000000000000000000000000000000000000000000000000000000000000000000000000000000000000000000000000000000000000000000000000000000000000000000000000000000000000000000000000000000000000000000000000000000000000000000000000000000000000000000000000000000000000000000000000000000000000000000000000000000000000000000000000000000000000000000000000000000000000000000000000000000000000000000000000000000000000000000000000000000000000000000000000001000000000000000000000000000000000000000000000000000000000000000000000000000000000000000000000000000000000000000000000000000000000000000000000000000000000000000000000 
	Parameter ap_ST_fsm_state235 bound to: 607'b0000000000000000000000000000000000000000000000000000000000000000000000000000000000000000000000000000000000000000000000000000000000000000000000000000000000000000000000000000000000000000000000000000000000000000000000000000000000000000000000000000000000000000000000000000000000000000000000000000000000000000000000000000000000000000000000000000000000000000000000000000000000000000000000000000000000000000000000000000000000000000000000000000000010000000000000000000000000000000000000000000000000000000000000000000000000000000000000000000000000000000000000000000000000000000000000000000000000000000000000000000000 
	Parameter ap_ST_fsm_state236 bound to: 607'b0000000000000000000000000000000000000000000000000000000000000000000000000000000000000000000000000000000000000000000000000000000000000000000000000000000000000000000000000000000000000000000000000000000000000000000000000000000000000000000000000000000000000000000000000000000000000000000000000000000000000000000000000000000000000000000000000000000000000000000000000000000000000000000000000000000000000000000000000000000000000000000000000000000100000000000000000000000000000000000000000000000000000000000000000000000000000000000000000000000000000000000000000000000000000000000000000000000000000000000000000000000 
	Parameter ap_ST_fsm_state237 bound to: 607'b0000000000000000000000000000000000000000000000000000000000000000000000000000000000000000000000000000000000000000000000000000000000000000000000000000000000000000000000000000000000000000000000000000000000000000000000000000000000000000000000000000000000000000000000000000000000000000000000000000000000000000000000000000000000000000000000000000000000000000000000000000000000000000000000000000000000000000000000000000000000000000000000000000001000000000000000000000000000000000000000000000000000000000000000000000000000000000000000000000000000000000000000000000000000000000000000000000000000000000000000000000000 
	Parameter ap_ST_fsm_state238 bound to: 607'b0000000000000000000000000000000000000000000000000000000000000000000000000000000000000000000000000000000000000000000000000000000000000000000000000000000000000000000000000000000000000000000000000000000000000000000000000000000000000000000000000000000000000000000000000000000000000000000000000000000000000000000000000000000000000000000000000000000000000000000000000000000000000000000000000000000000000000000000000000000000000000000000000000010000000000000000000000000000000000000000000000000000000000000000000000000000000000000000000000000000000000000000000000000000000000000000000000000000000000000000000000000 
	Parameter ap_ST_fsm_state239 bound to: 607'b0000000000000000000000000000000000000000000000000000000000000000000000000000000000000000000000000000000000000000000000000000000000000000000000000000000000000000000000000000000000000000000000000000000000000000000000000000000000000000000000000000000000000000000000000000000000000000000000000000000000000000000000000000000000000000000000000000000000000000000000000000000000000000000000000000000000000000000000000000000000000000000000000000100000000000000000000000000000000000000000000000000000000000000000000000000000000000000000000000000000000000000000000000000000000000000000000000000000000000000000000000000 
	Parameter ap_ST_fsm_state240 bound to: 607'b0000000000000000000000000000000000000000000000000000000000000000000000000000000000000000000000000000000000000000000000000000000000000000000000000000000000000000000000000000000000000000000000000000000000000000000000000000000000000000000000000000000000000000000000000000000000000000000000000000000000000000000000000000000000000000000000000000000000000000000000000000000000000000000000000000000000000000000000000000000000000000000000000001000000000000000000000000000000000000000000000000000000000000000000000000000000000000000000000000000000000000000000000000000000000000000000000000000000000000000000000000000 
	Parameter ap_ST_fsm_state241 bound to: 607'b0000000000000000000000000000000000000000000000000000000000000000000000000000000000000000000000000000000000000000000000000000000000000000000000000000000000000000000000000000000000000000000000000000000000000000000000000000000000000000000000000000000000000000000000000000000000000000000000000000000000000000000000000000000000000000000000000000000000000000000000000000000000000000000000000000000000000000000000000000000000000000000000000010000000000000000000000000000000000000000000000000000000000000000000000000000000000000000000000000000000000000000000000000000000000000000000000000000000000000000000000000000 
	Parameter ap_ST_fsm_state242 bound to: 607'b0000000000000000000000000000000000000000000000000000000000000000000000000000000000000000000000000000000000000000000000000000000000000000000000000000000000000000000000000000000000000000000000000000000000000000000000000000000000000000000000000000000000000000000000000000000000000000000000000000000000000000000000000000000000000000000000000000000000000000000000000000000000000000000000000000000000000000000000000000000000000000000000000100000000000000000000000000000000000000000000000000000000000000000000000000000000000000000000000000000000000000000000000000000000000000000000000000000000000000000000000000000 
	Parameter ap_ST_fsm_state243 bound to: 607'b0000000000000000000000000000000000000000000000000000000000000000000000000000000000000000000000000000000000000000000000000000000000000000000000000000000000000000000000000000000000000000000000000000000000000000000000000000000000000000000000000000000000000000000000000000000000000000000000000000000000000000000000000000000000000000000000000000000000000000000000000000000000000000000000000000000000000000000000000000000000000000000000001000000000000000000000000000000000000000000000000000000000000000000000000000000000000000000000000000000000000000000000000000000000000000000000000000000000000000000000000000000 
	Parameter ap_ST_fsm_state244 bound to: 607'b0000000000000000000000000000000000000000000000000000000000000000000000000000000000000000000000000000000000000000000000000000000000000000000000000000000000000000000000000000000000000000000000000000000000000000000000000000000000000000000000000000000000000000000000000000000000000000000000000000000000000000000000000000000000000000000000000000000000000000000000000000000000000000000000000000000000000000000000000000000000000000000000010000000000000000000000000000000000000000000000000000000000000000000000000000000000000000000000000000000000000000000000000000000000000000000000000000000000000000000000000000000 
	Parameter ap_ST_fsm_state245 bound to: 607'b0000000000000000000000000000000000000000000000000000000000000000000000000000000000000000000000000000000000000000000000000000000000000000000000000000000000000000000000000000000000000000000000000000000000000000000000000000000000000000000000000000000000000000000000000000000000000000000000000000000000000000000000000000000000000000000000000000000000000000000000000000000000000000000000000000000000000000000000000000000000000000000000100000000000000000000000000000000000000000000000000000000000000000000000000000000000000000000000000000000000000000000000000000000000000000000000000000000000000000000000000000000 
	Parameter ap_ST_fsm_state246 bound to: 607'b0000000000000000000000000000000000000000000000000000000000000000000000000000000000000000000000000000000000000000000000000000000000000000000000000000000000000000000000000000000000000000000000000000000000000000000000000000000000000000000000000000000000000000000000000000000000000000000000000000000000000000000000000000000000000000000000000000000000000000000000000000000000000000000000000000000000000000000000000000000000000000000001000000000000000000000000000000000000000000000000000000000000000000000000000000000000000000000000000000000000000000000000000000000000000000000000000000000000000000000000000000000 
	Parameter ap_ST_fsm_state247 bound to: 607'b0000000000000000000000000000000000000000000000000000000000000000000000000000000000000000000000000000000000000000000000000000000000000000000000000000000000000000000000000000000000000000000000000000000000000000000000000000000000000000000000000000000000000000000000000000000000000000000000000000000000000000000000000000000000000000000000000000000000000000000000000000000000000000000000000000000000000000000000000000000000000000000010000000000000000000000000000000000000000000000000000000000000000000000000000000000000000000000000000000000000000000000000000000000000000000000000000000000000000000000000000000000 
	Parameter ap_ST_fsm_state248 bound to: 607'b0000000000000000000000000000000000000000000000000000000000000000000000000000000000000000000000000000000000000000000000000000000000000000000000000000000000000000000000000000000000000000000000000000000000000000000000000000000000000000000000000000000000000000000000000000000000000000000000000000000000000000000000000000000000000000000000000000000000000000000000000000000000000000000000000000000000000000000000000000000000000000000100000000000000000000000000000000000000000000000000000000000000000000000000000000000000000000000000000000000000000000000000000000000000000000000000000000000000000000000000000000000 
	Parameter ap_ST_fsm_state249 bound to: 607'b0000000000000000000000000000000000000000000000000000000000000000000000000000000000000000000000000000000000000000000000000000000000000000000000000000000000000000000000000000000000000000000000000000000000000000000000000000000000000000000000000000000000000000000000000000000000000000000000000000000000000000000000000000000000000000000000000000000000000000000000000000000000000000000000000000000000000000000000000000000000000000001000000000000000000000000000000000000000000000000000000000000000000000000000000000000000000000000000000000000000000000000000000000000000000000000000000000000000000000000000000000000 
	Parameter ap_ST_fsm_state250 bound to: 607'b0000000000000000000000000000000000000000000000000000000000000000000000000000000000000000000000000000000000000000000000000000000000000000000000000000000000000000000000000000000000000000000000000000000000000000000000000000000000000000000000000000000000000000000000000000000000000000000000000000000000000000000000000000000000000000000000000000000000000000000000000000000000000000000000000000000000000000000000000000000000000000010000000000000000000000000000000000000000000000000000000000000000000000000000000000000000000000000000000000000000000000000000000000000000000000000000000000000000000000000000000000000 
	Parameter ap_ST_fsm_state251 bound to: 607'b0000000000000000000000000000000000000000000000000000000000000000000000000000000000000000000000000000000000000000000000000000000000000000000000000000000000000000000000000000000000000000000000000000000000000000000000000000000000000000000000000000000000000000000000000000000000000000000000000000000000000000000000000000000000000000000000000000000000000000000000000000000000000000000000000000000000000000000000000000000000000000100000000000000000000000000000000000000000000000000000000000000000000000000000000000000000000000000000000000000000000000000000000000000000000000000000000000000000000000000000000000000 
	Parameter ap_ST_fsm_state252 bound to: 607'b0000000000000000000000000000000000000000000000000000000000000000000000000000000000000000000000000000000000000000000000000000000000000000000000000000000000000000000000000000000000000000000000000000000000000000000000000000000000000000000000000000000000000000000000000000000000000000000000000000000000000000000000000000000000000000000000000000000000000000000000000000000000000000000000000000000000000000000000000000000000000001000000000000000000000000000000000000000000000000000000000000000000000000000000000000000000000000000000000000000000000000000000000000000000000000000000000000000000000000000000000000000 
	Parameter ap_ST_fsm_state253 bound to: 607'b0000000000000000000000000000000000000000000000000000000000000000000000000000000000000000000000000000000000000000000000000000000000000000000000000000000000000000000000000000000000000000000000000000000000000000000000000000000000000000000000000000000000000000000000000000000000000000000000000000000000000000000000000000000000000000000000000000000000000000000000000000000000000000000000000000000000000000000000000000000000000010000000000000000000000000000000000000000000000000000000000000000000000000000000000000000000000000000000000000000000000000000000000000000000000000000000000000000000000000000000000000000 
	Parameter ap_ST_fsm_state254 bound to: 607'b0000000000000000000000000000000000000000000000000000000000000000000000000000000000000000000000000000000000000000000000000000000000000000000000000000000000000000000000000000000000000000000000000000000000000000000000000000000000000000000000000000000000000000000000000000000000000000000000000000000000000000000000000000000000000000000000000000000000000000000000000000000000000000000000000000000000000000000000000000000000000100000000000000000000000000000000000000000000000000000000000000000000000000000000000000000000000000000000000000000000000000000000000000000000000000000000000000000000000000000000000000000 
	Parameter ap_ST_fsm_state255 bound to: 607'b0000000000000000000000000000000000000000000000000000000000000000000000000000000000000000000000000000000000000000000000000000000000000000000000000000000000000000000000000000000000000000000000000000000000000000000000000000000000000000000000000000000000000000000000000000000000000000000000000000000000000000000000000000000000000000000000000000000000000000000000000000000000000000000000000000000000000000000000000000000000001000000000000000000000000000000000000000000000000000000000000000000000000000000000000000000000000000000000000000000000000000000000000000000000000000000000000000000000000000000000000000000 
	Parameter ap_ST_fsm_state256 bound to: 607'b0000000000000000000000000000000000000000000000000000000000000000000000000000000000000000000000000000000000000000000000000000000000000000000000000000000000000000000000000000000000000000000000000000000000000000000000000000000000000000000000000000000000000000000000000000000000000000000000000000000000000000000000000000000000000000000000000000000000000000000000000000000000000000000000000000000000000000000000000000000000010000000000000000000000000000000000000000000000000000000000000000000000000000000000000000000000000000000000000000000000000000000000000000000000000000000000000000000000000000000000000000000 
	Parameter ap_ST_fsm_state257 bound to: 607'b0000000000000000000000000000000000000000000000000000000000000000000000000000000000000000000000000000000000000000000000000000000000000000000000000000000000000000000000000000000000000000000000000000000000000000000000000000000000000000000000000000000000000000000000000000000000000000000000000000000000000000000000000000000000000000000000000000000000000000000000000000000000000000000000000000000000000000000000000000000000100000000000000000000000000000000000000000000000000000000000000000000000000000000000000000000000000000000000000000000000000000000000000000000000000000000000000000000000000000000000000000000 
	Parameter ap_ST_fsm_state258 bound to: 607'b0000000000000000000000000000000000000000000000000000000000000000000000000000000000000000000000000000000000000000000000000000000000000000000000000000000000000000000000000000000000000000000000000000000000000000000000000000000000000000000000000000000000000000000000000000000000000000000000000000000000000000000000000000000000000000000000000000000000000000000000000000000000000000000000000000000000000000000000000000000001000000000000000000000000000000000000000000000000000000000000000000000000000000000000000000000000000000000000000000000000000000000000000000000000000000000000000000000000000000000000000000000 
	Parameter ap_ST_fsm_state259 bound to: 607'b0000000000000000000000000000000000000000000000000000000000000000000000000000000000000000000000000000000000000000000000000000000000000000000000000000000000000000000000000000000000000000000000000000000000000000000000000000000000000000000000000000000000000000000000000000000000000000000000000000000000000000000000000000000000000000000000000000000000000000000000000000000000000000000000000000000000000000000000000000000010000000000000000000000000000000000000000000000000000000000000000000000000000000000000000000000000000000000000000000000000000000000000000000000000000000000000000000000000000000000000000000000 
	Parameter ap_ST_fsm_state260 bound to: 607'b0000000000000000000000000000000000000000000000000000000000000000000000000000000000000000000000000000000000000000000000000000000000000000000000000000000000000000000000000000000000000000000000000000000000000000000000000000000000000000000000000000000000000000000000000000000000000000000000000000000000000000000000000000000000000000000000000000000000000000000000000000000000000000000000000000000000000000000000000000000100000000000000000000000000000000000000000000000000000000000000000000000000000000000000000000000000000000000000000000000000000000000000000000000000000000000000000000000000000000000000000000000 
	Parameter ap_ST_fsm_state261 bound to: 607'b0000000000000000000000000000000000000000000000000000000000000000000000000000000000000000000000000000000000000000000000000000000000000000000000000000000000000000000000000000000000000000000000000000000000000000000000000000000000000000000000000000000000000000000000000000000000000000000000000000000000000000000000000000000000000000000000000000000000000000000000000000000000000000000000000000000000000000000000000000001000000000000000000000000000000000000000000000000000000000000000000000000000000000000000000000000000000000000000000000000000000000000000000000000000000000000000000000000000000000000000000000000 
	Parameter ap_ST_fsm_state262 bound to: 607'b0000000000000000000000000000000000000000000000000000000000000000000000000000000000000000000000000000000000000000000000000000000000000000000000000000000000000000000000000000000000000000000000000000000000000000000000000000000000000000000000000000000000000000000000000000000000000000000000000000000000000000000000000000000000000000000000000000000000000000000000000000000000000000000000000000000000000000000000000000010000000000000000000000000000000000000000000000000000000000000000000000000000000000000000000000000000000000000000000000000000000000000000000000000000000000000000000000000000000000000000000000000 
	Parameter ap_ST_fsm_state263 bound to: 607'b0000000000000000000000000000000000000000000000000000000000000000000000000000000000000000000000000000000000000000000000000000000000000000000000000000000000000000000000000000000000000000000000000000000000000000000000000000000000000000000000000000000000000000000000000000000000000000000000000000000000000000000000000000000000000000000000000000000000000000000000000000000000000000000000000000000000000000000000000000100000000000000000000000000000000000000000000000000000000000000000000000000000000000000000000000000000000000000000000000000000000000000000000000000000000000000000000000000000000000000000000000000 
	Parameter ap_ST_fsm_state264 bound to: 607'b0000000000000000000000000000000000000000000000000000000000000000000000000000000000000000000000000000000000000000000000000000000000000000000000000000000000000000000000000000000000000000000000000000000000000000000000000000000000000000000000000000000000000000000000000000000000000000000000000000000000000000000000000000000000000000000000000000000000000000000000000000000000000000000000000000000000000000000000000001000000000000000000000000000000000000000000000000000000000000000000000000000000000000000000000000000000000000000000000000000000000000000000000000000000000000000000000000000000000000000000000000000 
	Parameter ap_ST_fsm_state265 bound to: 607'b0000000000000000000000000000000000000000000000000000000000000000000000000000000000000000000000000000000000000000000000000000000000000000000000000000000000000000000000000000000000000000000000000000000000000000000000000000000000000000000000000000000000000000000000000000000000000000000000000000000000000000000000000000000000000000000000000000000000000000000000000000000000000000000000000000000000000000000000000010000000000000000000000000000000000000000000000000000000000000000000000000000000000000000000000000000000000000000000000000000000000000000000000000000000000000000000000000000000000000000000000000000 
	Parameter ap_ST_fsm_state266 bound to: 607'b0000000000000000000000000000000000000000000000000000000000000000000000000000000000000000000000000000000000000000000000000000000000000000000000000000000000000000000000000000000000000000000000000000000000000000000000000000000000000000000000000000000000000000000000000000000000000000000000000000000000000000000000000000000000000000000000000000000000000000000000000000000000000000000000000000000000000000000000000100000000000000000000000000000000000000000000000000000000000000000000000000000000000000000000000000000000000000000000000000000000000000000000000000000000000000000000000000000000000000000000000000000 
	Parameter ap_ST_fsm_state267 bound to: 607'b0000000000000000000000000000000000000000000000000000000000000000000000000000000000000000000000000000000000000000000000000000000000000000000000000000000000000000000000000000000000000000000000000000000000000000000000000000000000000000000000000000000000000000000000000000000000000000000000000000000000000000000000000000000000000000000000000000000000000000000000000000000000000000000000000000000000000000000000001000000000000000000000000000000000000000000000000000000000000000000000000000000000000000000000000000000000000000000000000000000000000000000000000000000000000000000000000000000000000000000000000000000 
	Parameter ap_ST_fsm_state268 bound to: 607'b0000000000000000000000000000000000000000000000000000000000000000000000000000000000000000000000000000000000000000000000000000000000000000000000000000000000000000000000000000000000000000000000000000000000000000000000000000000000000000000000000000000000000000000000000000000000000000000000000000000000000000000000000000000000000000000000000000000000000000000000000000000000000000000000000000000000000000000000010000000000000000000000000000000000000000000000000000000000000000000000000000000000000000000000000000000000000000000000000000000000000000000000000000000000000000000000000000000000000000000000000000000 
	Parameter ap_ST_fsm_state269 bound to: 607'b0000000000000000000000000000000000000000000000000000000000000000000000000000000000000000000000000000000000000000000000000000000000000000000000000000000000000000000000000000000000000000000000000000000000000000000000000000000000000000000000000000000000000000000000000000000000000000000000000000000000000000000000000000000000000000000000000000000000000000000000000000000000000000000000000000000000000000000000100000000000000000000000000000000000000000000000000000000000000000000000000000000000000000000000000000000000000000000000000000000000000000000000000000000000000000000000000000000000000000000000000000000 
	Parameter ap_ST_fsm_state270 bound to: 607'b0000000000000000000000000000000000000000000000000000000000000000000000000000000000000000000000000000000000000000000000000000000000000000000000000000000000000000000000000000000000000000000000000000000000000000000000000000000000000000000000000000000000000000000000000000000000000000000000000000000000000000000000000000000000000000000000000000000000000000000000000000000000000000000000000000000000000000000001000000000000000000000000000000000000000000000000000000000000000000000000000000000000000000000000000000000000000000000000000000000000000000000000000000000000000000000000000000000000000000000000000000000 
	Parameter ap_ST_fsm_state271 bound to: 607'b0000000000000000000000000000000000000000000000000000000000000000000000000000000000000000000000000000000000000000000000000000000000000000000000000000000000000000000000000000000000000000000000000000000000000000000000000000000000000000000000000000000000000000000000000000000000000000000000000000000000000000000000000000000000000000000000000000000000000000000000000000000000000000000000000000000000000000000010000000000000000000000000000000000000000000000000000000000000000000000000000000000000000000000000000000000000000000000000000000000000000000000000000000000000000000000000000000000000000000000000000000000 
	Parameter ap_ST_fsm_state272 bound to: 607'b0000000000000000000000000000000000000000000000000000000000000000000000000000000000000000000000000000000000000000000000000000000000000000000000000000000000000000000000000000000000000000000000000000000000000000000000000000000000000000000000000000000000000000000000000000000000000000000000000000000000000000000000000000000000000000000000000000000000000000000000000000000000000000000000000000000000000000000100000000000000000000000000000000000000000000000000000000000000000000000000000000000000000000000000000000000000000000000000000000000000000000000000000000000000000000000000000000000000000000000000000000000 
	Parameter ap_ST_fsm_state273 bound to: 607'b0000000000000000000000000000000000000000000000000000000000000000000000000000000000000000000000000000000000000000000000000000000000000000000000000000000000000000000000000000000000000000000000000000000000000000000000000000000000000000000000000000000000000000000000000000000000000000000000000000000000000000000000000000000000000000000000000000000000000000000000000000000000000000000000000000000000000000001000000000000000000000000000000000000000000000000000000000000000000000000000000000000000000000000000000000000000000000000000000000000000000000000000000000000000000000000000000000000000000000000000000000000 
	Parameter ap_ST_fsm_state274 bound to: 607'b0000000000000000000000000000000000000000000000000000000000000000000000000000000000000000000000000000000000000000000000000000000000000000000000000000000000000000000000000000000000000000000000000000000000000000000000000000000000000000000000000000000000000000000000000000000000000000000000000000000000000000000000000000000000000000000000000000000000000000000000000000000000000000000000000000000000000000010000000000000000000000000000000000000000000000000000000000000000000000000000000000000000000000000000000000000000000000000000000000000000000000000000000000000000000000000000000000000000000000000000000000000 
	Parameter ap_ST_fsm_state275 bound to: 607'b0000000000000000000000000000000000000000000000000000000000000000000000000000000000000000000000000000000000000000000000000000000000000000000000000000000000000000000000000000000000000000000000000000000000000000000000000000000000000000000000000000000000000000000000000000000000000000000000000000000000000000000000000000000000000000000000000000000000000000000000000000000000000000000000000000000000000000100000000000000000000000000000000000000000000000000000000000000000000000000000000000000000000000000000000000000000000000000000000000000000000000000000000000000000000000000000000000000000000000000000000000000 
	Parameter ap_ST_fsm_state276 bound to: 607'b0000000000000000000000000000000000000000000000000000000000000000000000000000000000000000000000000000000000000000000000000000000000000000000000000000000000000000000000000000000000000000000000000000000000000000000000000000000000000000000000000000000000000000000000000000000000000000000000000000000000000000000000000000000000000000000000000000000000000000000000000000000000000000000000000000000000000001000000000000000000000000000000000000000000000000000000000000000000000000000000000000000000000000000000000000000000000000000000000000000000000000000000000000000000000000000000000000000000000000000000000000000 
	Parameter ap_ST_fsm_state277 bound to: 607'b0000000000000000000000000000000000000000000000000000000000000000000000000000000000000000000000000000000000000000000000000000000000000000000000000000000000000000000000000000000000000000000000000000000000000000000000000000000000000000000000000000000000000000000000000000000000000000000000000000000000000000000000000000000000000000000000000000000000000000000000000000000000000000000000000000000000000010000000000000000000000000000000000000000000000000000000000000000000000000000000000000000000000000000000000000000000000000000000000000000000000000000000000000000000000000000000000000000000000000000000000000000 
	Parameter ap_ST_fsm_state278 bound to: 607'b0000000000000000000000000000000000000000000000000000000000000000000000000000000000000000000000000000000000000000000000000000000000000000000000000000000000000000000000000000000000000000000000000000000000000000000000000000000000000000000000000000000000000000000000000000000000000000000000000000000000000000000000000000000000000000000000000000000000000000000000000000000000000000000000000000000000000100000000000000000000000000000000000000000000000000000000000000000000000000000000000000000000000000000000000000000000000000000000000000000000000000000000000000000000000000000000000000000000000000000000000000000 
	Parameter ap_ST_fsm_state279 bound to: 607'b0000000000000000000000000000000000000000000000000000000000000000000000000000000000000000000000000000000000000000000000000000000000000000000000000000000000000000000000000000000000000000000000000000000000000000000000000000000000000000000000000000000000000000000000000000000000000000000000000000000000000000000000000000000000000000000000000000000000000000000000000000000000000000000000000000000000001000000000000000000000000000000000000000000000000000000000000000000000000000000000000000000000000000000000000000000000000000000000000000000000000000000000000000000000000000000000000000000000000000000000000000000 
	Parameter ap_ST_fsm_state280 bound to: 607'b0000000000000000000000000000000000000000000000000000000000000000000000000000000000000000000000000000000000000000000000000000000000000000000000000000000000000000000000000000000000000000000000000000000000000000000000000000000000000000000000000000000000000000000000000000000000000000000000000000000000000000000000000000000000000000000000000000000000000000000000000000000000000000000000000000000000010000000000000000000000000000000000000000000000000000000000000000000000000000000000000000000000000000000000000000000000000000000000000000000000000000000000000000000000000000000000000000000000000000000000000000000 
	Parameter ap_ST_fsm_state281 bound to: 607'b0000000000000000000000000000000000000000000000000000000000000000000000000000000000000000000000000000000000000000000000000000000000000000000000000000000000000000000000000000000000000000000000000000000000000000000000000000000000000000000000000000000000000000000000000000000000000000000000000000000000000000000000000000000000000000000000000000000000000000000000000000000000000000000000000000000000100000000000000000000000000000000000000000000000000000000000000000000000000000000000000000000000000000000000000000000000000000000000000000000000000000000000000000000000000000000000000000000000000000000000000000000 
	Parameter ap_ST_fsm_state282 bound to: 607'b0000000000000000000000000000000000000000000000000000000000000000000000000000000000000000000000000000000000000000000000000000000000000000000000000000000000000000000000000000000000000000000000000000000000000000000000000000000000000000000000000000000000000000000000000000000000000000000000000000000000000000000000000000000000000000000000000000000000000000000000000000000000000000000000000000000001000000000000000000000000000000000000000000000000000000000000000000000000000000000000000000000000000000000000000000000000000000000000000000000000000000000000000000000000000000000000000000000000000000000000000000000 
	Parameter ap_ST_fsm_state283 bound to: 607'b0000000000000000000000000000000000000000000000000000000000000000000000000000000000000000000000000000000000000000000000000000000000000000000000000000000000000000000000000000000000000000000000000000000000000000000000000000000000000000000000000000000000000000000000000000000000000000000000000000000000000000000000000000000000000000000000000000000000000000000000000000000000000000000000000000000010000000000000000000000000000000000000000000000000000000000000000000000000000000000000000000000000000000000000000000000000000000000000000000000000000000000000000000000000000000000000000000000000000000000000000000000 
	Parameter ap_ST_fsm_state284 bound to: 607'b0000000000000000000000000000000000000000000000000000000000000000000000000000000000000000000000000000000000000000000000000000000000000000000000000000000000000000000000000000000000000000000000000000000000000000000000000000000000000000000000000000000000000000000000000000000000000000000000000000000000000000000000000000000000000000000000000000000000000000000000000000000000000000000000000000000100000000000000000000000000000000000000000000000000000000000000000000000000000000000000000000000000000000000000000000000000000000000000000000000000000000000000000000000000000000000000000000000000000000000000000000000 
	Parameter ap_ST_fsm_state285 bound to: 607'b0000000000000000000000000000000000000000000000000000000000000000000000000000000000000000000000000000000000000000000000000000000000000000000000000000000000000000000000000000000000000000000000000000000000000000000000000000000000000000000000000000000000000000000000000000000000000000000000000000000000000000000000000000000000000000000000000000000000000000000000000000000000000000000000000000001000000000000000000000000000000000000000000000000000000000000000000000000000000000000000000000000000000000000000000000000000000000000000000000000000000000000000000000000000000000000000000000000000000000000000000000000 
	Parameter ap_ST_fsm_state286 bound to: 607'b0000000000000000000000000000000000000000000000000000000000000000000000000000000000000000000000000000000000000000000000000000000000000000000000000000000000000000000000000000000000000000000000000000000000000000000000000000000000000000000000000000000000000000000000000000000000000000000000000000000000000000000000000000000000000000000000000000000000000000000000000000000000000000000000000000010000000000000000000000000000000000000000000000000000000000000000000000000000000000000000000000000000000000000000000000000000000000000000000000000000000000000000000000000000000000000000000000000000000000000000000000000 
	Parameter ap_ST_fsm_state287 bound to: 607'b0000000000000000000000000000000000000000000000000000000000000000000000000000000000000000000000000000000000000000000000000000000000000000000000000000000000000000000000000000000000000000000000000000000000000000000000000000000000000000000000000000000000000000000000000000000000000000000000000000000000000000000000000000000000000000000000000000000000000000000000000000000000000000000000000000100000000000000000000000000000000000000000000000000000000000000000000000000000000000000000000000000000000000000000000000000000000000000000000000000000000000000000000000000000000000000000000000000000000000000000000000000 
	Parameter ap_ST_fsm_state288 bound to: 607'b0000000000000000000000000000000000000000000000000000000000000000000000000000000000000000000000000000000000000000000000000000000000000000000000000000000000000000000000000000000000000000000000000000000000000000000000000000000000000000000000000000000000000000000000000000000000000000000000000000000000000000000000000000000000000000000000000000000000000000000000000000000000000000000000000001000000000000000000000000000000000000000000000000000000000000000000000000000000000000000000000000000000000000000000000000000000000000000000000000000000000000000000000000000000000000000000000000000000000000000000000000000 
	Parameter ap_ST_fsm_state289 bound to: 607'b0000000000000000000000000000000000000000000000000000000000000000000000000000000000000000000000000000000000000000000000000000000000000000000000000000000000000000000000000000000000000000000000000000000000000000000000000000000000000000000000000000000000000000000000000000000000000000000000000000000000000000000000000000000000000000000000000000000000000000000000000000000000000000000000000010000000000000000000000000000000000000000000000000000000000000000000000000000000000000000000000000000000000000000000000000000000000000000000000000000000000000000000000000000000000000000000000000000000000000000000000000000 
	Parameter ap_ST_fsm_state290 bound to: 607'b0000000000000000000000000000000000000000000000000000000000000000000000000000000000000000000000000000000000000000000000000000000000000000000000000000000000000000000000000000000000000000000000000000000000000000000000000000000000000000000000000000000000000000000000000000000000000000000000000000000000000000000000000000000000000000000000000000000000000000000000000000000000000000000000000100000000000000000000000000000000000000000000000000000000000000000000000000000000000000000000000000000000000000000000000000000000000000000000000000000000000000000000000000000000000000000000000000000000000000000000000000000 
	Parameter ap_ST_fsm_state291 bound to: 607'b0000000000000000000000000000000000000000000000000000000000000000000000000000000000000000000000000000000000000000000000000000000000000000000000000000000000000000000000000000000000000000000000000000000000000000000000000000000000000000000000000000000000000000000000000000000000000000000000000000000000000000000000000000000000000000000000000000000000000000000000000000000000000000000000001000000000000000000000000000000000000000000000000000000000000000000000000000000000000000000000000000000000000000000000000000000000000000000000000000000000000000000000000000000000000000000000000000000000000000000000000000000 
	Parameter ap_ST_fsm_state292 bound to: 607'b0000000000000000000000000000000000000000000000000000000000000000000000000000000000000000000000000000000000000000000000000000000000000000000000000000000000000000000000000000000000000000000000000000000000000000000000000000000000000000000000000000000000000000000000000000000000000000000000000000000000000000000000000000000000000000000000000000000000000000000000000000000000000000000000010000000000000000000000000000000000000000000000000000000000000000000000000000000000000000000000000000000000000000000000000000000000000000000000000000000000000000000000000000000000000000000000000000000000000000000000000000000 
	Parameter ap_ST_fsm_state293 bound to: 607'b0000000000000000000000000000000000000000000000000000000000000000000000000000000000000000000000000000000000000000000000000000000000000000000000000000000000000000000000000000000000000000000000000000000000000000000000000000000000000000000000000000000000000000000000000000000000000000000000000000000000000000000000000000000000000000000000000000000000000000000000000000000000000000000000100000000000000000000000000000000000000000000000000000000000000000000000000000000000000000000000000000000000000000000000000000000000000000000000000000000000000000000000000000000000000000000000000000000000000000000000000000000 
	Parameter ap_ST_fsm_state294 bound to: 607'b0000000000000000000000000000000000000000000000000000000000000000000000000000000000000000000000000000000000000000000000000000000000000000000000000000000000000000000000000000000000000000000000000000000000000000000000000000000000000000000000000000000000000000000000000000000000000000000000000000000000000000000000000000000000000000000000000000000000000000000000000000000000000000000001000000000000000000000000000000000000000000000000000000000000000000000000000000000000000000000000000000000000000000000000000000000000000000000000000000000000000000000000000000000000000000000000000000000000000000000000000000000 
	Parameter ap_ST_fsm_state295 bound to: 607'b0000000000000000000000000000000000000000000000000000000000000000000000000000000000000000000000000000000000000000000000000000000000000000000000000000000000000000000000000000000000000000000000000000000000000000000000000000000000000000000000000000000000000000000000000000000000000000000000000000000000000000000000000000000000000000000000000000000000000000000000000000000000000000000010000000000000000000000000000000000000000000000000000000000000000000000000000000000000000000000000000000000000000000000000000000000000000000000000000000000000000000000000000000000000000000000000000000000000000000000000000000000 
	Parameter ap_ST_fsm_state296 bound to: 607'b0000000000000000000000000000000000000000000000000000000000000000000000000000000000000000000000000000000000000000000000000000000000000000000000000000000000000000000000000000000000000000000000000000000000000000000000000000000000000000000000000000000000000000000000000000000000000000000000000000000000000000000000000000000000000000000000000000000000000000000000000000000000000000000100000000000000000000000000000000000000000000000000000000000000000000000000000000000000000000000000000000000000000000000000000000000000000000000000000000000000000000000000000000000000000000000000000000000000000000000000000000000 
	Parameter ap_ST_fsm_state297 bound to: 607'b0000000000000000000000000000000000000000000000000000000000000000000000000000000000000000000000000000000000000000000000000000000000000000000000000000000000000000000000000000000000000000000000000000000000000000000000000000000000000000000000000000000000000000000000000000000000000000000000000000000000000000000000000000000000000000000000000000000000000000000000000000000000000000001000000000000000000000000000000000000000000000000000000000000000000000000000000000000000000000000000000000000000000000000000000000000000000000000000000000000000000000000000000000000000000000000000000000000000000000000000000000000 
	Parameter ap_ST_fsm_state298 bound to: 607'b0000000000000000000000000000000000000000000000000000000000000000000000000000000000000000000000000000000000000000000000000000000000000000000000000000000000000000000000000000000000000000000000000000000000000000000000000000000000000000000000000000000000000000000000000000000000000000000000000000000000000000000000000000000000000000000000000000000000000000000000000000000000000000010000000000000000000000000000000000000000000000000000000000000000000000000000000000000000000000000000000000000000000000000000000000000000000000000000000000000000000000000000000000000000000000000000000000000000000000000000000000000 
	Parameter ap_ST_fsm_state299 bound to: 607'b0000000000000000000000000000000000000000000000000000000000000000000000000000000000000000000000000000000000000000000000000000000000000000000000000000000000000000000000000000000000000000000000000000000000000000000000000000000000000000000000000000000000000000000000000000000000000000000000000000000000000000000000000000000000000000000000000000000000000000000000000000000000000000100000000000000000000000000000000000000000000000000000000000000000000000000000000000000000000000000000000000000000000000000000000000000000000000000000000000000000000000000000000000000000000000000000000000000000000000000000000000000 
	Parameter ap_ST_fsm_state300 bound to: 607'b0000000000000000000000000000000000000000000000000000000000000000000000000000000000000000000000000000000000000000000000000000000000000000000000000000000000000000000000000000000000000000000000000000000000000000000000000000000000000000000000000000000000000000000000000000000000000000000000000000000000000000000000000000000000000000000000000000000000000000000000000000000000000001000000000000000000000000000000000000000000000000000000000000000000000000000000000000000000000000000000000000000000000000000000000000000000000000000000000000000000000000000000000000000000000000000000000000000000000000000000000000000 
	Parameter ap_ST_fsm_state301 bound to: 607'b0000000000000000000000000000000000000000000000000000000000000000000000000000000000000000000000000000000000000000000000000000000000000000000000000000000000000000000000000000000000000000000000000000000000000000000000000000000000000000000000000000000000000000000000000000000000000000000000000000000000000000000000000000000000000000000000000000000000000000000000000000000000000010000000000000000000000000000000000000000000000000000000000000000000000000000000000000000000000000000000000000000000000000000000000000000000000000000000000000000000000000000000000000000000000000000000000000000000000000000000000000000 
	Parameter ap_ST_fsm_state302 bound to: 607'b0000000000000000000000000000000000000000000000000000000000000000000000000000000000000000000000000000000000000000000000000000000000000000000000000000000000000000000000000000000000000000000000000000000000000000000000000000000000000000000000000000000000000000000000000000000000000000000000000000000000000000000000000000000000000000000000000000000000000000000000000000000000000100000000000000000000000000000000000000000000000000000000000000000000000000000000000000000000000000000000000000000000000000000000000000000000000000000000000000000000000000000000000000000000000000000000000000000000000000000000000000000 
	Parameter ap_ST_fsm_state303 bound to: 607'b0000000000000000000000000000000000000000000000000000000000000000000000000000000000000000000000000000000000000000000000000000000000000000000000000000000000000000000000000000000000000000000000000000000000000000000000000000000000000000000000000000000000000000000000000000000000000000000000000000000000000000000000000000000000000000000000000000000000000000000000000000000000001000000000000000000000000000000000000000000000000000000000000000000000000000000000000000000000000000000000000000000000000000000000000000000000000000000000000000000000000000000000000000000000000000000000000000000000000000000000000000000 
	Parameter ap_ST_fsm_state304 bound to: 607'b0000000000000000000000000000000000000000000000000000000000000000000000000000000000000000000000000000000000000000000000000000000000000000000000000000000000000000000000000000000000000000000000000000000000000000000000000000000000000000000000000000000000000000000000000000000000000000000000000000000000000000000000000000000000000000000000000000000000000000000000000000000000010000000000000000000000000000000000000000000000000000000000000000000000000000000000000000000000000000000000000000000000000000000000000000000000000000000000000000000000000000000000000000000000000000000000000000000000000000000000000000000 
	Parameter ap_ST_fsm_state305 bound to: 607'b0000000000000000000000000000000000000000000000000000000000000000000000000000000000000000000000000000000000000000000000000000000000000000000000000000000000000000000000000000000000000000000000000000000000000000000000000000000000000000000000000000000000000000000000000000000000000000000000000000000000000000000000000000000000000000000000000000000000000000000000000000000000100000000000000000000000000000000000000000000000000000000000000000000000000000000000000000000000000000000000000000000000000000000000000000000000000000000000000000000000000000000000000000000000000000000000000000000000000000000000000000000 
	Parameter ap_ST_fsm_state306 bound to: 607'b0000000000000000000000000000000000000000000000000000000000000000000000000000000000000000000000000000000000000000000000000000000000000000000000000000000000000000000000000000000000000000000000000000000000000000000000000000000000000000000000000000000000000000000000000000000000000000000000000000000000000000000000000000000000000000000000000000000000000000000000000000000001000000000000000000000000000000000000000000000000000000000000000000000000000000000000000000000000000000000000000000000000000000000000000000000000000000000000000000000000000000000000000000000000000000000000000000000000000000000000000000000 
	Parameter ap_ST_fsm_state307 bound to: 607'b0000000000000000000000000000000000000000000000000000000000000000000000000000000000000000000000000000000000000000000000000000000000000000000000000000000000000000000000000000000000000000000000000000000000000000000000000000000000000000000000000000000000000000000000000000000000000000000000000000000000000000000000000000000000000000000000000000000000000000000000000000000010000000000000000000000000000000000000000000000000000000000000000000000000000000000000000000000000000000000000000000000000000000000000000000000000000000000000000000000000000000000000000000000000000000000000000000000000000000000000000000000 
	Parameter ap_ST_fsm_state308 bound to: 607'b0000000000000000000000000000000000000000000000000000000000000000000000000000000000000000000000000000000000000000000000000000000000000000000000000000000000000000000000000000000000000000000000000000000000000000000000000000000000000000000000000000000000000000000000000000000000000000000000000000000000000000000000000000000000000000000000000000000000000000000000000000000100000000000000000000000000000000000000000000000000000000000000000000000000000000000000000000000000000000000000000000000000000000000000000000000000000000000000000000000000000000000000000000000000000000000000000000000000000000000000000000000 
	Parameter ap_ST_fsm_state309 bound to: 607'b0000000000000000000000000000000000000000000000000000000000000000000000000000000000000000000000000000000000000000000000000000000000000000000000000000000000000000000000000000000000000000000000000000000000000000000000000000000000000000000000000000000000000000000000000000000000000000000000000000000000000000000000000000000000000000000000000000000000000000000000000000001000000000000000000000000000000000000000000000000000000000000000000000000000000000000000000000000000000000000000000000000000000000000000000000000000000000000000000000000000000000000000000000000000000000000000000000000000000000000000000000000 
	Parameter ap_ST_fsm_state310 bound to: 607'b0000000000000000000000000000000000000000000000000000000000000000000000000000000000000000000000000000000000000000000000000000000000000000000000000000000000000000000000000000000000000000000000000000000000000000000000000000000000000000000000000000000000000000000000000000000000000000000000000000000000000000000000000000000000000000000000000000000000000000000000000000010000000000000000000000000000000000000000000000000000000000000000000000000000000000000000000000000000000000000000000000000000000000000000000000000000000000000000000000000000000000000000000000000000000000000000000000000000000000000000000000000 
	Parameter ap_ST_fsm_state311 bound to: 607'b0000000000000000000000000000000000000000000000000000000000000000000000000000000000000000000000000000000000000000000000000000000000000000000000000000000000000000000000000000000000000000000000000000000000000000000000000000000000000000000000000000000000000000000000000000000000000000000000000000000000000000000000000000000000000000000000000000000000000000000000000000100000000000000000000000000000000000000000000000000000000000000000000000000000000000000000000000000000000000000000000000000000000000000000000000000000000000000000000000000000000000000000000000000000000000000000000000000000000000000000000000000 
	Parameter ap_ST_fsm_state312 bound to: 607'b0000000000000000000000000000000000000000000000000000000000000000000000000000000000000000000000000000000000000000000000000000000000000000000000000000000000000000000000000000000000000000000000000000000000000000000000000000000000000000000000000000000000000000000000000000000000000000000000000000000000000000000000000000000000000000000000000000000000000000000000000001000000000000000000000000000000000000000000000000000000000000000000000000000000000000000000000000000000000000000000000000000000000000000000000000000000000000000000000000000000000000000000000000000000000000000000000000000000000000000000000000000 
	Parameter ap_ST_fsm_state313 bound to: 607'b0000000000000000000000000000000000000000000000000000000000000000000000000000000000000000000000000000000000000000000000000000000000000000000000000000000000000000000000000000000000000000000000000000000000000000000000000000000000000000000000000000000000000000000000000000000000000000000000000000000000000000000000000000000000000000000000000000000000000000000000000010000000000000000000000000000000000000000000000000000000000000000000000000000000000000000000000000000000000000000000000000000000000000000000000000000000000000000000000000000000000000000000000000000000000000000000000000000000000000000000000000000 
	Parameter ap_ST_fsm_state314 bound to: 607'b0000000000000000000000000000000000000000000000000000000000000000000000000000000000000000000000000000000000000000000000000000000000000000000000000000000000000000000000000000000000000000000000000000000000000000000000000000000000000000000000000000000000000000000000000000000000000000000000000000000000000000000000000000000000000000000000000000000000000000000000000100000000000000000000000000000000000000000000000000000000000000000000000000000000000000000000000000000000000000000000000000000000000000000000000000000000000000000000000000000000000000000000000000000000000000000000000000000000000000000000000000000 
	Parameter ap_ST_fsm_state315 bound to: 607'b0000000000000000000000000000000000000000000000000000000000000000000000000000000000000000000000000000000000000000000000000000000000000000000000000000000000000000000000000000000000000000000000000000000000000000000000000000000000000000000000000000000000000000000000000000000000000000000000000000000000000000000000000000000000000000000000000000000000000000000000001000000000000000000000000000000000000000000000000000000000000000000000000000000000000000000000000000000000000000000000000000000000000000000000000000000000000000000000000000000000000000000000000000000000000000000000000000000000000000000000000000000 
	Parameter ap_ST_fsm_state316 bound to: 607'b0000000000000000000000000000000000000000000000000000000000000000000000000000000000000000000000000000000000000000000000000000000000000000000000000000000000000000000000000000000000000000000000000000000000000000000000000000000000000000000000000000000000000000000000000000000000000000000000000000000000000000000000000000000000000000000000000000000000000000000000010000000000000000000000000000000000000000000000000000000000000000000000000000000000000000000000000000000000000000000000000000000000000000000000000000000000000000000000000000000000000000000000000000000000000000000000000000000000000000000000000000000 
	Parameter ap_ST_fsm_state317 bound to: 607'b0000000000000000000000000000000000000000000000000000000000000000000000000000000000000000000000000000000000000000000000000000000000000000000000000000000000000000000000000000000000000000000000000000000000000000000000000000000000000000000000000000000000000000000000000000000000000000000000000000000000000000000000000000000000000000000000000000000000000000000000100000000000000000000000000000000000000000000000000000000000000000000000000000000000000000000000000000000000000000000000000000000000000000000000000000000000000000000000000000000000000000000000000000000000000000000000000000000000000000000000000000000 
	Parameter ap_ST_fsm_state318 bound to: 607'b0000000000000000000000000000000000000000000000000000000000000000000000000000000000000000000000000000000000000000000000000000000000000000000000000000000000000000000000000000000000000000000000000000000000000000000000000000000000000000000000000000000000000000000000000000000000000000000000000000000000000000000000000000000000000000000000000000000000000000000001000000000000000000000000000000000000000000000000000000000000000000000000000000000000000000000000000000000000000000000000000000000000000000000000000000000000000000000000000000000000000000000000000000000000000000000000000000000000000000000000000000000 
	Parameter ap_ST_fsm_state319 bound to: 607'b0000000000000000000000000000000000000000000000000000000000000000000000000000000000000000000000000000000000000000000000000000000000000000000000000000000000000000000000000000000000000000000000000000000000000000000000000000000000000000000000000000000000000000000000000000000000000000000000000000000000000000000000000000000000000000000000000000000000000000000010000000000000000000000000000000000000000000000000000000000000000000000000000000000000000000000000000000000000000000000000000000000000000000000000000000000000000000000000000000000000000000000000000000000000000000000000000000000000000000000000000000000 
	Parameter ap_ST_fsm_state320 bound to: 607'b0000000000000000000000000000000000000000000000000000000000000000000000000000000000000000000000000000000000000000000000000000000000000000000000000000000000000000000000000000000000000000000000000000000000000000000000000000000000000000000000000000000000000000000000000000000000000000000000000000000000000000000000000000000000000000000000000000000000000000000100000000000000000000000000000000000000000000000000000000000000000000000000000000000000000000000000000000000000000000000000000000000000000000000000000000000000000000000000000000000000000000000000000000000000000000000000000000000000000000000000000000000 
	Parameter ap_ST_fsm_state321 bound to: 607'b0000000000000000000000000000000000000000000000000000000000000000000000000000000000000000000000000000000000000000000000000000000000000000000000000000000000000000000000000000000000000000000000000000000000000000000000000000000000000000000000000000000000000000000000000000000000000000000000000000000000000000000000000000000000000000000000000000000000000000001000000000000000000000000000000000000000000000000000000000000000000000000000000000000000000000000000000000000000000000000000000000000000000000000000000000000000000000000000000000000000000000000000000000000000000000000000000000000000000000000000000000000 
	Parameter ap_ST_fsm_state322 bound to: 607'b0000000000000000000000000000000000000000000000000000000000000000000000000000000000000000000000000000000000000000000000000000000000000000000000000000000000000000000000000000000000000000000000000000000000000000000000000000000000000000000000000000000000000000000000000000000000000000000000000000000000000000000000000000000000000000000000000000000000000000010000000000000000000000000000000000000000000000000000000000000000000000000000000000000000000000000000000000000000000000000000000000000000000000000000000000000000000000000000000000000000000000000000000000000000000000000000000000000000000000000000000000000 
	Parameter ap_ST_fsm_state323 bound to: 607'b0000000000000000000000000000000000000000000000000000000000000000000000000000000000000000000000000000000000000000000000000000000000000000000000000000000000000000000000000000000000000000000000000000000000000000000000000000000000000000000000000000000000000000000000000000000000000000000000000000000000000000000000000000000000000000000000000000000000000000100000000000000000000000000000000000000000000000000000000000000000000000000000000000000000000000000000000000000000000000000000000000000000000000000000000000000000000000000000000000000000000000000000000000000000000000000000000000000000000000000000000000000 
	Parameter ap_ST_fsm_state324 bound to: 607'b0000000000000000000000000000000000000000000000000000000000000000000000000000000000000000000000000000000000000000000000000000000000000000000000000000000000000000000000000000000000000000000000000000000000000000000000000000000000000000000000000000000000000000000000000000000000000000000000000000000000000000000000000000000000000000000000000000000000000001000000000000000000000000000000000000000000000000000000000000000000000000000000000000000000000000000000000000000000000000000000000000000000000000000000000000000000000000000000000000000000000000000000000000000000000000000000000000000000000000000000000000000 
	Parameter ap_ST_fsm_state325 bound to: 607'b0000000000000000000000000000000000000000000000000000000000000000000000000000000000000000000000000000000000000000000000000000000000000000000000000000000000000000000000000000000000000000000000000000000000000000000000000000000000000000000000000000000000000000000000000000000000000000000000000000000000000000000000000000000000000000000000000000000000000010000000000000000000000000000000000000000000000000000000000000000000000000000000000000000000000000000000000000000000000000000000000000000000000000000000000000000000000000000000000000000000000000000000000000000000000000000000000000000000000000000000000000000 
	Parameter ap_ST_fsm_state326 bound to: 607'b0000000000000000000000000000000000000000000000000000000000000000000000000000000000000000000000000000000000000000000000000000000000000000000000000000000000000000000000000000000000000000000000000000000000000000000000000000000000000000000000000000000000000000000000000000000000000000000000000000000000000000000000000000000000000000000000000000000000000100000000000000000000000000000000000000000000000000000000000000000000000000000000000000000000000000000000000000000000000000000000000000000000000000000000000000000000000000000000000000000000000000000000000000000000000000000000000000000000000000000000000000000 
	Parameter ap_ST_fsm_state327 bound to: 607'b0000000000000000000000000000000000000000000000000000000000000000000000000000000000000000000000000000000000000000000000000000000000000000000000000000000000000000000000000000000000000000000000000000000000000000000000000000000000000000000000000000000000000000000000000000000000000000000000000000000000000000000000000000000000000000000000000000000000001000000000000000000000000000000000000000000000000000000000000000000000000000000000000000000000000000000000000000000000000000000000000000000000000000000000000000000000000000000000000000000000000000000000000000000000000000000000000000000000000000000000000000000 
	Parameter ap_ST_fsm_state328 bound to: 607'b0000000000000000000000000000000000000000000000000000000000000000000000000000000000000000000000000000000000000000000000000000000000000000000000000000000000000000000000000000000000000000000000000000000000000000000000000000000000000000000000000000000000000000000000000000000000000000000000000000000000000000000000000000000000000000000000000000000000010000000000000000000000000000000000000000000000000000000000000000000000000000000000000000000000000000000000000000000000000000000000000000000000000000000000000000000000000000000000000000000000000000000000000000000000000000000000000000000000000000000000000000000 
	Parameter ap_ST_fsm_state329 bound to: 607'b0000000000000000000000000000000000000000000000000000000000000000000000000000000000000000000000000000000000000000000000000000000000000000000000000000000000000000000000000000000000000000000000000000000000000000000000000000000000000000000000000000000000000000000000000000000000000000000000000000000000000000000000000000000000000000000000000000000000100000000000000000000000000000000000000000000000000000000000000000000000000000000000000000000000000000000000000000000000000000000000000000000000000000000000000000000000000000000000000000000000000000000000000000000000000000000000000000000000000000000000000000000 
	Parameter ap_ST_fsm_state330 bound to: 607'b0000000000000000000000000000000000000000000000000000000000000000000000000000000000000000000000000000000000000000000000000000000000000000000000000000000000000000000000000000000000000000000000000000000000000000000000000000000000000000000000000000000000000000000000000000000000000000000000000000000000000000000000000000000000000000000000000000000001000000000000000000000000000000000000000000000000000000000000000000000000000000000000000000000000000000000000000000000000000000000000000000000000000000000000000000000000000000000000000000000000000000000000000000000000000000000000000000000000000000000000000000000 
	Parameter ap_ST_fsm_state331 bound to: 607'b0000000000000000000000000000000000000000000000000000000000000000000000000000000000000000000000000000000000000000000000000000000000000000000000000000000000000000000000000000000000000000000000000000000000000000000000000000000000000000000000000000000000000000000000000000000000000000000000000000000000000000000000000000000000000000000000000000000010000000000000000000000000000000000000000000000000000000000000000000000000000000000000000000000000000000000000000000000000000000000000000000000000000000000000000000000000000000000000000000000000000000000000000000000000000000000000000000000000000000000000000000000 
	Parameter ap_ST_fsm_state332 bound to: 607'b0000000000000000000000000000000000000000000000000000000000000000000000000000000000000000000000000000000000000000000000000000000000000000000000000000000000000000000000000000000000000000000000000000000000000000000000000000000000000000000000000000000000000000000000000000000000000000000000000000000000000000000000000000000000000000000000000000000100000000000000000000000000000000000000000000000000000000000000000000000000000000000000000000000000000000000000000000000000000000000000000000000000000000000000000000000000000000000000000000000000000000000000000000000000000000000000000000000000000000000000000000000 
	Parameter ap_ST_fsm_state333 bound to: 607'b0000000000000000000000000000000000000000000000000000000000000000000000000000000000000000000000000000000000000000000000000000000000000000000000000000000000000000000000000000000000000000000000000000000000000000000000000000000000000000000000000000000000000000000000000000000000000000000000000000000000000000000000000000000000000000000000000000001000000000000000000000000000000000000000000000000000000000000000000000000000000000000000000000000000000000000000000000000000000000000000000000000000000000000000000000000000000000000000000000000000000000000000000000000000000000000000000000000000000000000000000000000 
	Parameter ap_ST_fsm_state334 bound to: 607'b0000000000000000000000000000000000000000000000000000000000000000000000000000000000000000000000000000000000000000000000000000000000000000000000000000000000000000000000000000000000000000000000000000000000000000000000000000000000000000000000000000000000000000000000000000000000000000000000000000000000000000000000000000000000000000000000000000010000000000000000000000000000000000000000000000000000000000000000000000000000000000000000000000000000000000000000000000000000000000000000000000000000000000000000000000000000000000000000000000000000000000000000000000000000000000000000000000000000000000000000000000000 
	Parameter ap_ST_fsm_state335 bound to: 607'b0000000000000000000000000000000000000000000000000000000000000000000000000000000000000000000000000000000000000000000000000000000000000000000000000000000000000000000000000000000000000000000000000000000000000000000000000000000000000000000000000000000000000000000000000000000000000000000000000000000000000000000000000000000000000000000000000000100000000000000000000000000000000000000000000000000000000000000000000000000000000000000000000000000000000000000000000000000000000000000000000000000000000000000000000000000000000000000000000000000000000000000000000000000000000000000000000000000000000000000000000000000 
	Parameter ap_ST_fsm_state336 bound to: 607'b0000000000000000000000000000000000000000000000000000000000000000000000000000000000000000000000000000000000000000000000000000000000000000000000000000000000000000000000000000000000000000000000000000000000000000000000000000000000000000000000000000000000000000000000000000000000000000000000000000000000000000000000000000000000000000000000000001000000000000000000000000000000000000000000000000000000000000000000000000000000000000000000000000000000000000000000000000000000000000000000000000000000000000000000000000000000000000000000000000000000000000000000000000000000000000000000000000000000000000000000000000000 
	Parameter ap_ST_fsm_state337 bound to: 607'b0000000000000000000000000000000000000000000000000000000000000000000000000000000000000000000000000000000000000000000000000000000000000000000000000000000000000000000000000000000000000000000000000000000000000000000000000000000000000000000000000000000000000000000000000000000000000000000000000000000000000000000000000000000000000000000000000010000000000000000000000000000000000000000000000000000000000000000000000000000000000000000000000000000000000000000000000000000000000000000000000000000000000000000000000000000000000000000000000000000000000000000000000000000000000000000000000000000000000000000000000000000 
	Parameter ap_ST_fsm_state338 bound to: 607'b0000000000000000000000000000000000000000000000000000000000000000000000000000000000000000000000000000000000000000000000000000000000000000000000000000000000000000000000000000000000000000000000000000000000000000000000000000000000000000000000000000000000000000000000000000000000000000000000000000000000000000000000000000000000000000000000000100000000000000000000000000000000000000000000000000000000000000000000000000000000000000000000000000000000000000000000000000000000000000000000000000000000000000000000000000000000000000000000000000000000000000000000000000000000000000000000000000000000000000000000000000000 
	Parameter ap_ST_fsm_state339 bound to: 607'b0000000000000000000000000000000000000000000000000000000000000000000000000000000000000000000000000000000000000000000000000000000000000000000000000000000000000000000000000000000000000000000000000000000000000000000000000000000000000000000000000000000000000000000000000000000000000000000000000000000000000000000000000000000000000000000000001000000000000000000000000000000000000000000000000000000000000000000000000000000000000000000000000000000000000000000000000000000000000000000000000000000000000000000000000000000000000000000000000000000000000000000000000000000000000000000000000000000000000000000000000000000 
	Parameter ap_ST_fsm_state340 bound to: 607'b0000000000000000000000000000000000000000000000000000000000000000000000000000000000000000000000000000000000000000000000000000000000000000000000000000000000000000000000000000000000000000000000000000000000000000000000000000000000000000000000000000000000000000000000000000000000000000000000000000000000000000000000000000000000000000000000010000000000000000000000000000000000000000000000000000000000000000000000000000000000000000000000000000000000000000000000000000000000000000000000000000000000000000000000000000000000000000000000000000000000000000000000000000000000000000000000000000000000000000000000000000000 
	Parameter ap_ST_fsm_state341 bound to: 607'b0000000000000000000000000000000000000000000000000000000000000000000000000000000000000000000000000000000000000000000000000000000000000000000000000000000000000000000000000000000000000000000000000000000000000000000000000000000000000000000000000000000000000000000000000000000000000000000000000000000000000000000000000000000000000000000000100000000000000000000000000000000000000000000000000000000000000000000000000000000000000000000000000000000000000000000000000000000000000000000000000000000000000000000000000000000000000000000000000000000000000000000000000000000000000000000000000000000000000000000000000000000 
	Parameter ap_ST_fsm_state342 bound to: 607'b0000000000000000000000000000000000000000000000000000000000000000000000000000000000000000000000000000000000000000000000000000000000000000000000000000000000000000000000000000000000000000000000000000000000000000000000000000000000000000000000000000000000000000000000000000000000000000000000000000000000000000000000000000000000000000000001000000000000000000000000000000000000000000000000000000000000000000000000000000000000000000000000000000000000000000000000000000000000000000000000000000000000000000000000000000000000000000000000000000000000000000000000000000000000000000000000000000000000000000000000000000000 
	Parameter ap_ST_fsm_state343 bound to: 607'b0000000000000000000000000000000000000000000000000000000000000000000000000000000000000000000000000000000000000000000000000000000000000000000000000000000000000000000000000000000000000000000000000000000000000000000000000000000000000000000000000000000000000000000000000000000000000000000000000000000000000000000000000000000000000000000010000000000000000000000000000000000000000000000000000000000000000000000000000000000000000000000000000000000000000000000000000000000000000000000000000000000000000000000000000000000000000000000000000000000000000000000000000000000000000000000000000000000000000000000000000000000 
	Parameter ap_ST_fsm_state344 bound to: 607'b0000000000000000000000000000000000000000000000000000000000000000000000000000000000000000000000000000000000000000000000000000000000000000000000000000000000000000000000000000000000000000000000000000000000000000000000000000000000000000000000000000000000000000000000000000000000000000000000000000000000000000000000000000000000000000000100000000000000000000000000000000000000000000000000000000000000000000000000000000000000000000000000000000000000000000000000000000000000000000000000000000000000000000000000000000000000000000000000000000000000000000000000000000000000000000000000000000000000000000000000000000000 
	Parameter ap_ST_fsm_state345 bound to: 607'b0000000000000000000000000000000000000000000000000000000000000000000000000000000000000000000000000000000000000000000000000000000000000000000000000000000000000000000000000000000000000000000000000000000000000000000000000000000000000000000000000000000000000000000000000000000000000000000000000000000000000000000000000000000000000000001000000000000000000000000000000000000000000000000000000000000000000000000000000000000000000000000000000000000000000000000000000000000000000000000000000000000000000000000000000000000000000000000000000000000000000000000000000000000000000000000000000000000000000000000000000000000 
	Parameter ap_ST_fsm_state346 bound to: 607'b0000000000000000000000000000000000000000000000000000000000000000000000000000000000000000000000000000000000000000000000000000000000000000000000000000000000000000000000000000000000000000000000000000000000000000000000000000000000000000000000000000000000000000000000000000000000000000000000000000000000000000000000000000000000000000010000000000000000000000000000000000000000000000000000000000000000000000000000000000000000000000000000000000000000000000000000000000000000000000000000000000000000000000000000000000000000000000000000000000000000000000000000000000000000000000000000000000000000000000000000000000000 
	Parameter ap_ST_fsm_state347 bound to: 607'b0000000000000000000000000000000000000000000000000000000000000000000000000000000000000000000000000000000000000000000000000000000000000000000000000000000000000000000000000000000000000000000000000000000000000000000000000000000000000000000000000000000000000000000000000000000000000000000000000000000000000000000000000000000000000000100000000000000000000000000000000000000000000000000000000000000000000000000000000000000000000000000000000000000000000000000000000000000000000000000000000000000000000000000000000000000000000000000000000000000000000000000000000000000000000000000000000000000000000000000000000000000 
	Parameter ap_ST_fsm_state348 bound to: 607'b0000000000000000000000000000000000000000000000000000000000000000000000000000000000000000000000000000000000000000000000000000000000000000000000000000000000000000000000000000000000000000000000000000000000000000000000000000000000000000000000000000000000000000000000000000000000000000000000000000000000000000000000000000000000000001000000000000000000000000000000000000000000000000000000000000000000000000000000000000000000000000000000000000000000000000000000000000000000000000000000000000000000000000000000000000000000000000000000000000000000000000000000000000000000000000000000000000000000000000000000000000000 
	Parameter ap_ST_fsm_state349 bound to: 607'b0000000000000000000000000000000000000000000000000000000000000000000000000000000000000000000000000000000000000000000000000000000000000000000000000000000000000000000000000000000000000000000000000000000000000000000000000000000000000000000000000000000000000000000000000000000000000000000000000000000000000000000000000000000000000010000000000000000000000000000000000000000000000000000000000000000000000000000000000000000000000000000000000000000000000000000000000000000000000000000000000000000000000000000000000000000000000000000000000000000000000000000000000000000000000000000000000000000000000000000000000000000 
	Parameter ap_ST_fsm_state350 bound to: 607'b0000000000000000000000000000000000000000000000000000000000000000000000000000000000000000000000000000000000000000000000000000000000000000000000000000000000000000000000000000000000000000000000000000000000000000000000000000000000000000000000000000000000000000000000000000000000000000000000000000000000000000000000000000000000000100000000000000000000000000000000000000000000000000000000000000000000000000000000000000000000000000000000000000000000000000000000000000000000000000000000000000000000000000000000000000000000000000000000000000000000000000000000000000000000000000000000000000000000000000000000000000000 
	Parameter ap_ST_fsm_state351 bound to: 607'b0000000000000000000000000000000000000000000000000000000000000000000000000000000000000000000000000000000000000000000000000000000000000000000000000000000000000000000000000000000000000000000000000000000000000000000000000000000000000000000000000000000000000000000000000000000000000000000000000000000000000000000000000000000000001000000000000000000000000000000000000000000000000000000000000000000000000000000000000000000000000000000000000000000000000000000000000000000000000000000000000000000000000000000000000000000000000000000000000000000000000000000000000000000000000000000000000000000000000000000000000000000 
	Parameter ap_ST_fsm_state352 bound to: 607'b0000000000000000000000000000000000000000000000000000000000000000000000000000000000000000000000000000000000000000000000000000000000000000000000000000000000000000000000000000000000000000000000000000000000000000000000000000000000000000000000000000000000000000000000000000000000000000000000000000000000000000000000000000000000010000000000000000000000000000000000000000000000000000000000000000000000000000000000000000000000000000000000000000000000000000000000000000000000000000000000000000000000000000000000000000000000000000000000000000000000000000000000000000000000000000000000000000000000000000000000000000000 
	Parameter ap_ST_fsm_state353 bound to: 607'b0000000000000000000000000000000000000000000000000000000000000000000000000000000000000000000000000000000000000000000000000000000000000000000000000000000000000000000000000000000000000000000000000000000000000000000000000000000000000000000000000000000000000000000000000000000000000000000000000000000000000000000000000000000000100000000000000000000000000000000000000000000000000000000000000000000000000000000000000000000000000000000000000000000000000000000000000000000000000000000000000000000000000000000000000000000000000000000000000000000000000000000000000000000000000000000000000000000000000000000000000000000 
	Parameter ap_ST_fsm_state354 bound to: 607'b0000000000000000000000000000000000000000000000000000000000000000000000000000000000000000000000000000000000000000000000000000000000000000000000000000000000000000000000000000000000000000000000000000000000000000000000000000000000000000000000000000000000000000000000000000000000000000000000000000000000000000000000000000000001000000000000000000000000000000000000000000000000000000000000000000000000000000000000000000000000000000000000000000000000000000000000000000000000000000000000000000000000000000000000000000000000000000000000000000000000000000000000000000000000000000000000000000000000000000000000000000000 
	Parameter ap_ST_fsm_state355 bound to: 607'b0000000000000000000000000000000000000000000000000000000000000000000000000000000000000000000000000000000000000000000000000000000000000000000000000000000000000000000000000000000000000000000000000000000000000000000000000000000000000000000000000000000000000000000000000000000000000000000000000000000000000000000000000000000010000000000000000000000000000000000000000000000000000000000000000000000000000000000000000000000000000000000000000000000000000000000000000000000000000000000000000000000000000000000000000000000000000000000000000000000000000000000000000000000000000000000000000000000000000000000000000000000 
	Parameter ap_ST_fsm_state356 bound to: 607'b0000000000000000000000000000000000000000000000000000000000000000000000000000000000000000000000000000000000000000000000000000000000000000000000000000000000000000000000000000000000000000000000000000000000000000000000000000000000000000000000000000000000000000000000000000000000000000000000000000000000000000000000000000000100000000000000000000000000000000000000000000000000000000000000000000000000000000000000000000000000000000000000000000000000000000000000000000000000000000000000000000000000000000000000000000000000000000000000000000000000000000000000000000000000000000000000000000000000000000000000000000000 
	Parameter ap_ST_fsm_state357 bound to: 607'b0000000000000000000000000000000000000000000000000000000000000000000000000000000000000000000000000000000000000000000000000000000000000000000000000000000000000000000000000000000000000000000000000000000000000000000000000000000000000000000000000000000000000000000000000000000000000000000000000000000000000000000000000000001000000000000000000000000000000000000000000000000000000000000000000000000000000000000000000000000000000000000000000000000000000000000000000000000000000000000000000000000000000000000000000000000000000000000000000000000000000000000000000000000000000000000000000000000000000000000000000000000 
	Parameter ap_ST_fsm_state358 bound to: 607'b0000000000000000000000000000000000000000000000000000000000000000000000000000000000000000000000000000000000000000000000000000000000000000000000000000000000000000000000000000000000000000000000000000000000000000000000000000000000000000000000000000000000000000000000000000000000000000000000000000000000000000000000000000010000000000000000000000000000000000000000000000000000000000000000000000000000000000000000000000000000000000000000000000000000000000000000000000000000000000000000000000000000000000000000000000000000000000000000000000000000000000000000000000000000000000000000000000000000000000000000000000000 
	Parameter ap_ST_fsm_state359 bound to: 607'b0000000000000000000000000000000000000000000000000000000000000000000000000000000000000000000000000000000000000000000000000000000000000000000000000000000000000000000000000000000000000000000000000000000000000000000000000000000000000000000000000000000000000000000000000000000000000000000000000000000000000000000000000000100000000000000000000000000000000000000000000000000000000000000000000000000000000000000000000000000000000000000000000000000000000000000000000000000000000000000000000000000000000000000000000000000000000000000000000000000000000000000000000000000000000000000000000000000000000000000000000000000 
	Parameter ap_ST_fsm_state360 bound to: 607'b0000000000000000000000000000000000000000000000000000000000000000000000000000000000000000000000000000000000000000000000000000000000000000000000000000000000000000000000000000000000000000000000000000000000000000000000000000000000000000000000000000000000000000000000000000000000000000000000000000000000000000000000000001000000000000000000000000000000000000000000000000000000000000000000000000000000000000000000000000000000000000000000000000000000000000000000000000000000000000000000000000000000000000000000000000000000000000000000000000000000000000000000000000000000000000000000000000000000000000000000000000000 
	Parameter ap_ST_fsm_state361 bound to: 607'b0000000000000000000000000000000000000000000000000000000000000000000000000000000000000000000000000000000000000000000000000000000000000000000000000000000000000000000000000000000000000000000000000000000000000000000000000000000000000000000000000000000000000000000000000000000000000000000000000000000000000000000000000010000000000000000000000000000000000000000000000000000000000000000000000000000000000000000000000000000000000000000000000000000000000000000000000000000000000000000000000000000000000000000000000000000000000000000000000000000000000000000000000000000000000000000000000000000000000000000000000000000 
	Parameter ap_ST_fsm_state362 bound to: 607'b0000000000000000000000000000000000000000000000000000000000000000000000000000000000000000000000000000000000000000000000000000000000000000000000000000000000000000000000000000000000000000000000000000000000000000000000000000000000000000000000000000000000000000000000000000000000000000000000000000000000000000000000000100000000000000000000000000000000000000000000000000000000000000000000000000000000000000000000000000000000000000000000000000000000000000000000000000000000000000000000000000000000000000000000000000000000000000000000000000000000000000000000000000000000000000000000000000000000000000000000000000000 
	Parameter ap_ST_fsm_state363 bound to: 607'b0000000000000000000000000000000000000000000000000000000000000000000000000000000000000000000000000000000000000000000000000000000000000000000000000000000000000000000000000000000000000000000000000000000000000000000000000000000000000000000000000000000000000000000000000000000000000000000000000000000000000000000000001000000000000000000000000000000000000000000000000000000000000000000000000000000000000000000000000000000000000000000000000000000000000000000000000000000000000000000000000000000000000000000000000000000000000000000000000000000000000000000000000000000000000000000000000000000000000000000000000000000 
	Parameter ap_ST_fsm_state364 bound to: 607'b0000000000000000000000000000000000000000000000000000000000000000000000000000000000000000000000000000000000000000000000000000000000000000000000000000000000000000000000000000000000000000000000000000000000000000000000000000000000000000000000000000000000000000000000000000000000000000000000000000000000000000000000010000000000000000000000000000000000000000000000000000000000000000000000000000000000000000000000000000000000000000000000000000000000000000000000000000000000000000000000000000000000000000000000000000000000000000000000000000000000000000000000000000000000000000000000000000000000000000000000000000000 
	Parameter ap_ST_fsm_state365 bound to: 607'b0000000000000000000000000000000000000000000000000000000000000000000000000000000000000000000000000000000000000000000000000000000000000000000000000000000000000000000000000000000000000000000000000000000000000000000000000000000000000000000000000000000000000000000000000000000000000000000000000000000000000000000000100000000000000000000000000000000000000000000000000000000000000000000000000000000000000000000000000000000000000000000000000000000000000000000000000000000000000000000000000000000000000000000000000000000000000000000000000000000000000000000000000000000000000000000000000000000000000000000000000000000 
	Parameter ap_ST_fsm_state366 bound to: 607'b0000000000000000000000000000000000000000000000000000000000000000000000000000000000000000000000000000000000000000000000000000000000000000000000000000000000000000000000000000000000000000000000000000000000000000000000000000000000000000000000000000000000000000000000000000000000000000000000000000000000000000000001000000000000000000000000000000000000000000000000000000000000000000000000000000000000000000000000000000000000000000000000000000000000000000000000000000000000000000000000000000000000000000000000000000000000000000000000000000000000000000000000000000000000000000000000000000000000000000000000000000000 
	Parameter ap_ST_fsm_state367 bound to: 607'b0000000000000000000000000000000000000000000000000000000000000000000000000000000000000000000000000000000000000000000000000000000000000000000000000000000000000000000000000000000000000000000000000000000000000000000000000000000000000000000000000000000000000000000000000000000000000000000000000000000000000000000010000000000000000000000000000000000000000000000000000000000000000000000000000000000000000000000000000000000000000000000000000000000000000000000000000000000000000000000000000000000000000000000000000000000000000000000000000000000000000000000000000000000000000000000000000000000000000000000000000000000 
	Parameter ap_ST_fsm_state368 bound to: 607'b0000000000000000000000000000000000000000000000000000000000000000000000000000000000000000000000000000000000000000000000000000000000000000000000000000000000000000000000000000000000000000000000000000000000000000000000000000000000000000000000000000000000000000000000000000000000000000000000000000000000000000000100000000000000000000000000000000000000000000000000000000000000000000000000000000000000000000000000000000000000000000000000000000000000000000000000000000000000000000000000000000000000000000000000000000000000000000000000000000000000000000000000000000000000000000000000000000000000000000000000000000000 
	Parameter ap_ST_fsm_state369 bound to: 607'b0000000000000000000000000000000000000000000000000000000000000000000000000000000000000000000000000000000000000000000000000000000000000000000000000000000000000000000000000000000000000000000000000000000000000000000000000000000000000000000000000000000000000000000000000000000000000000000000000000000000000000001000000000000000000000000000000000000000000000000000000000000000000000000000000000000000000000000000000000000000000000000000000000000000000000000000000000000000000000000000000000000000000000000000000000000000000000000000000000000000000000000000000000000000000000000000000000000000000000000000000000000 
	Parameter ap_ST_fsm_state370 bound to: 607'b0000000000000000000000000000000000000000000000000000000000000000000000000000000000000000000000000000000000000000000000000000000000000000000000000000000000000000000000000000000000000000000000000000000000000000000000000000000000000000000000000000000000000000000000000000000000000000000000000000000000000000010000000000000000000000000000000000000000000000000000000000000000000000000000000000000000000000000000000000000000000000000000000000000000000000000000000000000000000000000000000000000000000000000000000000000000000000000000000000000000000000000000000000000000000000000000000000000000000000000000000000000 
	Parameter ap_ST_fsm_state371 bound to: 607'b0000000000000000000000000000000000000000000000000000000000000000000000000000000000000000000000000000000000000000000000000000000000000000000000000000000000000000000000000000000000000000000000000000000000000000000000000000000000000000000000000000000000000000000000000000000000000000000000000000000000000000100000000000000000000000000000000000000000000000000000000000000000000000000000000000000000000000000000000000000000000000000000000000000000000000000000000000000000000000000000000000000000000000000000000000000000000000000000000000000000000000000000000000000000000000000000000000000000000000000000000000000 
	Parameter ap_ST_fsm_state372 bound to: 607'b0000000000000000000000000000000000000000000000000000000000000000000000000000000000000000000000000000000000000000000000000000000000000000000000000000000000000000000000000000000000000000000000000000000000000000000000000000000000000000000000000000000000000000000000000000000000000000000000000000000000000001000000000000000000000000000000000000000000000000000000000000000000000000000000000000000000000000000000000000000000000000000000000000000000000000000000000000000000000000000000000000000000000000000000000000000000000000000000000000000000000000000000000000000000000000000000000000000000000000000000000000000 
	Parameter ap_ST_fsm_state373 bound to: 607'b0000000000000000000000000000000000000000000000000000000000000000000000000000000000000000000000000000000000000000000000000000000000000000000000000000000000000000000000000000000000000000000000000000000000000000000000000000000000000000000000000000000000000000000000000000000000000000000000000000000000000010000000000000000000000000000000000000000000000000000000000000000000000000000000000000000000000000000000000000000000000000000000000000000000000000000000000000000000000000000000000000000000000000000000000000000000000000000000000000000000000000000000000000000000000000000000000000000000000000000000000000000 
	Parameter ap_ST_fsm_state374 bound to: 607'b0000000000000000000000000000000000000000000000000000000000000000000000000000000000000000000000000000000000000000000000000000000000000000000000000000000000000000000000000000000000000000000000000000000000000000000000000000000000000000000000000000000000000000000000000000000000000000000000000000000000000100000000000000000000000000000000000000000000000000000000000000000000000000000000000000000000000000000000000000000000000000000000000000000000000000000000000000000000000000000000000000000000000000000000000000000000000000000000000000000000000000000000000000000000000000000000000000000000000000000000000000000 
	Parameter ap_ST_fsm_state375 bound to: 607'b0000000000000000000000000000000000000000000000000000000000000000000000000000000000000000000000000000000000000000000000000000000000000000000000000000000000000000000000000000000000000000000000000000000000000000000000000000000000000000000000000000000000000000000000000000000000000000000000000000000000001000000000000000000000000000000000000000000000000000000000000000000000000000000000000000000000000000000000000000000000000000000000000000000000000000000000000000000000000000000000000000000000000000000000000000000000000000000000000000000000000000000000000000000000000000000000000000000000000000000000000000000 
	Parameter ap_ST_fsm_state376 bound to: 607'b0000000000000000000000000000000000000000000000000000000000000000000000000000000000000000000000000000000000000000000000000000000000000000000000000000000000000000000000000000000000000000000000000000000000000000000000000000000000000000000000000000000000000000000000000000000000000000000000000000000000010000000000000000000000000000000000000000000000000000000000000000000000000000000000000000000000000000000000000000000000000000000000000000000000000000000000000000000000000000000000000000000000000000000000000000000000000000000000000000000000000000000000000000000000000000000000000000000000000000000000000000000 
	Parameter ap_ST_fsm_state377 bound to: 607'b0000000000000000000000000000000000000000000000000000000000000000000000000000000000000000000000000000000000000000000000000000000000000000000000000000000000000000000000000000000000000000000000000000000000000000000000000000000000000000000000000000000000000000000000000000000000000000000000000000000000100000000000000000000000000000000000000000000000000000000000000000000000000000000000000000000000000000000000000000000000000000000000000000000000000000000000000000000000000000000000000000000000000000000000000000000000000000000000000000000000000000000000000000000000000000000000000000000000000000000000000000000 
	Parameter ap_ST_fsm_state378 bound to: 607'b0000000000000000000000000000000000000000000000000000000000000000000000000000000000000000000000000000000000000000000000000000000000000000000000000000000000000000000000000000000000000000000000000000000000000000000000000000000000000000000000000000000000000000000000000000000000000000000000000000000001000000000000000000000000000000000000000000000000000000000000000000000000000000000000000000000000000000000000000000000000000000000000000000000000000000000000000000000000000000000000000000000000000000000000000000000000000000000000000000000000000000000000000000000000000000000000000000000000000000000000000000000 
	Parameter ap_ST_fsm_state379 bound to: 607'b0000000000000000000000000000000000000000000000000000000000000000000000000000000000000000000000000000000000000000000000000000000000000000000000000000000000000000000000000000000000000000000000000000000000000000000000000000000000000000000000000000000000000000000000000000000000000000000000000000000010000000000000000000000000000000000000000000000000000000000000000000000000000000000000000000000000000000000000000000000000000000000000000000000000000000000000000000000000000000000000000000000000000000000000000000000000000000000000000000000000000000000000000000000000000000000000000000000000000000000000000000000 
	Parameter ap_ST_fsm_state380 bound to: 607'b0000000000000000000000000000000000000000000000000000000000000000000000000000000000000000000000000000000000000000000000000000000000000000000000000000000000000000000000000000000000000000000000000000000000000000000000000000000000000000000000000000000000000000000000000000000000000000000000000000000100000000000000000000000000000000000000000000000000000000000000000000000000000000000000000000000000000000000000000000000000000000000000000000000000000000000000000000000000000000000000000000000000000000000000000000000000000000000000000000000000000000000000000000000000000000000000000000000000000000000000000000000 
	Parameter ap_ST_fsm_state381 bound to: 607'b0000000000000000000000000000000000000000000000000000000000000000000000000000000000000000000000000000000000000000000000000000000000000000000000000000000000000000000000000000000000000000000000000000000000000000000000000000000000000000000000000000000000000000000000000000000000000000000000000000001000000000000000000000000000000000000000000000000000000000000000000000000000000000000000000000000000000000000000000000000000000000000000000000000000000000000000000000000000000000000000000000000000000000000000000000000000000000000000000000000000000000000000000000000000000000000000000000000000000000000000000000000 
	Parameter ap_ST_fsm_state382 bound to: 607'b0000000000000000000000000000000000000000000000000000000000000000000000000000000000000000000000000000000000000000000000000000000000000000000000000000000000000000000000000000000000000000000000000000000000000000000000000000000000000000000000000000000000000000000000000000000000000000000000000000010000000000000000000000000000000000000000000000000000000000000000000000000000000000000000000000000000000000000000000000000000000000000000000000000000000000000000000000000000000000000000000000000000000000000000000000000000000000000000000000000000000000000000000000000000000000000000000000000000000000000000000000000 
	Parameter ap_ST_fsm_state383 bound to: 607'b0000000000000000000000000000000000000000000000000000000000000000000000000000000000000000000000000000000000000000000000000000000000000000000000000000000000000000000000000000000000000000000000000000000000000000000000000000000000000000000000000000000000000000000000000000000000000000000000000000100000000000000000000000000000000000000000000000000000000000000000000000000000000000000000000000000000000000000000000000000000000000000000000000000000000000000000000000000000000000000000000000000000000000000000000000000000000000000000000000000000000000000000000000000000000000000000000000000000000000000000000000000 
	Parameter ap_ST_fsm_state384 bound to: 607'b0000000000000000000000000000000000000000000000000000000000000000000000000000000000000000000000000000000000000000000000000000000000000000000000000000000000000000000000000000000000000000000000000000000000000000000000000000000000000000000000000000000000000000000000000000000000000000000000000001000000000000000000000000000000000000000000000000000000000000000000000000000000000000000000000000000000000000000000000000000000000000000000000000000000000000000000000000000000000000000000000000000000000000000000000000000000000000000000000000000000000000000000000000000000000000000000000000000000000000000000000000000 
	Parameter ap_ST_fsm_state385 bound to: 607'b0000000000000000000000000000000000000000000000000000000000000000000000000000000000000000000000000000000000000000000000000000000000000000000000000000000000000000000000000000000000000000000000000000000000000000000000000000000000000000000000000000000000000000000000000000000000000000000000000010000000000000000000000000000000000000000000000000000000000000000000000000000000000000000000000000000000000000000000000000000000000000000000000000000000000000000000000000000000000000000000000000000000000000000000000000000000000000000000000000000000000000000000000000000000000000000000000000000000000000000000000000000 
	Parameter ap_ST_fsm_state386 bound to: 607'b0000000000000000000000000000000000000000000000000000000000000000000000000000000000000000000000000000000000000000000000000000000000000000000000000000000000000000000000000000000000000000000000000000000000000000000000000000000000000000000000000000000000000000000000000000000000000000000000000100000000000000000000000000000000000000000000000000000000000000000000000000000000000000000000000000000000000000000000000000000000000000000000000000000000000000000000000000000000000000000000000000000000000000000000000000000000000000000000000000000000000000000000000000000000000000000000000000000000000000000000000000000 
	Parameter ap_ST_fsm_state387 bound to: 607'b0000000000000000000000000000000000000000000000000000000000000000000000000000000000000000000000000000000000000000000000000000000000000000000000000000000000000000000000000000000000000000000000000000000000000000000000000000000000000000000000000000000000000000000000000000000000000000000000001000000000000000000000000000000000000000000000000000000000000000000000000000000000000000000000000000000000000000000000000000000000000000000000000000000000000000000000000000000000000000000000000000000000000000000000000000000000000000000000000000000000000000000000000000000000000000000000000000000000000000000000000000000 
	Parameter ap_ST_fsm_state388 bound to: 607'b0000000000000000000000000000000000000000000000000000000000000000000000000000000000000000000000000000000000000000000000000000000000000000000000000000000000000000000000000000000000000000000000000000000000000000000000000000000000000000000000000000000000000000000000000000000000000000000000010000000000000000000000000000000000000000000000000000000000000000000000000000000000000000000000000000000000000000000000000000000000000000000000000000000000000000000000000000000000000000000000000000000000000000000000000000000000000000000000000000000000000000000000000000000000000000000000000000000000000000000000000000000 
	Parameter ap_ST_fsm_state389 bound to: 607'b0000000000000000000000000000000000000000000000000000000000000000000000000000000000000000000000000000000000000000000000000000000000000000000000000000000000000000000000000000000000000000000000000000000000000000000000000000000000000000000000000000000000000000000000000000000000000000000000100000000000000000000000000000000000000000000000000000000000000000000000000000000000000000000000000000000000000000000000000000000000000000000000000000000000000000000000000000000000000000000000000000000000000000000000000000000000000000000000000000000000000000000000000000000000000000000000000000000000000000000000000000000 
	Parameter ap_ST_fsm_state390 bound to: 607'b0000000000000000000000000000000000000000000000000000000000000000000000000000000000000000000000000000000000000000000000000000000000000000000000000000000000000000000000000000000000000000000000000000000000000000000000000000000000000000000000000000000000000000000000000000000000000000000001000000000000000000000000000000000000000000000000000000000000000000000000000000000000000000000000000000000000000000000000000000000000000000000000000000000000000000000000000000000000000000000000000000000000000000000000000000000000000000000000000000000000000000000000000000000000000000000000000000000000000000000000000000000 
	Parameter ap_ST_fsm_state391 bound to: 607'b0000000000000000000000000000000000000000000000000000000000000000000000000000000000000000000000000000000000000000000000000000000000000000000000000000000000000000000000000000000000000000000000000000000000000000000000000000000000000000000000000000000000000000000000000000000000000000000010000000000000000000000000000000000000000000000000000000000000000000000000000000000000000000000000000000000000000000000000000000000000000000000000000000000000000000000000000000000000000000000000000000000000000000000000000000000000000000000000000000000000000000000000000000000000000000000000000000000000000000000000000000000 
	Parameter ap_ST_fsm_state392 bound to: 607'b0000000000000000000000000000000000000000000000000000000000000000000000000000000000000000000000000000000000000000000000000000000000000000000000000000000000000000000000000000000000000000000000000000000000000000000000000000000000000000000000000000000000000000000000000000000000000000000100000000000000000000000000000000000000000000000000000000000000000000000000000000000000000000000000000000000000000000000000000000000000000000000000000000000000000000000000000000000000000000000000000000000000000000000000000000000000000000000000000000000000000000000000000000000000000000000000000000000000000000000000000000000 
	Parameter ap_ST_fsm_state393 bound to: 607'b0000000000000000000000000000000000000000000000000000000000000000000000000000000000000000000000000000000000000000000000000000000000000000000000000000000000000000000000000000000000000000000000000000000000000000000000000000000000000000000000000000000000000000000000000000000000000000001000000000000000000000000000000000000000000000000000000000000000000000000000000000000000000000000000000000000000000000000000000000000000000000000000000000000000000000000000000000000000000000000000000000000000000000000000000000000000000000000000000000000000000000000000000000000000000000000000000000000000000000000000000000000 
	Parameter ap_ST_fsm_state394 bound to: 607'b0000000000000000000000000000000000000000000000000000000000000000000000000000000000000000000000000000000000000000000000000000000000000000000000000000000000000000000000000000000000000000000000000000000000000000000000000000000000000000000000000000000000000000000000000000000000000000010000000000000000000000000000000000000000000000000000000000000000000000000000000000000000000000000000000000000000000000000000000000000000000000000000000000000000000000000000000000000000000000000000000000000000000000000000000000000000000000000000000000000000000000000000000000000000000000000000000000000000000000000000000000000 
	Parameter ap_ST_fsm_state395 bound to: 607'b0000000000000000000000000000000000000000000000000000000000000000000000000000000000000000000000000000000000000000000000000000000000000000000000000000000000000000000000000000000000000000000000000000000000000000000000000000000000000000000000000000000000000000000000000000000000000000100000000000000000000000000000000000000000000000000000000000000000000000000000000000000000000000000000000000000000000000000000000000000000000000000000000000000000000000000000000000000000000000000000000000000000000000000000000000000000000000000000000000000000000000000000000000000000000000000000000000000000000000000000000000000 
	Parameter ap_ST_fsm_state396 bound to: 607'b0000000000000000000000000000000000000000000000000000000000000000000000000000000000000000000000000000000000000000000000000000000000000000000000000000000000000000000000000000000000000000000000000000000000000000000000000000000000000000000000000000000000000000000000000000000000000001000000000000000000000000000000000000000000000000000000000000000000000000000000000000000000000000000000000000000000000000000000000000000000000000000000000000000000000000000000000000000000000000000000000000000000000000000000000000000000000000000000000000000000000000000000000000000000000000000000000000000000000000000000000000000 
	Parameter ap_ST_fsm_state397 bound to: 607'b0000000000000000000000000000000000000000000000000000000000000000000000000000000000000000000000000000000000000000000000000000000000000000000000000000000000000000000000000000000000000000000000000000000000000000000000000000000000000000000000000000000000000000000000000000000000000010000000000000000000000000000000000000000000000000000000000000000000000000000000000000000000000000000000000000000000000000000000000000000000000000000000000000000000000000000000000000000000000000000000000000000000000000000000000000000000000000000000000000000000000000000000000000000000000000000000000000000000000000000000000000000 
	Parameter ap_ST_fsm_state398 bound to: 607'b0000000000000000000000000000000000000000000000000000000000000000000000000000000000000000000000000000000000000000000000000000000000000000000000000000000000000000000000000000000000000000000000000000000000000000000000000000000000000000000000000000000000000000000000000000000000000100000000000000000000000000000000000000000000000000000000000000000000000000000000000000000000000000000000000000000000000000000000000000000000000000000000000000000000000000000000000000000000000000000000000000000000000000000000000000000000000000000000000000000000000000000000000000000000000000000000000000000000000000000000000000000 
	Parameter ap_ST_fsm_state399 bound to: 607'b0000000000000000000000000000000000000000000000000000000000000000000000000000000000000000000000000000000000000000000000000000000000000000000000000000000000000000000000000000000000000000000000000000000000000000000000000000000000000000000000000000000000000000000000000000000000001000000000000000000000000000000000000000000000000000000000000000000000000000000000000000000000000000000000000000000000000000000000000000000000000000000000000000000000000000000000000000000000000000000000000000000000000000000000000000000000000000000000000000000000000000000000000000000000000000000000000000000000000000000000000000000 
	Parameter ap_ST_fsm_state400 bound to: 607'b0000000000000000000000000000000000000000000000000000000000000000000000000000000000000000000000000000000000000000000000000000000000000000000000000000000000000000000000000000000000000000000000000000000000000000000000000000000000000000000000000000000000000000000000000000000000010000000000000000000000000000000000000000000000000000000000000000000000000000000000000000000000000000000000000000000000000000000000000000000000000000000000000000000000000000000000000000000000000000000000000000000000000000000000000000000000000000000000000000000000000000000000000000000000000000000000000000000000000000000000000000000 
	Parameter ap_ST_fsm_state401 bound to: 607'b0000000000000000000000000000000000000000000000000000000000000000000000000000000000000000000000000000000000000000000000000000000000000000000000000000000000000000000000000000000000000000000000000000000000000000000000000000000000000000000000000000000000000000000000000000000000100000000000000000000000000000000000000000000000000000000000000000000000000000000000000000000000000000000000000000000000000000000000000000000000000000000000000000000000000000000000000000000000000000000000000000000000000000000000000000000000000000000000000000000000000000000000000000000000000000000000000000000000000000000000000000000 
	Parameter ap_ST_fsm_state402 bound to: 607'b0000000000000000000000000000000000000000000000000000000000000000000000000000000000000000000000000000000000000000000000000000000000000000000000000000000000000000000000000000000000000000000000000000000000000000000000000000000000000000000000000000000000000000000000000000000001000000000000000000000000000000000000000000000000000000000000000000000000000000000000000000000000000000000000000000000000000000000000000000000000000000000000000000000000000000000000000000000000000000000000000000000000000000000000000000000000000000000000000000000000000000000000000000000000000000000000000000000000000000000000000000000 
	Parameter ap_ST_fsm_state403 bound to: 607'b0000000000000000000000000000000000000000000000000000000000000000000000000000000000000000000000000000000000000000000000000000000000000000000000000000000000000000000000000000000000000000000000000000000000000000000000000000000000000000000000000000000000000000000000000000000010000000000000000000000000000000000000000000000000000000000000000000000000000000000000000000000000000000000000000000000000000000000000000000000000000000000000000000000000000000000000000000000000000000000000000000000000000000000000000000000000000000000000000000000000000000000000000000000000000000000000000000000000000000000000000000000 
	Parameter ap_ST_fsm_state404 bound to: 607'b0000000000000000000000000000000000000000000000000000000000000000000000000000000000000000000000000000000000000000000000000000000000000000000000000000000000000000000000000000000000000000000000000000000000000000000000000000000000000000000000000000000000000000000000000000000100000000000000000000000000000000000000000000000000000000000000000000000000000000000000000000000000000000000000000000000000000000000000000000000000000000000000000000000000000000000000000000000000000000000000000000000000000000000000000000000000000000000000000000000000000000000000000000000000000000000000000000000000000000000000000000000 
	Parameter ap_ST_fsm_state405 bound to: 607'b0000000000000000000000000000000000000000000000000000000000000000000000000000000000000000000000000000000000000000000000000000000000000000000000000000000000000000000000000000000000000000000000000000000000000000000000000000000000000000000000000000000000000000000000000000001000000000000000000000000000000000000000000000000000000000000000000000000000000000000000000000000000000000000000000000000000000000000000000000000000000000000000000000000000000000000000000000000000000000000000000000000000000000000000000000000000000000000000000000000000000000000000000000000000000000000000000000000000000000000000000000000 
	Parameter ap_ST_fsm_state406 bound to: 607'b0000000000000000000000000000000000000000000000000000000000000000000000000000000000000000000000000000000000000000000000000000000000000000000000000000000000000000000000000000000000000000000000000000000000000000000000000000000000000000000000000000000000000000000000000000010000000000000000000000000000000000000000000000000000000000000000000000000000000000000000000000000000000000000000000000000000000000000000000000000000000000000000000000000000000000000000000000000000000000000000000000000000000000000000000000000000000000000000000000000000000000000000000000000000000000000000000000000000000000000000000000000 
	Parameter ap_ST_fsm_state407 bound to: 607'b0000000000000000000000000000000000000000000000000000000000000000000000000000000000000000000000000000000000000000000000000000000000000000000000000000000000000000000000000000000000000000000000000000000000000000000000000000000000000000000000000000000000000000000000000000100000000000000000000000000000000000000000000000000000000000000000000000000000000000000000000000000000000000000000000000000000000000000000000000000000000000000000000000000000000000000000000000000000000000000000000000000000000000000000000000000000000000000000000000000000000000000000000000000000000000000000000000000000000000000000000000000 
	Parameter ap_ST_fsm_state408 bound to: 607'b0000000000000000000000000000000000000000000000000000000000000000000000000000000000000000000000000000000000000000000000000000000000000000000000000000000000000000000000000000000000000000000000000000000000000000000000000000000000000000000000000000000000000000000000000001000000000000000000000000000000000000000000000000000000000000000000000000000000000000000000000000000000000000000000000000000000000000000000000000000000000000000000000000000000000000000000000000000000000000000000000000000000000000000000000000000000000000000000000000000000000000000000000000000000000000000000000000000000000000000000000000000 
	Parameter ap_ST_fsm_state409 bound to: 607'b0000000000000000000000000000000000000000000000000000000000000000000000000000000000000000000000000000000000000000000000000000000000000000000000000000000000000000000000000000000000000000000000000000000000000000000000000000000000000000000000000000000000000000000000000010000000000000000000000000000000000000000000000000000000000000000000000000000000000000000000000000000000000000000000000000000000000000000000000000000000000000000000000000000000000000000000000000000000000000000000000000000000000000000000000000000000000000000000000000000000000000000000000000000000000000000000000000000000000000000000000000000 
	Parameter ap_ST_fsm_state410 bound to: 607'b0000000000000000000000000000000000000000000000000000000000000000000000000000000000000000000000000000000000000000000000000000000000000000000000000000000000000000000000000000000000000000000000000000000000000000000000000000000000000000000000000000000000000000000000000100000000000000000000000000000000000000000000000000000000000000000000000000000000000000000000000000000000000000000000000000000000000000000000000000000000000000000000000000000000000000000000000000000000000000000000000000000000000000000000000000000000000000000000000000000000000000000000000000000000000000000000000000000000000000000000000000000 
	Parameter ap_ST_fsm_state411 bound to: 607'b0000000000000000000000000000000000000000000000000000000000000000000000000000000000000000000000000000000000000000000000000000000000000000000000000000000000000000000000000000000000000000000000000000000000000000000000000000000000000000000000000000000000000000000000001000000000000000000000000000000000000000000000000000000000000000000000000000000000000000000000000000000000000000000000000000000000000000000000000000000000000000000000000000000000000000000000000000000000000000000000000000000000000000000000000000000000000000000000000000000000000000000000000000000000000000000000000000000000000000000000000000000 
	Parameter ap_ST_fsm_state412 bound to: 607'b0000000000000000000000000000000000000000000000000000000000000000000000000000000000000000000000000000000000000000000000000000000000000000000000000000000000000000000000000000000000000000000000000000000000000000000000000000000000000000000000000000000000000000000000010000000000000000000000000000000000000000000000000000000000000000000000000000000000000000000000000000000000000000000000000000000000000000000000000000000000000000000000000000000000000000000000000000000000000000000000000000000000000000000000000000000000000000000000000000000000000000000000000000000000000000000000000000000000000000000000000000000 
	Parameter ap_ST_fsm_state413 bound to: 607'b0000000000000000000000000000000000000000000000000000000000000000000000000000000000000000000000000000000000000000000000000000000000000000000000000000000000000000000000000000000000000000000000000000000000000000000000000000000000000000000000000000000000000000000000100000000000000000000000000000000000000000000000000000000000000000000000000000000000000000000000000000000000000000000000000000000000000000000000000000000000000000000000000000000000000000000000000000000000000000000000000000000000000000000000000000000000000000000000000000000000000000000000000000000000000000000000000000000000000000000000000000000 
	Parameter ap_ST_fsm_state414 bound to: 607'b0000000000000000000000000000000000000000000000000000000000000000000000000000000000000000000000000000000000000000000000000000000000000000000000000000000000000000000000000000000000000000000000000000000000000000000000000000000000000000000000000000000000000000000001000000000000000000000000000000000000000000000000000000000000000000000000000000000000000000000000000000000000000000000000000000000000000000000000000000000000000000000000000000000000000000000000000000000000000000000000000000000000000000000000000000000000000000000000000000000000000000000000000000000000000000000000000000000000000000000000000000000 
	Parameter ap_ST_fsm_state415 bound to: 607'b0000000000000000000000000000000000000000000000000000000000000000000000000000000000000000000000000000000000000000000000000000000000000000000000000000000000000000000000000000000000000000000000000000000000000000000000000000000000000000000000000000000000000000000010000000000000000000000000000000000000000000000000000000000000000000000000000000000000000000000000000000000000000000000000000000000000000000000000000000000000000000000000000000000000000000000000000000000000000000000000000000000000000000000000000000000000000000000000000000000000000000000000000000000000000000000000000000000000000000000000000000000 
	Parameter ap_ST_fsm_state416 bound to: 607'b0000000000000000000000000000000000000000000000000000000000000000000000000000000000000000000000000000000000000000000000000000000000000000000000000000000000000000000000000000000000000000000000000000000000000000000000000000000000000000000000000000000000000000000100000000000000000000000000000000000000000000000000000000000000000000000000000000000000000000000000000000000000000000000000000000000000000000000000000000000000000000000000000000000000000000000000000000000000000000000000000000000000000000000000000000000000000000000000000000000000000000000000000000000000000000000000000000000000000000000000000000000 
	Parameter ap_ST_fsm_state417 bound to: 607'b0000000000000000000000000000000000000000000000000000000000000000000000000000000000000000000000000000000000000000000000000000000000000000000000000000000000000000000000000000000000000000000000000000000000000000000000000000000000000000000000000000000000000000001000000000000000000000000000000000000000000000000000000000000000000000000000000000000000000000000000000000000000000000000000000000000000000000000000000000000000000000000000000000000000000000000000000000000000000000000000000000000000000000000000000000000000000000000000000000000000000000000000000000000000000000000000000000000000000000000000000000000 
	Parameter ap_ST_fsm_state418 bound to: 607'b0000000000000000000000000000000000000000000000000000000000000000000000000000000000000000000000000000000000000000000000000000000000000000000000000000000000000000000000000000000000000000000000000000000000000000000000000000000000000000000000000000000000000000010000000000000000000000000000000000000000000000000000000000000000000000000000000000000000000000000000000000000000000000000000000000000000000000000000000000000000000000000000000000000000000000000000000000000000000000000000000000000000000000000000000000000000000000000000000000000000000000000000000000000000000000000000000000000000000000000000000000000 
	Parameter ap_ST_fsm_state419 bound to: 607'b0000000000000000000000000000000000000000000000000000000000000000000000000000000000000000000000000000000000000000000000000000000000000000000000000000000000000000000000000000000000000000000000000000000000000000000000000000000000000000000000000000000000000000100000000000000000000000000000000000000000000000000000000000000000000000000000000000000000000000000000000000000000000000000000000000000000000000000000000000000000000000000000000000000000000000000000000000000000000000000000000000000000000000000000000000000000000000000000000000000000000000000000000000000000000000000000000000000000000000000000000000000 
	Parameter ap_ST_fsm_state420 bound to: 607'b0000000000000000000000000000000000000000000000000000000000000000000000000000000000000000000000000000000000000000000000000000000000000000000000000000000000000000000000000000000000000000000000000000000000000000000000000000000000000000000000000000000000000001000000000000000000000000000000000000000000000000000000000000000000000000000000000000000000000000000000000000000000000000000000000000000000000000000000000000000000000000000000000000000000000000000000000000000000000000000000000000000000000000000000000000000000000000000000000000000000000000000000000000000000000000000000000000000000000000000000000000000 
	Parameter ap_ST_fsm_state421 bound to: 607'b0000000000000000000000000000000000000000000000000000000000000000000000000000000000000000000000000000000000000000000000000000000000000000000000000000000000000000000000000000000000000000000000000000000000000000000000000000000000000000000000000000000000000010000000000000000000000000000000000000000000000000000000000000000000000000000000000000000000000000000000000000000000000000000000000000000000000000000000000000000000000000000000000000000000000000000000000000000000000000000000000000000000000000000000000000000000000000000000000000000000000000000000000000000000000000000000000000000000000000000000000000000 
	Parameter ap_ST_fsm_state422 bound to: 607'b0000000000000000000000000000000000000000000000000000000000000000000000000000000000000000000000000000000000000000000000000000000000000000000000000000000000000000000000000000000000000000000000000000000000000000000000000000000000000000000000000000000000000100000000000000000000000000000000000000000000000000000000000000000000000000000000000000000000000000000000000000000000000000000000000000000000000000000000000000000000000000000000000000000000000000000000000000000000000000000000000000000000000000000000000000000000000000000000000000000000000000000000000000000000000000000000000000000000000000000000000000000 
	Parameter ap_ST_fsm_state423 bound to: 607'b0000000000000000000000000000000000000000000000000000000000000000000000000000000000000000000000000000000000000000000000000000000000000000000000000000000000000000000000000000000000000000000000000000000000000000000000000000000000000000000000000000000000001000000000000000000000000000000000000000000000000000000000000000000000000000000000000000000000000000000000000000000000000000000000000000000000000000000000000000000000000000000000000000000000000000000000000000000000000000000000000000000000000000000000000000000000000000000000000000000000000000000000000000000000000000000000000000000000000000000000000000000 
	Parameter ap_ST_fsm_state424 bound to: 607'b0000000000000000000000000000000000000000000000000000000000000000000000000000000000000000000000000000000000000000000000000000000000000000000000000000000000000000000000000000000000000000000000000000000000000000000000000000000000000000000000000000000000010000000000000000000000000000000000000000000000000000000000000000000000000000000000000000000000000000000000000000000000000000000000000000000000000000000000000000000000000000000000000000000000000000000000000000000000000000000000000000000000000000000000000000000000000000000000000000000000000000000000000000000000000000000000000000000000000000000000000000000 
	Parameter ap_ST_fsm_state425 bound to: 607'b0000000000000000000000000000000000000000000000000000000000000000000000000000000000000000000000000000000000000000000000000000000000000000000000000000000000000000000000000000000000000000000000000000000000000000000000000000000000000000000000000000000000100000000000000000000000000000000000000000000000000000000000000000000000000000000000000000000000000000000000000000000000000000000000000000000000000000000000000000000000000000000000000000000000000000000000000000000000000000000000000000000000000000000000000000000000000000000000000000000000000000000000000000000000000000000000000000000000000000000000000000000 
	Parameter ap_ST_fsm_state426 bound to: 607'b0000000000000000000000000000000000000000000000000000000000000000000000000000000000000000000000000000000000000000000000000000000000000000000000000000000000000000000000000000000000000000000000000000000000000000000000000000000000000000000000000000000001000000000000000000000000000000000000000000000000000000000000000000000000000000000000000000000000000000000000000000000000000000000000000000000000000000000000000000000000000000000000000000000000000000000000000000000000000000000000000000000000000000000000000000000000000000000000000000000000000000000000000000000000000000000000000000000000000000000000000000000 
	Parameter ap_ST_fsm_state427 bound to: 607'b0000000000000000000000000000000000000000000000000000000000000000000000000000000000000000000000000000000000000000000000000000000000000000000000000000000000000000000000000000000000000000000000000000000000000000000000000000000000000000000000000000000010000000000000000000000000000000000000000000000000000000000000000000000000000000000000000000000000000000000000000000000000000000000000000000000000000000000000000000000000000000000000000000000000000000000000000000000000000000000000000000000000000000000000000000000000000000000000000000000000000000000000000000000000000000000000000000000000000000000000000000000 
	Parameter ap_ST_fsm_state428 bound to: 607'b0000000000000000000000000000000000000000000000000000000000000000000000000000000000000000000000000000000000000000000000000000000000000000000000000000000000000000000000000000000000000000000000000000000000000000000000000000000000000000000000000000000100000000000000000000000000000000000000000000000000000000000000000000000000000000000000000000000000000000000000000000000000000000000000000000000000000000000000000000000000000000000000000000000000000000000000000000000000000000000000000000000000000000000000000000000000000000000000000000000000000000000000000000000000000000000000000000000000000000000000000000000 
	Parameter ap_ST_fsm_state429 bound to: 607'b0000000000000000000000000000000000000000000000000000000000000000000000000000000000000000000000000000000000000000000000000000000000000000000000000000000000000000000000000000000000000000000000000000000000000000000000000000000000000000000000000000001000000000000000000000000000000000000000000000000000000000000000000000000000000000000000000000000000000000000000000000000000000000000000000000000000000000000000000000000000000000000000000000000000000000000000000000000000000000000000000000000000000000000000000000000000000000000000000000000000000000000000000000000000000000000000000000000000000000000000000000000 
	Parameter ap_ST_fsm_state430 bound to: 607'b0000000000000000000000000000000000000000000000000000000000000000000000000000000000000000000000000000000000000000000000000000000000000000000000000000000000000000000000000000000000000000000000000000000000000000000000000000000000000000000000000000010000000000000000000000000000000000000000000000000000000000000000000000000000000000000000000000000000000000000000000000000000000000000000000000000000000000000000000000000000000000000000000000000000000000000000000000000000000000000000000000000000000000000000000000000000000000000000000000000000000000000000000000000000000000000000000000000000000000000000000000000 
	Parameter ap_ST_fsm_state431 bound to: 607'b0000000000000000000000000000000000000000000000000000000000000000000000000000000000000000000000000000000000000000000000000000000000000000000000000000000000000000000000000000000000000000000000000000000000000000000000000000000000000000000000000000100000000000000000000000000000000000000000000000000000000000000000000000000000000000000000000000000000000000000000000000000000000000000000000000000000000000000000000000000000000000000000000000000000000000000000000000000000000000000000000000000000000000000000000000000000000000000000000000000000000000000000000000000000000000000000000000000000000000000000000000000 
	Parameter ap_ST_fsm_state432 bound to: 607'b0000000000000000000000000000000000000000000000000000000000000000000000000000000000000000000000000000000000000000000000000000000000000000000000000000000000000000000000000000000000000000000000000000000000000000000000000000000000000000000000000001000000000000000000000000000000000000000000000000000000000000000000000000000000000000000000000000000000000000000000000000000000000000000000000000000000000000000000000000000000000000000000000000000000000000000000000000000000000000000000000000000000000000000000000000000000000000000000000000000000000000000000000000000000000000000000000000000000000000000000000000000 
	Parameter ap_ST_fsm_state433 bound to: 607'b0000000000000000000000000000000000000000000000000000000000000000000000000000000000000000000000000000000000000000000000000000000000000000000000000000000000000000000000000000000000000000000000000000000000000000000000000000000000000000000000000010000000000000000000000000000000000000000000000000000000000000000000000000000000000000000000000000000000000000000000000000000000000000000000000000000000000000000000000000000000000000000000000000000000000000000000000000000000000000000000000000000000000000000000000000000000000000000000000000000000000000000000000000000000000000000000000000000000000000000000000000000 
	Parameter ap_ST_fsm_state434 bound to: 607'b0000000000000000000000000000000000000000000000000000000000000000000000000000000000000000000000000000000000000000000000000000000000000000000000000000000000000000000000000000000000000000000000000000000000000000000000000000000000000000000000000100000000000000000000000000000000000000000000000000000000000000000000000000000000000000000000000000000000000000000000000000000000000000000000000000000000000000000000000000000000000000000000000000000000000000000000000000000000000000000000000000000000000000000000000000000000000000000000000000000000000000000000000000000000000000000000000000000000000000000000000000000 
	Parameter ap_ST_fsm_state435 bound to: 607'b0000000000000000000000000000000000000000000000000000000000000000000000000000000000000000000000000000000000000000000000000000000000000000000000000000000000000000000000000000000000000000000000000000000000000000000000000000000000000000000000001000000000000000000000000000000000000000000000000000000000000000000000000000000000000000000000000000000000000000000000000000000000000000000000000000000000000000000000000000000000000000000000000000000000000000000000000000000000000000000000000000000000000000000000000000000000000000000000000000000000000000000000000000000000000000000000000000000000000000000000000000000 
	Parameter ap_ST_fsm_state436 bound to: 607'b0000000000000000000000000000000000000000000000000000000000000000000000000000000000000000000000000000000000000000000000000000000000000000000000000000000000000000000000000000000000000000000000000000000000000000000000000000000000000000000000010000000000000000000000000000000000000000000000000000000000000000000000000000000000000000000000000000000000000000000000000000000000000000000000000000000000000000000000000000000000000000000000000000000000000000000000000000000000000000000000000000000000000000000000000000000000000000000000000000000000000000000000000000000000000000000000000000000000000000000000000000000 
	Parameter ap_ST_fsm_state437 bound to: 607'b0000000000000000000000000000000000000000000000000000000000000000000000000000000000000000000000000000000000000000000000000000000000000000000000000000000000000000000000000000000000000000000000000000000000000000000000000000000000000000000000100000000000000000000000000000000000000000000000000000000000000000000000000000000000000000000000000000000000000000000000000000000000000000000000000000000000000000000000000000000000000000000000000000000000000000000000000000000000000000000000000000000000000000000000000000000000000000000000000000000000000000000000000000000000000000000000000000000000000000000000000000000 
	Parameter ap_ST_fsm_state438 bound to: 607'b0000000000000000000000000000000000000000000000000000000000000000000000000000000000000000000000000000000000000000000000000000000000000000000000000000000000000000000000000000000000000000000000000000000000000000000000000000000000000000000001000000000000000000000000000000000000000000000000000000000000000000000000000000000000000000000000000000000000000000000000000000000000000000000000000000000000000000000000000000000000000000000000000000000000000000000000000000000000000000000000000000000000000000000000000000000000000000000000000000000000000000000000000000000000000000000000000000000000000000000000000000000 
	Parameter ap_ST_fsm_state439 bound to: 607'b0000000000000000000000000000000000000000000000000000000000000000000000000000000000000000000000000000000000000000000000000000000000000000000000000000000000000000000000000000000000000000000000000000000000000000000000000000000000000000000010000000000000000000000000000000000000000000000000000000000000000000000000000000000000000000000000000000000000000000000000000000000000000000000000000000000000000000000000000000000000000000000000000000000000000000000000000000000000000000000000000000000000000000000000000000000000000000000000000000000000000000000000000000000000000000000000000000000000000000000000000000000 
	Parameter ap_ST_fsm_state440 bound to: 607'b0000000000000000000000000000000000000000000000000000000000000000000000000000000000000000000000000000000000000000000000000000000000000000000000000000000000000000000000000000000000000000000000000000000000000000000000000000000000000000000100000000000000000000000000000000000000000000000000000000000000000000000000000000000000000000000000000000000000000000000000000000000000000000000000000000000000000000000000000000000000000000000000000000000000000000000000000000000000000000000000000000000000000000000000000000000000000000000000000000000000000000000000000000000000000000000000000000000000000000000000000000000 
	Parameter ap_ST_fsm_state441 bound to: 607'b0000000000000000000000000000000000000000000000000000000000000000000000000000000000000000000000000000000000000000000000000000000000000000000000000000000000000000000000000000000000000000000000000000000000000000000000000000000000000000001000000000000000000000000000000000000000000000000000000000000000000000000000000000000000000000000000000000000000000000000000000000000000000000000000000000000000000000000000000000000000000000000000000000000000000000000000000000000000000000000000000000000000000000000000000000000000000000000000000000000000000000000000000000000000000000000000000000000000000000000000000000000 
	Parameter ap_ST_fsm_state442 bound to: 607'b0000000000000000000000000000000000000000000000000000000000000000000000000000000000000000000000000000000000000000000000000000000000000000000000000000000000000000000000000000000000000000000000000000000000000000000000000000000000000000010000000000000000000000000000000000000000000000000000000000000000000000000000000000000000000000000000000000000000000000000000000000000000000000000000000000000000000000000000000000000000000000000000000000000000000000000000000000000000000000000000000000000000000000000000000000000000000000000000000000000000000000000000000000000000000000000000000000000000000000000000000000000 
	Parameter ap_ST_fsm_state443 bound to: 607'b0000000000000000000000000000000000000000000000000000000000000000000000000000000000000000000000000000000000000000000000000000000000000000000000000000000000000000000000000000000000000000000000000000000000000000000000000000000000000000100000000000000000000000000000000000000000000000000000000000000000000000000000000000000000000000000000000000000000000000000000000000000000000000000000000000000000000000000000000000000000000000000000000000000000000000000000000000000000000000000000000000000000000000000000000000000000000000000000000000000000000000000000000000000000000000000000000000000000000000000000000000000 
	Parameter ap_ST_fsm_state444 bound to: 607'b0000000000000000000000000000000000000000000000000000000000000000000000000000000000000000000000000000000000000000000000000000000000000000000000000000000000000000000000000000000000000000000000000000000000000000000000000000000000000001000000000000000000000000000000000000000000000000000000000000000000000000000000000000000000000000000000000000000000000000000000000000000000000000000000000000000000000000000000000000000000000000000000000000000000000000000000000000000000000000000000000000000000000000000000000000000000000000000000000000000000000000000000000000000000000000000000000000000000000000000000000000000 
	Parameter ap_ST_fsm_state445 bound to: 607'b0000000000000000000000000000000000000000000000000000000000000000000000000000000000000000000000000000000000000000000000000000000000000000000000000000000000000000000000000000000000000000000000000000000000000000000000000000000000000010000000000000000000000000000000000000000000000000000000000000000000000000000000000000000000000000000000000000000000000000000000000000000000000000000000000000000000000000000000000000000000000000000000000000000000000000000000000000000000000000000000000000000000000000000000000000000000000000000000000000000000000000000000000000000000000000000000000000000000000000000000000000000 
	Parameter ap_ST_fsm_state446 bound to: 607'b0000000000000000000000000000000000000000000000000000000000000000000000000000000000000000000000000000000000000000000000000000000000000000000000000000000000000000000000000000000000000000000000000000000000000000000000000000000000000100000000000000000000000000000000000000000000000000000000000000000000000000000000000000000000000000000000000000000000000000000000000000000000000000000000000000000000000000000000000000000000000000000000000000000000000000000000000000000000000000000000000000000000000000000000000000000000000000000000000000000000000000000000000000000000000000000000000000000000000000000000000000000 
	Parameter ap_ST_fsm_state447 bound to: 607'b0000000000000000000000000000000000000000000000000000000000000000000000000000000000000000000000000000000000000000000000000000000000000000000000000000000000000000000000000000000000000000000000000000000000000000000000000000000000001000000000000000000000000000000000000000000000000000000000000000000000000000000000000000000000000000000000000000000000000000000000000000000000000000000000000000000000000000000000000000000000000000000000000000000000000000000000000000000000000000000000000000000000000000000000000000000000000000000000000000000000000000000000000000000000000000000000000000000000000000000000000000000 
	Parameter ap_ST_fsm_state448 bound to: 607'b0000000000000000000000000000000000000000000000000000000000000000000000000000000000000000000000000000000000000000000000000000000000000000000000000000000000000000000000000000000000000000000000000000000000000000000000000000000000010000000000000000000000000000000000000000000000000000000000000000000000000000000000000000000000000000000000000000000000000000000000000000000000000000000000000000000000000000000000000000000000000000000000000000000000000000000000000000000000000000000000000000000000000000000000000000000000000000000000000000000000000000000000000000000000000000000000000000000000000000000000000000000 
	Parameter ap_ST_fsm_state449 bound to: 607'b0000000000000000000000000000000000000000000000000000000000000000000000000000000000000000000000000000000000000000000000000000000000000000000000000000000000000000000000000000000000000000000000000000000000000000000000000000000000100000000000000000000000000000000000000000000000000000000000000000000000000000000000000000000000000000000000000000000000000000000000000000000000000000000000000000000000000000000000000000000000000000000000000000000000000000000000000000000000000000000000000000000000000000000000000000000000000000000000000000000000000000000000000000000000000000000000000000000000000000000000000000000 
	Parameter ap_ST_fsm_state450 bound to: 607'b0000000000000000000000000000000000000000000000000000000000000000000000000000000000000000000000000000000000000000000000000000000000000000000000000000000000000000000000000000000000000000000000000000000000000000000000000000000001000000000000000000000000000000000000000000000000000000000000000000000000000000000000000000000000000000000000000000000000000000000000000000000000000000000000000000000000000000000000000000000000000000000000000000000000000000000000000000000000000000000000000000000000000000000000000000000000000000000000000000000000000000000000000000000000000000000000000000000000000000000000000000000 
	Parameter ap_ST_fsm_state451 bound to: 607'b0000000000000000000000000000000000000000000000000000000000000000000000000000000000000000000000000000000000000000000000000000000000000000000000000000000000000000000000000000000000000000000000000000000000000000000000000000000010000000000000000000000000000000000000000000000000000000000000000000000000000000000000000000000000000000000000000000000000000000000000000000000000000000000000000000000000000000000000000000000000000000000000000000000000000000000000000000000000000000000000000000000000000000000000000000000000000000000000000000000000000000000000000000000000000000000000000000000000000000000000000000000 
	Parameter ap_ST_fsm_state452 bound to: 607'b0000000000000000000000000000000000000000000000000000000000000000000000000000000000000000000000000000000000000000000000000000000000000000000000000000000000000000000000000000000000000000000000000000000000000000000000000000000100000000000000000000000000000000000000000000000000000000000000000000000000000000000000000000000000000000000000000000000000000000000000000000000000000000000000000000000000000000000000000000000000000000000000000000000000000000000000000000000000000000000000000000000000000000000000000000000000000000000000000000000000000000000000000000000000000000000000000000000000000000000000000000000 
	Parameter ap_ST_fsm_state453 bound to: 607'b0000000000000000000000000000000000000000000000000000000000000000000000000000000000000000000000000000000000000000000000000000000000000000000000000000000000000000000000000000000000000000000000000000000000000000000000000000001000000000000000000000000000000000000000000000000000000000000000000000000000000000000000000000000000000000000000000000000000000000000000000000000000000000000000000000000000000000000000000000000000000000000000000000000000000000000000000000000000000000000000000000000000000000000000000000000000000000000000000000000000000000000000000000000000000000000000000000000000000000000000000000000 
	Parameter ap_ST_fsm_state454 bound to: 607'b0000000000000000000000000000000000000000000000000000000000000000000000000000000000000000000000000000000000000000000000000000000000000000000000000000000000000000000000000000000000000000000000000000000000000000000000000000010000000000000000000000000000000000000000000000000000000000000000000000000000000000000000000000000000000000000000000000000000000000000000000000000000000000000000000000000000000000000000000000000000000000000000000000000000000000000000000000000000000000000000000000000000000000000000000000000000000000000000000000000000000000000000000000000000000000000000000000000000000000000000000000000 
	Parameter ap_ST_fsm_state455 bound to: 607'b0000000000000000000000000000000000000000000000000000000000000000000000000000000000000000000000000000000000000000000000000000000000000000000000000000000000000000000000000000000000000000000000000000000000000000000000000000100000000000000000000000000000000000000000000000000000000000000000000000000000000000000000000000000000000000000000000000000000000000000000000000000000000000000000000000000000000000000000000000000000000000000000000000000000000000000000000000000000000000000000000000000000000000000000000000000000000000000000000000000000000000000000000000000000000000000000000000000000000000000000000000000 
	Parameter ap_ST_fsm_state456 bound to: 607'b0000000000000000000000000000000000000000000000000000000000000000000000000000000000000000000000000000000000000000000000000000000000000000000000000000000000000000000000000000000000000000000000000000000000000000000000000001000000000000000000000000000000000000000000000000000000000000000000000000000000000000000000000000000000000000000000000000000000000000000000000000000000000000000000000000000000000000000000000000000000000000000000000000000000000000000000000000000000000000000000000000000000000000000000000000000000000000000000000000000000000000000000000000000000000000000000000000000000000000000000000000000 
	Parameter ap_ST_fsm_state457 bound to: 607'b0000000000000000000000000000000000000000000000000000000000000000000000000000000000000000000000000000000000000000000000000000000000000000000000000000000000000000000000000000000000000000000000000000000000000000000000000010000000000000000000000000000000000000000000000000000000000000000000000000000000000000000000000000000000000000000000000000000000000000000000000000000000000000000000000000000000000000000000000000000000000000000000000000000000000000000000000000000000000000000000000000000000000000000000000000000000000000000000000000000000000000000000000000000000000000000000000000000000000000000000000000000 
	Parameter ap_ST_fsm_state458 bound to: 607'b0000000000000000000000000000000000000000000000000000000000000000000000000000000000000000000000000000000000000000000000000000000000000000000000000000000000000000000000000000000000000000000000000000000000000000000000000100000000000000000000000000000000000000000000000000000000000000000000000000000000000000000000000000000000000000000000000000000000000000000000000000000000000000000000000000000000000000000000000000000000000000000000000000000000000000000000000000000000000000000000000000000000000000000000000000000000000000000000000000000000000000000000000000000000000000000000000000000000000000000000000000000 
	Parameter ap_ST_fsm_state459 bound to: 607'b0000000000000000000000000000000000000000000000000000000000000000000000000000000000000000000000000000000000000000000000000000000000000000000000000000000000000000000000000000000000000000000000000000000000000000000000001000000000000000000000000000000000000000000000000000000000000000000000000000000000000000000000000000000000000000000000000000000000000000000000000000000000000000000000000000000000000000000000000000000000000000000000000000000000000000000000000000000000000000000000000000000000000000000000000000000000000000000000000000000000000000000000000000000000000000000000000000000000000000000000000000000 
	Parameter ap_ST_fsm_state460 bound to: 607'b0000000000000000000000000000000000000000000000000000000000000000000000000000000000000000000000000000000000000000000000000000000000000000000000000000000000000000000000000000000000000000000000000000000000000000000000010000000000000000000000000000000000000000000000000000000000000000000000000000000000000000000000000000000000000000000000000000000000000000000000000000000000000000000000000000000000000000000000000000000000000000000000000000000000000000000000000000000000000000000000000000000000000000000000000000000000000000000000000000000000000000000000000000000000000000000000000000000000000000000000000000000 
	Parameter ap_ST_fsm_state461 bound to: 607'b0000000000000000000000000000000000000000000000000000000000000000000000000000000000000000000000000000000000000000000000000000000000000000000000000000000000000000000000000000000000000000000000000000000000000000000000100000000000000000000000000000000000000000000000000000000000000000000000000000000000000000000000000000000000000000000000000000000000000000000000000000000000000000000000000000000000000000000000000000000000000000000000000000000000000000000000000000000000000000000000000000000000000000000000000000000000000000000000000000000000000000000000000000000000000000000000000000000000000000000000000000000 
	Parameter ap_ST_fsm_state462 bound to: 607'b0000000000000000000000000000000000000000000000000000000000000000000000000000000000000000000000000000000000000000000000000000000000000000000000000000000000000000000000000000000000000000000000000000000000000000000001000000000000000000000000000000000000000000000000000000000000000000000000000000000000000000000000000000000000000000000000000000000000000000000000000000000000000000000000000000000000000000000000000000000000000000000000000000000000000000000000000000000000000000000000000000000000000000000000000000000000000000000000000000000000000000000000000000000000000000000000000000000000000000000000000000000 
	Parameter ap_ST_fsm_state463 bound to: 607'b0000000000000000000000000000000000000000000000000000000000000000000000000000000000000000000000000000000000000000000000000000000000000000000000000000000000000000000000000000000000000000000000000000000000000000000010000000000000000000000000000000000000000000000000000000000000000000000000000000000000000000000000000000000000000000000000000000000000000000000000000000000000000000000000000000000000000000000000000000000000000000000000000000000000000000000000000000000000000000000000000000000000000000000000000000000000000000000000000000000000000000000000000000000000000000000000000000000000000000000000000000000 
	Parameter ap_ST_fsm_state464 bound to: 607'b0000000000000000000000000000000000000000000000000000000000000000000000000000000000000000000000000000000000000000000000000000000000000000000000000000000000000000000000000000000000000000000000000000000000000000000100000000000000000000000000000000000000000000000000000000000000000000000000000000000000000000000000000000000000000000000000000000000000000000000000000000000000000000000000000000000000000000000000000000000000000000000000000000000000000000000000000000000000000000000000000000000000000000000000000000000000000000000000000000000000000000000000000000000000000000000000000000000000000000000000000000000 
	Parameter ap_ST_fsm_state465 bound to: 607'b0000000000000000000000000000000000000000000000000000000000000000000000000000000000000000000000000000000000000000000000000000000000000000000000000000000000000000000000000000000000000000000000000000000000000000001000000000000000000000000000000000000000000000000000000000000000000000000000000000000000000000000000000000000000000000000000000000000000000000000000000000000000000000000000000000000000000000000000000000000000000000000000000000000000000000000000000000000000000000000000000000000000000000000000000000000000000000000000000000000000000000000000000000000000000000000000000000000000000000000000000000000 
	Parameter ap_ST_fsm_state466 bound to: 607'b0000000000000000000000000000000000000000000000000000000000000000000000000000000000000000000000000000000000000000000000000000000000000000000000000000000000000000000000000000000000000000000000000000000000000000010000000000000000000000000000000000000000000000000000000000000000000000000000000000000000000000000000000000000000000000000000000000000000000000000000000000000000000000000000000000000000000000000000000000000000000000000000000000000000000000000000000000000000000000000000000000000000000000000000000000000000000000000000000000000000000000000000000000000000000000000000000000000000000000000000000000000 
	Parameter ap_ST_fsm_state467 bound to: 607'b0000000000000000000000000000000000000000000000000000000000000000000000000000000000000000000000000000000000000000000000000000000000000000000000000000000000000000000000000000000000000000000000000000000000000000100000000000000000000000000000000000000000000000000000000000000000000000000000000000000000000000000000000000000000000000000000000000000000000000000000000000000000000000000000000000000000000000000000000000000000000000000000000000000000000000000000000000000000000000000000000000000000000000000000000000000000000000000000000000000000000000000000000000000000000000000000000000000000000000000000000000000 
	Parameter ap_ST_fsm_state468 bound to: 607'b0000000000000000000000000000000000000000000000000000000000000000000000000000000000000000000000000000000000000000000000000000000000000000000000000000000000000000000000000000000000000000000000000000000000000001000000000000000000000000000000000000000000000000000000000000000000000000000000000000000000000000000000000000000000000000000000000000000000000000000000000000000000000000000000000000000000000000000000000000000000000000000000000000000000000000000000000000000000000000000000000000000000000000000000000000000000000000000000000000000000000000000000000000000000000000000000000000000000000000000000000000000 
	Parameter ap_ST_fsm_state469 bound to: 607'b0000000000000000000000000000000000000000000000000000000000000000000000000000000000000000000000000000000000000000000000000000000000000000000000000000000000000000000000000000000000000000000000000000000000000010000000000000000000000000000000000000000000000000000000000000000000000000000000000000000000000000000000000000000000000000000000000000000000000000000000000000000000000000000000000000000000000000000000000000000000000000000000000000000000000000000000000000000000000000000000000000000000000000000000000000000000000000000000000000000000000000000000000000000000000000000000000000000000000000000000000000000 
	Parameter ap_ST_fsm_state470 bound to: 607'b0000000000000000000000000000000000000000000000000000000000000000000000000000000000000000000000000000000000000000000000000000000000000000000000000000000000000000000000000000000000000000000000000000000000000100000000000000000000000000000000000000000000000000000000000000000000000000000000000000000000000000000000000000000000000000000000000000000000000000000000000000000000000000000000000000000000000000000000000000000000000000000000000000000000000000000000000000000000000000000000000000000000000000000000000000000000000000000000000000000000000000000000000000000000000000000000000000000000000000000000000000000 
	Parameter ap_ST_fsm_state471 bound to: 607'b0000000000000000000000000000000000000000000000000000000000000000000000000000000000000000000000000000000000000000000000000000000000000000000000000000000000000000000000000000000000000000000000000000000000001000000000000000000000000000000000000000000000000000000000000000000000000000000000000000000000000000000000000000000000000000000000000000000000000000000000000000000000000000000000000000000000000000000000000000000000000000000000000000000000000000000000000000000000000000000000000000000000000000000000000000000000000000000000000000000000000000000000000000000000000000000000000000000000000000000000000000000 
	Parameter ap_ST_fsm_state472 bound to: 607'b0000000000000000000000000000000000000000000000000000000000000000000000000000000000000000000000000000000000000000000000000000000000000000000000000000000000000000000000000000000000000000000000000000000000010000000000000000000000000000000000000000000000000000000000000000000000000000000000000000000000000000000000000000000000000000000000000000000000000000000000000000000000000000000000000000000000000000000000000000000000000000000000000000000000000000000000000000000000000000000000000000000000000000000000000000000000000000000000000000000000000000000000000000000000000000000000000000000000000000000000000000000 
	Parameter ap_ST_fsm_state473 bound to: 607'b0000000000000000000000000000000000000000000000000000000000000000000000000000000000000000000000000000000000000000000000000000000000000000000000000000000000000000000000000000000000000000000000000000000000100000000000000000000000000000000000000000000000000000000000000000000000000000000000000000000000000000000000000000000000000000000000000000000000000000000000000000000000000000000000000000000000000000000000000000000000000000000000000000000000000000000000000000000000000000000000000000000000000000000000000000000000000000000000000000000000000000000000000000000000000000000000000000000000000000000000000000000 
	Parameter ap_ST_fsm_state474 bound to: 607'b0000000000000000000000000000000000000000000000000000000000000000000000000000000000000000000000000000000000000000000000000000000000000000000000000000000000000000000000000000000000000000000000000000000001000000000000000000000000000000000000000000000000000000000000000000000000000000000000000000000000000000000000000000000000000000000000000000000000000000000000000000000000000000000000000000000000000000000000000000000000000000000000000000000000000000000000000000000000000000000000000000000000000000000000000000000000000000000000000000000000000000000000000000000000000000000000000000000000000000000000000000000 
	Parameter ap_ST_fsm_state475 bound to: 607'b0000000000000000000000000000000000000000000000000000000000000000000000000000000000000000000000000000000000000000000000000000000000000000000000000000000000000000000000000000000000000000000000000000000010000000000000000000000000000000000000000000000000000000000000000000000000000000000000000000000000000000000000000000000000000000000000000000000000000000000000000000000000000000000000000000000000000000000000000000000000000000000000000000000000000000000000000000000000000000000000000000000000000000000000000000000000000000000000000000000000000000000000000000000000000000000000000000000000000000000000000000000 
	Parameter ap_ST_fsm_state476 bound to: 607'b0000000000000000000000000000000000000000000000000000000000000000000000000000000000000000000000000000000000000000000000000000000000000000000000000000000000000000000000000000000000000000000000000000000100000000000000000000000000000000000000000000000000000000000000000000000000000000000000000000000000000000000000000000000000000000000000000000000000000000000000000000000000000000000000000000000000000000000000000000000000000000000000000000000000000000000000000000000000000000000000000000000000000000000000000000000000000000000000000000000000000000000000000000000000000000000000000000000000000000000000000000000 
	Parameter ap_ST_fsm_state477 bound to: 607'b0000000000000000000000000000000000000000000000000000000000000000000000000000000000000000000000000000000000000000000000000000000000000000000000000000000000000000000000000000000000000000000000000000001000000000000000000000000000000000000000000000000000000000000000000000000000000000000000000000000000000000000000000000000000000000000000000000000000000000000000000000000000000000000000000000000000000000000000000000000000000000000000000000000000000000000000000000000000000000000000000000000000000000000000000000000000000000000000000000000000000000000000000000000000000000000000000000000000000000000000000000000 
	Parameter ap_ST_fsm_state478 bound to: 607'b0000000000000000000000000000000000000000000000000000000000000000000000000000000000000000000000000000000000000000000000000000000000000000000000000000000000000000000000000000000000000000000000000000010000000000000000000000000000000000000000000000000000000000000000000000000000000000000000000000000000000000000000000000000000000000000000000000000000000000000000000000000000000000000000000000000000000000000000000000000000000000000000000000000000000000000000000000000000000000000000000000000000000000000000000000000000000000000000000000000000000000000000000000000000000000000000000000000000000000000000000000000 
	Parameter ap_ST_fsm_state479 bound to: 607'b0000000000000000000000000000000000000000000000000000000000000000000000000000000000000000000000000000000000000000000000000000000000000000000000000000000000000000000000000000000000000000000000000000100000000000000000000000000000000000000000000000000000000000000000000000000000000000000000000000000000000000000000000000000000000000000000000000000000000000000000000000000000000000000000000000000000000000000000000000000000000000000000000000000000000000000000000000000000000000000000000000000000000000000000000000000000000000000000000000000000000000000000000000000000000000000000000000000000000000000000000000000 
	Parameter ap_ST_fsm_state480 bound to: 607'b0000000000000000000000000000000000000000000000000000000000000000000000000000000000000000000000000000000000000000000000000000000000000000000000000000000000000000000000000000000000000000000000000001000000000000000000000000000000000000000000000000000000000000000000000000000000000000000000000000000000000000000000000000000000000000000000000000000000000000000000000000000000000000000000000000000000000000000000000000000000000000000000000000000000000000000000000000000000000000000000000000000000000000000000000000000000000000000000000000000000000000000000000000000000000000000000000000000000000000000000000000000 
	Parameter ap_ST_fsm_state481 bound to: 607'b0000000000000000000000000000000000000000000000000000000000000000000000000000000000000000000000000000000000000000000000000000000000000000000000000000000000000000000000000000000000000000000000000010000000000000000000000000000000000000000000000000000000000000000000000000000000000000000000000000000000000000000000000000000000000000000000000000000000000000000000000000000000000000000000000000000000000000000000000000000000000000000000000000000000000000000000000000000000000000000000000000000000000000000000000000000000000000000000000000000000000000000000000000000000000000000000000000000000000000000000000000000 
	Parameter ap_ST_fsm_state482 bound to: 607'b0000000000000000000000000000000000000000000000000000000000000000000000000000000000000000000000000000000000000000000000000000000000000000000000000000000000000000000000000000000000000000000000000100000000000000000000000000000000000000000000000000000000000000000000000000000000000000000000000000000000000000000000000000000000000000000000000000000000000000000000000000000000000000000000000000000000000000000000000000000000000000000000000000000000000000000000000000000000000000000000000000000000000000000000000000000000000000000000000000000000000000000000000000000000000000000000000000000000000000000000000000000 
	Parameter ap_ST_fsm_state483 bound to: 607'b0000000000000000000000000000000000000000000000000000000000000000000000000000000000000000000000000000000000000000000000000000000000000000000000000000000000000000000000000000000000000000000000001000000000000000000000000000000000000000000000000000000000000000000000000000000000000000000000000000000000000000000000000000000000000000000000000000000000000000000000000000000000000000000000000000000000000000000000000000000000000000000000000000000000000000000000000000000000000000000000000000000000000000000000000000000000000000000000000000000000000000000000000000000000000000000000000000000000000000000000000000000 
	Parameter ap_ST_fsm_state484 bound to: 607'b0000000000000000000000000000000000000000000000000000000000000000000000000000000000000000000000000000000000000000000000000000000000000000000000000000000000000000000000000000000000000000000000010000000000000000000000000000000000000000000000000000000000000000000000000000000000000000000000000000000000000000000000000000000000000000000000000000000000000000000000000000000000000000000000000000000000000000000000000000000000000000000000000000000000000000000000000000000000000000000000000000000000000000000000000000000000000000000000000000000000000000000000000000000000000000000000000000000000000000000000000000000 
	Parameter ap_ST_fsm_state485 bound to: 607'b0000000000000000000000000000000000000000000000000000000000000000000000000000000000000000000000000000000000000000000000000000000000000000000000000000000000000000000000000000000000000000000000100000000000000000000000000000000000000000000000000000000000000000000000000000000000000000000000000000000000000000000000000000000000000000000000000000000000000000000000000000000000000000000000000000000000000000000000000000000000000000000000000000000000000000000000000000000000000000000000000000000000000000000000000000000000000000000000000000000000000000000000000000000000000000000000000000000000000000000000000000000 
	Parameter ap_ST_fsm_state486 bound to: 607'b0000000000000000000000000000000000000000000000000000000000000000000000000000000000000000000000000000000000000000000000000000000000000000000000000000000000000000000000000000000000000000000001000000000000000000000000000000000000000000000000000000000000000000000000000000000000000000000000000000000000000000000000000000000000000000000000000000000000000000000000000000000000000000000000000000000000000000000000000000000000000000000000000000000000000000000000000000000000000000000000000000000000000000000000000000000000000000000000000000000000000000000000000000000000000000000000000000000000000000000000000000000 
	Parameter ap_ST_fsm_state487 bound to: 607'b0000000000000000000000000000000000000000000000000000000000000000000000000000000000000000000000000000000000000000000000000000000000000000000000000000000000000000000000000000000000000000000010000000000000000000000000000000000000000000000000000000000000000000000000000000000000000000000000000000000000000000000000000000000000000000000000000000000000000000000000000000000000000000000000000000000000000000000000000000000000000000000000000000000000000000000000000000000000000000000000000000000000000000000000000000000000000000000000000000000000000000000000000000000000000000000000000000000000000000000000000000000 
	Parameter ap_ST_fsm_state488 bound to: 607'b0000000000000000000000000000000000000000000000000000000000000000000000000000000000000000000000000000000000000000000000000000000000000000000000000000000000000000000000000000000000000000000100000000000000000000000000000000000000000000000000000000000000000000000000000000000000000000000000000000000000000000000000000000000000000000000000000000000000000000000000000000000000000000000000000000000000000000000000000000000000000000000000000000000000000000000000000000000000000000000000000000000000000000000000000000000000000000000000000000000000000000000000000000000000000000000000000000000000000000000000000000000 
	Parameter ap_ST_fsm_state489 bound to: 607'b0000000000000000000000000000000000000000000000000000000000000000000000000000000000000000000000000000000000000000000000000000000000000000000000000000000000000000000000000000000000000000001000000000000000000000000000000000000000000000000000000000000000000000000000000000000000000000000000000000000000000000000000000000000000000000000000000000000000000000000000000000000000000000000000000000000000000000000000000000000000000000000000000000000000000000000000000000000000000000000000000000000000000000000000000000000000000000000000000000000000000000000000000000000000000000000000000000000000000000000000000000000 
	Parameter ap_ST_fsm_state490 bound to: 607'b0000000000000000000000000000000000000000000000000000000000000000000000000000000000000000000000000000000000000000000000000000000000000000000000000000000000000000000000000000000000000000010000000000000000000000000000000000000000000000000000000000000000000000000000000000000000000000000000000000000000000000000000000000000000000000000000000000000000000000000000000000000000000000000000000000000000000000000000000000000000000000000000000000000000000000000000000000000000000000000000000000000000000000000000000000000000000000000000000000000000000000000000000000000000000000000000000000000000000000000000000000000 
	Parameter ap_ST_fsm_state491 bound to: 607'b0000000000000000000000000000000000000000000000000000000000000000000000000000000000000000000000000000000000000000000000000000000000000000000000000000000000000000000000000000000000000000100000000000000000000000000000000000000000000000000000000000000000000000000000000000000000000000000000000000000000000000000000000000000000000000000000000000000000000000000000000000000000000000000000000000000000000000000000000000000000000000000000000000000000000000000000000000000000000000000000000000000000000000000000000000000000000000000000000000000000000000000000000000000000000000000000000000000000000000000000000000000 
	Parameter ap_ST_fsm_state492 bound to: 607'b0000000000000000000000000000000000000000000000000000000000000000000000000000000000000000000000000000000000000000000000000000000000000000000000000000000000000000000000000000000000000001000000000000000000000000000000000000000000000000000000000000000000000000000000000000000000000000000000000000000000000000000000000000000000000000000000000000000000000000000000000000000000000000000000000000000000000000000000000000000000000000000000000000000000000000000000000000000000000000000000000000000000000000000000000000000000000000000000000000000000000000000000000000000000000000000000000000000000000000000000000000000 
	Parameter ap_ST_fsm_state493 bound to: 607'b0000000000000000000000000000000000000000000000000000000000000000000000000000000000000000000000000000000000000000000000000000000000000000000000000000000000000000000000000000000000000010000000000000000000000000000000000000000000000000000000000000000000000000000000000000000000000000000000000000000000000000000000000000000000000000000000000000000000000000000000000000000000000000000000000000000000000000000000000000000000000000000000000000000000000000000000000000000000000000000000000000000000000000000000000000000000000000000000000000000000000000000000000000000000000000000000000000000000000000000000000000000 
	Parameter ap_ST_fsm_state494 bound to: 607'b0000000000000000000000000000000000000000000000000000000000000000000000000000000000000000000000000000000000000000000000000000000000000000000000000000000000000000000000000000000000000100000000000000000000000000000000000000000000000000000000000000000000000000000000000000000000000000000000000000000000000000000000000000000000000000000000000000000000000000000000000000000000000000000000000000000000000000000000000000000000000000000000000000000000000000000000000000000000000000000000000000000000000000000000000000000000000000000000000000000000000000000000000000000000000000000000000000000000000000000000000000000 
	Parameter ap_ST_fsm_state495 bound to: 607'b0000000000000000000000000000000000000000000000000000000000000000000000000000000000000000000000000000000000000000000000000000000000000000000000000000000000000000000000000000000000001000000000000000000000000000000000000000000000000000000000000000000000000000000000000000000000000000000000000000000000000000000000000000000000000000000000000000000000000000000000000000000000000000000000000000000000000000000000000000000000000000000000000000000000000000000000000000000000000000000000000000000000000000000000000000000000000000000000000000000000000000000000000000000000000000000000000000000000000000000000000000000 
	Parameter ap_ST_fsm_state496 bound to: 607'b0000000000000000000000000000000000000000000000000000000000000000000000000000000000000000000000000000000000000000000000000000000000000000000000000000000000000000000000000000000000010000000000000000000000000000000000000000000000000000000000000000000000000000000000000000000000000000000000000000000000000000000000000000000000000000000000000000000000000000000000000000000000000000000000000000000000000000000000000000000000000000000000000000000000000000000000000000000000000000000000000000000000000000000000000000000000000000000000000000000000000000000000000000000000000000000000000000000000000000000000000000000 
	Parameter ap_ST_fsm_state497 bound to: 607'b0000000000000000000000000000000000000000000000000000000000000000000000000000000000000000000000000000000000000000000000000000000000000000000000000000000000000000000000000000000000100000000000000000000000000000000000000000000000000000000000000000000000000000000000000000000000000000000000000000000000000000000000000000000000000000000000000000000000000000000000000000000000000000000000000000000000000000000000000000000000000000000000000000000000000000000000000000000000000000000000000000000000000000000000000000000000000000000000000000000000000000000000000000000000000000000000000000000000000000000000000000000 
	Parameter ap_ST_fsm_state498 bound to: 607'b0000000000000000000000000000000000000000000000000000000000000000000000000000000000000000000000000000000000000000000000000000000000000000000000000000000000000000000000000000000001000000000000000000000000000000000000000000000000000000000000000000000000000000000000000000000000000000000000000000000000000000000000000000000000000000000000000000000000000000000000000000000000000000000000000000000000000000000000000000000000000000000000000000000000000000000000000000000000000000000000000000000000000000000000000000000000000000000000000000000000000000000000000000000000000000000000000000000000000000000000000000000 
	Parameter ap_ST_fsm_state499 bound to: 607'b0000000000000000000000000000000000000000000000000000000000000000000000000000000000000000000000000000000000000000000000000000000000000000000000000000000000000000000000000000000010000000000000000000000000000000000000000000000000000000000000000000000000000000000000000000000000000000000000000000000000000000000000000000000000000000000000000000000000000000000000000000000000000000000000000000000000000000000000000000000000000000000000000000000000000000000000000000000000000000000000000000000000000000000000000000000000000000000000000000000000000000000000000000000000000000000000000000000000000000000000000000000 
	Parameter ap_ST_fsm_state500 bound to: 607'b0000000000000000000000000000000000000000000000000000000000000000000000000000000000000000000000000000000000000000000000000000000000000000000000000000000000000000000000000000000100000000000000000000000000000000000000000000000000000000000000000000000000000000000000000000000000000000000000000000000000000000000000000000000000000000000000000000000000000000000000000000000000000000000000000000000000000000000000000000000000000000000000000000000000000000000000000000000000000000000000000000000000000000000000000000000000000000000000000000000000000000000000000000000000000000000000000000000000000000000000000000000 
	Parameter ap_ST_fsm_state501 bound to: 607'b0000000000000000000000000000000000000000000000000000000000000000000000000000000000000000000000000000000000000000000000000000000000000000000000000000000000000000000000000000001000000000000000000000000000000000000000000000000000000000000000000000000000000000000000000000000000000000000000000000000000000000000000000000000000000000000000000000000000000000000000000000000000000000000000000000000000000000000000000000000000000000000000000000000000000000000000000000000000000000000000000000000000000000000000000000000000000000000000000000000000000000000000000000000000000000000000000000000000000000000000000000000 
	Parameter ap_ST_fsm_state502 bound to: 607'b0000000000000000000000000000000000000000000000000000000000000000000000000000000000000000000000000000000000000000000000000000000000000000000000000000000000000000000000000000010000000000000000000000000000000000000000000000000000000000000000000000000000000000000000000000000000000000000000000000000000000000000000000000000000000000000000000000000000000000000000000000000000000000000000000000000000000000000000000000000000000000000000000000000000000000000000000000000000000000000000000000000000000000000000000000000000000000000000000000000000000000000000000000000000000000000000000000000000000000000000000000000 
	Parameter ap_ST_fsm_state503 bound to: 607'b0000000000000000000000000000000000000000000000000000000000000000000000000000000000000000000000000000000000000000000000000000000000000000000000000000000000000000000000000000100000000000000000000000000000000000000000000000000000000000000000000000000000000000000000000000000000000000000000000000000000000000000000000000000000000000000000000000000000000000000000000000000000000000000000000000000000000000000000000000000000000000000000000000000000000000000000000000000000000000000000000000000000000000000000000000000000000000000000000000000000000000000000000000000000000000000000000000000000000000000000000000000 
	Parameter ap_ST_fsm_state504 bound to: 607'b0000000000000000000000000000000000000000000000000000000000000000000000000000000000000000000000000000000000000000000000000000000000000000000000000000000000000000000000000001000000000000000000000000000000000000000000000000000000000000000000000000000000000000000000000000000000000000000000000000000000000000000000000000000000000000000000000000000000000000000000000000000000000000000000000000000000000000000000000000000000000000000000000000000000000000000000000000000000000000000000000000000000000000000000000000000000000000000000000000000000000000000000000000000000000000000000000000000000000000000000000000000 
	Parameter ap_ST_fsm_state505 bound to: 607'b0000000000000000000000000000000000000000000000000000000000000000000000000000000000000000000000000000000000000000000000000000000000000000000000000000000000000000000000000010000000000000000000000000000000000000000000000000000000000000000000000000000000000000000000000000000000000000000000000000000000000000000000000000000000000000000000000000000000000000000000000000000000000000000000000000000000000000000000000000000000000000000000000000000000000000000000000000000000000000000000000000000000000000000000000000000000000000000000000000000000000000000000000000000000000000000000000000000000000000000000000000000 
	Parameter ap_ST_fsm_state506 bound to: 607'b0000000000000000000000000000000000000000000000000000000000000000000000000000000000000000000000000000000000000000000000000000000000000000000000000000000000000000000000000100000000000000000000000000000000000000000000000000000000000000000000000000000000000000000000000000000000000000000000000000000000000000000000000000000000000000000000000000000000000000000000000000000000000000000000000000000000000000000000000000000000000000000000000000000000000000000000000000000000000000000000000000000000000000000000000000000000000000000000000000000000000000000000000000000000000000000000000000000000000000000000000000000 
	Parameter ap_ST_fsm_state507 bound to: 607'b0000000000000000000000000000000000000000000000000000000000000000000000000000000000000000000000000000000000000000000000000000000000000000000000000000000000000000000000001000000000000000000000000000000000000000000000000000000000000000000000000000000000000000000000000000000000000000000000000000000000000000000000000000000000000000000000000000000000000000000000000000000000000000000000000000000000000000000000000000000000000000000000000000000000000000000000000000000000000000000000000000000000000000000000000000000000000000000000000000000000000000000000000000000000000000000000000000000000000000000000000000000 
	Parameter ap_ST_fsm_state508 bound to: 607'b0000000000000000000000000000000000000000000000000000000000000000000000000000000000000000000000000000000000000000000000000000000000000000000000000000000000000000000000010000000000000000000000000000000000000000000000000000000000000000000000000000000000000000000000000000000000000000000000000000000000000000000000000000000000000000000000000000000000000000000000000000000000000000000000000000000000000000000000000000000000000000000000000000000000000000000000000000000000000000000000000000000000000000000000000000000000000000000000000000000000000000000000000000000000000000000000000000000000000000000000000000000 
	Parameter ap_ST_fsm_state509 bound to: 607'b0000000000000000000000000000000000000000000000000000000000000000000000000000000000000000000000000000000000000000000000000000000000000000000000000000000000000000000000100000000000000000000000000000000000000000000000000000000000000000000000000000000000000000000000000000000000000000000000000000000000000000000000000000000000000000000000000000000000000000000000000000000000000000000000000000000000000000000000000000000000000000000000000000000000000000000000000000000000000000000000000000000000000000000000000000000000000000000000000000000000000000000000000000000000000000000000000000000000000000000000000000000 
	Parameter ap_ST_fsm_state510 bound to: 607'b0000000000000000000000000000000000000000000000000000000000000000000000000000000000000000000000000000000000000000000000000000000000000000000000000000000000000000000001000000000000000000000000000000000000000000000000000000000000000000000000000000000000000000000000000000000000000000000000000000000000000000000000000000000000000000000000000000000000000000000000000000000000000000000000000000000000000000000000000000000000000000000000000000000000000000000000000000000000000000000000000000000000000000000000000000000000000000000000000000000000000000000000000000000000000000000000000000000000000000000000000000000 
	Parameter ap_ST_fsm_state511 bound to: 607'b0000000000000000000000000000000000000000000000000000000000000000000000000000000000000000000000000000000000000000000000000000000000000000000000000000000000000000000010000000000000000000000000000000000000000000000000000000000000000000000000000000000000000000000000000000000000000000000000000000000000000000000000000000000000000000000000000000000000000000000000000000000000000000000000000000000000000000000000000000000000000000000000000000000000000000000000000000000000000000000000000000000000000000000000000000000000000000000000000000000000000000000000000000000000000000000000000000000000000000000000000000000 
	Parameter ap_ST_fsm_state512 bound to: 607'b0000000000000000000000000000000000000000000000000000000000000000000000000000000000000000000000000000000000000000000000000000000000000000000000000000000000000000000100000000000000000000000000000000000000000000000000000000000000000000000000000000000000000000000000000000000000000000000000000000000000000000000000000000000000000000000000000000000000000000000000000000000000000000000000000000000000000000000000000000000000000000000000000000000000000000000000000000000000000000000000000000000000000000000000000000000000000000000000000000000000000000000000000000000000000000000000000000000000000000000000000000000 
	Parameter ap_ST_fsm_state513 bound to: 607'b0000000000000000000000000000000000000000000000000000000000000000000000000000000000000000000000000000000000000000000000000000000000000000000000000000000000000000001000000000000000000000000000000000000000000000000000000000000000000000000000000000000000000000000000000000000000000000000000000000000000000000000000000000000000000000000000000000000000000000000000000000000000000000000000000000000000000000000000000000000000000000000000000000000000000000000000000000000000000000000000000000000000000000000000000000000000000000000000000000000000000000000000000000000000000000000000000000000000000000000000000000000 
	Parameter ap_ST_fsm_state514 bound to: 607'b0000000000000000000000000000000000000000000000000000000000000000000000000000000000000000000000000000000000000000000000000000000000000000000000000000000000000000010000000000000000000000000000000000000000000000000000000000000000000000000000000000000000000000000000000000000000000000000000000000000000000000000000000000000000000000000000000000000000000000000000000000000000000000000000000000000000000000000000000000000000000000000000000000000000000000000000000000000000000000000000000000000000000000000000000000000000000000000000000000000000000000000000000000000000000000000000000000000000000000000000000000000 
	Parameter ap_ST_fsm_state515 bound to: 607'b0000000000000000000000000000000000000000000000000000000000000000000000000000000000000000000000000000000000000000000000000000000000000000000000000000000000000000100000000000000000000000000000000000000000000000000000000000000000000000000000000000000000000000000000000000000000000000000000000000000000000000000000000000000000000000000000000000000000000000000000000000000000000000000000000000000000000000000000000000000000000000000000000000000000000000000000000000000000000000000000000000000000000000000000000000000000000000000000000000000000000000000000000000000000000000000000000000000000000000000000000000000 
	Parameter ap_ST_fsm_state516 bound to: 607'b0000000000000000000000000000000000000000000000000000000000000000000000000000000000000000000000000000000000000000000000000000000000000000000000000000000000000001000000000000000000000000000000000000000000000000000000000000000000000000000000000000000000000000000000000000000000000000000000000000000000000000000000000000000000000000000000000000000000000000000000000000000000000000000000000000000000000000000000000000000000000000000000000000000000000000000000000000000000000000000000000000000000000000000000000000000000000000000000000000000000000000000000000000000000000000000000000000000000000000000000000000000 
	Parameter ap_ST_fsm_state517 bound to: 607'b0000000000000000000000000000000000000000000000000000000000000000000000000000000000000000000000000000000000000000000000000000000000000000000000000000000000000010000000000000000000000000000000000000000000000000000000000000000000000000000000000000000000000000000000000000000000000000000000000000000000000000000000000000000000000000000000000000000000000000000000000000000000000000000000000000000000000000000000000000000000000000000000000000000000000000000000000000000000000000000000000000000000000000000000000000000000000000000000000000000000000000000000000000000000000000000000000000000000000000000000000000000 
	Parameter ap_ST_fsm_state518 bound to: 607'b0000000000000000000000000000000000000000000000000000000000000000000000000000000000000000000000000000000000000000000000000000000000000000000000000000000000000100000000000000000000000000000000000000000000000000000000000000000000000000000000000000000000000000000000000000000000000000000000000000000000000000000000000000000000000000000000000000000000000000000000000000000000000000000000000000000000000000000000000000000000000000000000000000000000000000000000000000000000000000000000000000000000000000000000000000000000000000000000000000000000000000000000000000000000000000000000000000000000000000000000000000000 
	Parameter ap_ST_fsm_state519 bound to: 607'b0000000000000000000000000000000000000000000000000000000000000000000000000000000000000000000000000000000000000000000000000000000000000000000000000000000000001000000000000000000000000000000000000000000000000000000000000000000000000000000000000000000000000000000000000000000000000000000000000000000000000000000000000000000000000000000000000000000000000000000000000000000000000000000000000000000000000000000000000000000000000000000000000000000000000000000000000000000000000000000000000000000000000000000000000000000000000000000000000000000000000000000000000000000000000000000000000000000000000000000000000000000 
	Parameter ap_ST_fsm_state520 bound to: 607'b0000000000000000000000000000000000000000000000000000000000000000000000000000000000000000000000000000000000000000000000000000000000000000000000000000000000010000000000000000000000000000000000000000000000000000000000000000000000000000000000000000000000000000000000000000000000000000000000000000000000000000000000000000000000000000000000000000000000000000000000000000000000000000000000000000000000000000000000000000000000000000000000000000000000000000000000000000000000000000000000000000000000000000000000000000000000000000000000000000000000000000000000000000000000000000000000000000000000000000000000000000000 
	Parameter ap_ST_fsm_state521 bound to: 607'b0000000000000000000000000000000000000000000000000000000000000000000000000000000000000000000000000000000000000000000000000000000000000000000000000000000000100000000000000000000000000000000000000000000000000000000000000000000000000000000000000000000000000000000000000000000000000000000000000000000000000000000000000000000000000000000000000000000000000000000000000000000000000000000000000000000000000000000000000000000000000000000000000000000000000000000000000000000000000000000000000000000000000000000000000000000000000000000000000000000000000000000000000000000000000000000000000000000000000000000000000000000 
	Parameter ap_ST_fsm_state522 bound to: 607'b0000000000000000000000000000000000000000000000000000000000000000000000000000000000000000000000000000000000000000000000000000000000000000000000000000000001000000000000000000000000000000000000000000000000000000000000000000000000000000000000000000000000000000000000000000000000000000000000000000000000000000000000000000000000000000000000000000000000000000000000000000000000000000000000000000000000000000000000000000000000000000000000000000000000000000000000000000000000000000000000000000000000000000000000000000000000000000000000000000000000000000000000000000000000000000000000000000000000000000000000000000000 
	Parameter ap_ST_fsm_state523 bound to: 607'b0000000000000000000000000000000000000000000000000000000000000000000000000000000000000000000000000000000000000000000000000000000000000000000000000000000010000000000000000000000000000000000000000000000000000000000000000000000000000000000000000000000000000000000000000000000000000000000000000000000000000000000000000000000000000000000000000000000000000000000000000000000000000000000000000000000000000000000000000000000000000000000000000000000000000000000000000000000000000000000000000000000000000000000000000000000000000000000000000000000000000000000000000000000000000000000000000000000000000000000000000000000 
	Parameter ap_ST_fsm_state524 bound to: 607'b0000000000000000000000000000000000000000000000000000000000000000000000000000000000000000000000000000000000000000000000000000000000000000000000000000000100000000000000000000000000000000000000000000000000000000000000000000000000000000000000000000000000000000000000000000000000000000000000000000000000000000000000000000000000000000000000000000000000000000000000000000000000000000000000000000000000000000000000000000000000000000000000000000000000000000000000000000000000000000000000000000000000000000000000000000000000000000000000000000000000000000000000000000000000000000000000000000000000000000000000000000000 
	Parameter ap_ST_fsm_state525 bound to: 607'b0000000000000000000000000000000000000000000000000000000000000000000000000000000000000000000000000000000000000000000000000000000000000000000000000000001000000000000000000000000000000000000000000000000000000000000000000000000000000000000000000000000000000000000000000000000000000000000000000000000000000000000000000000000000000000000000000000000000000000000000000000000000000000000000000000000000000000000000000000000000000000000000000000000000000000000000000000000000000000000000000000000000000000000000000000000000000000000000000000000000000000000000000000000000000000000000000000000000000000000000000000000 
	Parameter ap_ST_fsm_state526 bound to: 607'b0000000000000000000000000000000000000000000000000000000000000000000000000000000000000000000000000000000000000000000000000000000000000000000000000000010000000000000000000000000000000000000000000000000000000000000000000000000000000000000000000000000000000000000000000000000000000000000000000000000000000000000000000000000000000000000000000000000000000000000000000000000000000000000000000000000000000000000000000000000000000000000000000000000000000000000000000000000000000000000000000000000000000000000000000000000000000000000000000000000000000000000000000000000000000000000000000000000000000000000000000000000 
	Parameter ap_ST_fsm_state527 bound to: 607'b0000000000000000000000000000000000000000000000000000000000000000000000000000000000000000000000000000000000000000000000000000000000000000000000000000100000000000000000000000000000000000000000000000000000000000000000000000000000000000000000000000000000000000000000000000000000000000000000000000000000000000000000000000000000000000000000000000000000000000000000000000000000000000000000000000000000000000000000000000000000000000000000000000000000000000000000000000000000000000000000000000000000000000000000000000000000000000000000000000000000000000000000000000000000000000000000000000000000000000000000000000000 
	Parameter ap_ST_fsm_state528 bound to: 607'b0000000000000000000000000000000000000000000000000000000000000000000000000000000000000000000000000000000000000000000000000000000000000000000000000001000000000000000000000000000000000000000000000000000000000000000000000000000000000000000000000000000000000000000000000000000000000000000000000000000000000000000000000000000000000000000000000000000000000000000000000000000000000000000000000000000000000000000000000000000000000000000000000000000000000000000000000000000000000000000000000000000000000000000000000000000000000000000000000000000000000000000000000000000000000000000000000000000000000000000000000000000 
	Parameter ap_ST_fsm_state529 bound to: 607'b0000000000000000000000000000000000000000000000000000000000000000000000000000000000000000000000000000000000000000000000000000000000000000000000000010000000000000000000000000000000000000000000000000000000000000000000000000000000000000000000000000000000000000000000000000000000000000000000000000000000000000000000000000000000000000000000000000000000000000000000000000000000000000000000000000000000000000000000000000000000000000000000000000000000000000000000000000000000000000000000000000000000000000000000000000000000000000000000000000000000000000000000000000000000000000000000000000000000000000000000000000000 
	Parameter ap_ST_fsm_state530 bound to: 607'b0000000000000000000000000000000000000000000000000000000000000000000000000000000000000000000000000000000000000000000000000000000000000000000000000100000000000000000000000000000000000000000000000000000000000000000000000000000000000000000000000000000000000000000000000000000000000000000000000000000000000000000000000000000000000000000000000000000000000000000000000000000000000000000000000000000000000000000000000000000000000000000000000000000000000000000000000000000000000000000000000000000000000000000000000000000000000000000000000000000000000000000000000000000000000000000000000000000000000000000000000000000 
	Parameter ap_ST_fsm_state531 bound to: 607'b0000000000000000000000000000000000000000000000000000000000000000000000000000000000000000000000000000000000000000000000000000000000000000000000001000000000000000000000000000000000000000000000000000000000000000000000000000000000000000000000000000000000000000000000000000000000000000000000000000000000000000000000000000000000000000000000000000000000000000000000000000000000000000000000000000000000000000000000000000000000000000000000000000000000000000000000000000000000000000000000000000000000000000000000000000000000000000000000000000000000000000000000000000000000000000000000000000000000000000000000000000000 
	Parameter ap_ST_fsm_state532 bound to: 607'b0000000000000000000000000000000000000000000000000000000000000000000000000000000000000000000000000000000000000000000000000000000000000000000000010000000000000000000000000000000000000000000000000000000000000000000000000000000000000000000000000000000000000000000000000000000000000000000000000000000000000000000000000000000000000000000000000000000000000000000000000000000000000000000000000000000000000000000000000000000000000000000000000000000000000000000000000000000000000000000000000000000000000000000000000000000000000000000000000000000000000000000000000000000000000000000000000000000000000000000000000000000 
	Parameter ap_ST_fsm_state533 bound to: 607'b0000000000000000000000000000000000000000000000000000000000000000000000000000000000000000000000000000000000000000000000000000000000000000000000100000000000000000000000000000000000000000000000000000000000000000000000000000000000000000000000000000000000000000000000000000000000000000000000000000000000000000000000000000000000000000000000000000000000000000000000000000000000000000000000000000000000000000000000000000000000000000000000000000000000000000000000000000000000000000000000000000000000000000000000000000000000000000000000000000000000000000000000000000000000000000000000000000000000000000000000000000000 
	Parameter ap_ST_fsm_state534 bound to: 607'b0000000000000000000000000000000000000000000000000000000000000000000000000000000000000000000000000000000000000000000000000000000000000000000001000000000000000000000000000000000000000000000000000000000000000000000000000000000000000000000000000000000000000000000000000000000000000000000000000000000000000000000000000000000000000000000000000000000000000000000000000000000000000000000000000000000000000000000000000000000000000000000000000000000000000000000000000000000000000000000000000000000000000000000000000000000000000000000000000000000000000000000000000000000000000000000000000000000000000000000000000000000 
	Parameter ap_ST_fsm_state535 bound to: 607'b0000000000000000000000000000000000000000000000000000000000000000000000000000000000000000000000000000000000000000000000000000000000000000000010000000000000000000000000000000000000000000000000000000000000000000000000000000000000000000000000000000000000000000000000000000000000000000000000000000000000000000000000000000000000000000000000000000000000000000000000000000000000000000000000000000000000000000000000000000000000000000000000000000000000000000000000000000000000000000000000000000000000000000000000000000000000000000000000000000000000000000000000000000000000000000000000000000000000000000000000000000000 
	Parameter ap_ST_fsm_state536 bound to: 607'b0000000000000000000000000000000000000000000000000000000000000000000000000000000000000000000000000000000000000000000000000000000000000000000100000000000000000000000000000000000000000000000000000000000000000000000000000000000000000000000000000000000000000000000000000000000000000000000000000000000000000000000000000000000000000000000000000000000000000000000000000000000000000000000000000000000000000000000000000000000000000000000000000000000000000000000000000000000000000000000000000000000000000000000000000000000000000000000000000000000000000000000000000000000000000000000000000000000000000000000000000000000 
	Parameter ap_ST_fsm_state537 bound to: 607'b0000000000000000000000000000000000000000000000000000000000000000000000000000000000000000000000000000000000000000000000000000000000000000001000000000000000000000000000000000000000000000000000000000000000000000000000000000000000000000000000000000000000000000000000000000000000000000000000000000000000000000000000000000000000000000000000000000000000000000000000000000000000000000000000000000000000000000000000000000000000000000000000000000000000000000000000000000000000000000000000000000000000000000000000000000000000000000000000000000000000000000000000000000000000000000000000000000000000000000000000000000000 
	Parameter ap_ST_fsm_state538 bound to: 607'b0000000000000000000000000000000000000000000000000000000000000000000000000000000000000000000000000000000000000000000000000000000000000000010000000000000000000000000000000000000000000000000000000000000000000000000000000000000000000000000000000000000000000000000000000000000000000000000000000000000000000000000000000000000000000000000000000000000000000000000000000000000000000000000000000000000000000000000000000000000000000000000000000000000000000000000000000000000000000000000000000000000000000000000000000000000000000000000000000000000000000000000000000000000000000000000000000000000000000000000000000000000 
	Parameter ap_ST_fsm_state539 bound to: 607'b0000000000000000000000000000000000000000000000000000000000000000000000000000000000000000000000000000000000000000000000000000000000000000100000000000000000000000000000000000000000000000000000000000000000000000000000000000000000000000000000000000000000000000000000000000000000000000000000000000000000000000000000000000000000000000000000000000000000000000000000000000000000000000000000000000000000000000000000000000000000000000000000000000000000000000000000000000000000000000000000000000000000000000000000000000000000000000000000000000000000000000000000000000000000000000000000000000000000000000000000000000000 
	Parameter ap_ST_fsm_state540 bound to: 607'b0000000000000000000000000000000000000000000000000000000000000000000000000000000000000000000000000000000000000000000000000000000000000001000000000000000000000000000000000000000000000000000000000000000000000000000000000000000000000000000000000000000000000000000000000000000000000000000000000000000000000000000000000000000000000000000000000000000000000000000000000000000000000000000000000000000000000000000000000000000000000000000000000000000000000000000000000000000000000000000000000000000000000000000000000000000000000000000000000000000000000000000000000000000000000000000000000000000000000000000000000000000 
	Parameter ap_ST_fsm_state541 bound to: 607'b0000000000000000000000000000000000000000000000000000000000000000000000000000000000000000000000000000000000000000000000000000000000000010000000000000000000000000000000000000000000000000000000000000000000000000000000000000000000000000000000000000000000000000000000000000000000000000000000000000000000000000000000000000000000000000000000000000000000000000000000000000000000000000000000000000000000000000000000000000000000000000000000000000000000000000000000000000000000000000000000000000000000000000000000000000000000000000000000000000000000000000000000000000000000000000000000000000000000000000000000000000000 
	Parameter ap_ST_fsm_state542 bound to: 607'b0000000000000000000000000000000000000000000000000000000000000000000000000000000000000000000000000000000000000000000000000000000000000100000000000000000000000000000000000000000000000000000000000000000000000000000000000000000000000000000000000000000000000000000000000000000000000000000000000000000000000000000000000000000000000000000000000000000000000000000000000000000000000000000000000000000000000000000000000000000000000000000000000000000000000000000000000000000000000000000000000000000000000000000000000000000000000000000000000000000000000000000000000000000000000000000000000000000000000000000000000000000 
	Parameter ap_ST_fsm_state543 bound to: 607'b0000000000000000000000000000000000000000000000000000000000000000000000000000000000000000000000000000000000000000000000000000000000001000000000000000000000000000000000000000000000000000000000000000000000000000000000000000000000000000000000000000000000000000000000000000000000000000000000000000000000000000000000000000000000000000000000000000000000000000000000000000000000000000000000000000000000000000000000000000000000000000000000000000000000000000000000000000000000000000000000000000000000000000000000000000000000000000000000000000000000000000000000000000000000000000000000000000000000000000000000000000000 
	Parameter ap_ST_fsm_state544 bound to: 607'b0000000000000000000000000000000000000000000000000000000000000000000000000000000000000000000000000000000000000000000000000000000000010000000000000000000000000000000000000000000000000000000000000000000000000000000000000000000000000000000000000000000000000000000000000000000000000000000000000000000000000000000000000000000000000000000000000000000000000000000000000000000000000000000000000000000000000000000000000000000000000000000000000000000000000000000000000000000000000000000000000000000000000000000000000000000000000000000000000000000000000000000000000000000000000000000000000000000000000000000000000000000 
	Parameter ap_ST_fsm_state545 bound to: 607'b0000000000000000000000000000000000000000000000000000000000000000000000000000000000000000000000000000000000000000000000000000000000100000000000000000000000000000000000000000000000000000000000000000000000000000000000000000000000000000000000000000000000000000000000000000000000000000000000000000000000000000000000000000000000000000000000000000000000000000000000000000000000000000000000000000000000000000000000000000000000000000000000000000000000000000000000000000000000000000000000000000000000000000000000000000000000000000000000000000000000000000000000000000000000000000000000000000000000000000000000000000000 
	Parameter ap_ST_fsm_state546 bound to: 607'b0000000000000000000000000000000000000000000000000000000000000000000000000000000000000000000000000000000000000000000000000000000001000000000000000000000000000000000000000000000000000000000000000000000000000000000000000000000000000000000000000000000000000000000000000000000000000000000000000000000000000000000000000000000000000000000000000000000000000000000000000000000000000000000000000000000000000000000000000000000000000000000000000000000000000000000000000000000000000000000000000000000000000000000000000000000000000000000000000000000000000000000000000000000000000000000000000000000000000000000000000000000 
	Parameter ap_ST_fsm_state547 bound to: 607'b0000000000000000000000000000000000000000000000000000000000000000000000000000000000000000000000000000000000000000000000000000000010000000000000000000000000000000000000000000000000000000000000000000000000000000000000000000000000000000000000000000000000000000000000000000000000000000000000000000000000000000000000000000000000000000000000000000000000000000000000000000000000000000000000000000000000000000000000000000000000000000000000000000000000000000000000000000000000000000000000000000000000000000000000000000000000000000000000000000000000000000000000000000000000000000000000000000000000000000000000000000000 
	Parameter ap_ST_fsm_state548 bound to: 607'b0000000000000000000000000000000000000000000000000000000000000000000000000000000000000000000000000000000000000000000000000000000100000000000000000000000000000000000000000000000000000000000000000000000000000000000000000000000000000000000000000000000000000000000000000000000000000000000000000000000000000000000000000000000000000000000000000000000000000000000000000000000000000000000000000000000000000000000000000000000000000000000000000000000000000000000000000000000000000000000000000000000000000000000000000000000000000000000000000000000000000000000000000000000000000000000000000000000000000000000000000000000 
	Parameter ap_ST_fsm_state549 bound to: 607'b0000000000000000000000000000000000000000000000000000000000000000000000000000000000000000000000000000000000000000000000000000001000000000000000000000000000000000000000000000000000000000000000000000000000000000000000000000000000000000000000000000000000000000000000000000000000000000000000000000000000000000000000000000000000000000000000000000000000000000000000000000000000000000000000000000000000000000000000000000000000000000000000000000000000000000000000000000000000000000000000000000000000000000000000000000000000000000000000000000000000000000000000000000000000000000000000000000000000000000000000000000000 
	Parameter ap_ST_fsm_state550 bound to: 607'b0000000000000000000000000000000000000000000000000000000000000000000000000000000000000000000000000000000000000000000000000000010000000000000000000000000000000000000000000000000000000000000000000000000000000000000000000000000000000000000000000000000000000000000000000000000000000000000000000000000000000000000000000000000000000000000000000000000000000000000000000000000000000000000000000000000000000000000000000000000000000000000000000000000000000000000000000000000000000000000000000000000000000000000000000000000000000000000000000000000000000000000000000000000000000000000000000000000000000000000000000000000 
	Parameter ap_ST_fsm_state551 bound to: 607'b0000000000000000000000000000000000000000000000000000000000000000000000000000000000000000000000000000000000000000000000000000100000000000000000000000000000000000000000000000000000000000000000000000000000000000000000000000000000000000000000000000000000000000000000000000000000000000000000000000000000000000000000000000000000000000000000000000000000000000000000000000000000000000000000000000000000000000000000000000000000000000000000000000000000000000000000000000000000000000000000000000000000000000000000000000000000000000000000000000000000000000000000000000000000000000000000000000000000000000000000000000000 
	Parameter ap_ST_fsm_state552 bound to: 607'b0000000000000000000000000000000000000000000000000000000000000000000000000000000000000000000000000000000000000000000000000001000000000000000000000000000000000000000000000000000000000000000000000000000000000000000000000000000000000000000000000000000000000000000000000000000000000000000000000000000000000000000000000000000000000000000000000000000000000000000000000000000000000000000000000000000000000000000000000000000000000000000000000000000000000000000000000000000000000000000000000000000000000000000000000000000000000000000000000000000000000000000000000000000000000000000000000000000000000000000000000000000 
	Parameter ap_ST_fsm_state553 bound to: 607'b0000000000000000000000000000000000000000000000000000000000000000000000000000000000000000000000000000000000000000000000000010000000000000000000000000000000000000000000000000000000000000000000000000000000000000000000000000000000000000000000000000000000000000000000000000000000000000000000000000000000000000000000000000000000000000000000000000000000000000000000000000000000000000000000000000000000000000000000000000000000000000000000000000000000000000000000000000000000000000000000000000000000000000000000000000000000000000000000000000000000000000000000000000000000000000000000000000000000000000000000000000000 
	Parameter ap_ST_fsm_state554 bound to: 607'b0000000000000000000000000000000000000000000000000000000000000000000000000000000000000000000000000000000000000000000000000100000000000000000000000000000000000000000000000000000000000000000000000000000000000000000000000000000000000000000000000000000000000000000000000000000000000000000000000000000000000000000000000000000000000000000000000000000000000000000000000000000000000000000000000000000000000000000000000000000000000000000000000000000000000000000000000000000000000000000000000000000000000000000000000000000000000000000000000000000000000000000000000000000000000000000000000000000000000000000000000000000 
	Parameter ap_ST_fsm_state555 bound to: 607'b0000000000000000000000000000000000000000000000000000000000000000000000000000000000000000000000000000000000000000000000001000000000000000000000000000000000000000000000000000000000000000000000000000000000000000000000000000000000000000000000000000000000000000000000000000000000000000000000000000000000000000000000000000000000000000000000000000000000000000000000000000000000000000000000000000000000000000000000000000000000000000000000000000000000000000000000000000000000000000000000000000000000000000000000000000000000000000000000000000000000000000000000000000000000000000000000000000000000000000000000000000000 
	Parameter ap_ST_fsm_state556 bound to: 607'b0000000000000000000000000000000000000000000000000000000000000000000000000000000000000000000000000000000000000000000000010000000000000000000000000000000000000000000000000000000000000000000000000000000000000000000000000000000000000000000000000000000000000000000000000000000000000000000000000000000000000000000000000000000000000000000000000000000000000000000000000000000000000000000000000000000000000000000000000000000000000000000000000000000000000000000000000000000000000000000000000000000000000000000000000000000000000000000000000000000000000000000000000000000000000000000000000000000000000000000000000000000 
	Parameter ap_ST_fsm_state557 bound to: 607'b0000000000000000000000000000000000000000000000000000000000000000000000000000000000000000000000000000000000000000000000100000000000000000000000000000000000000000000000000000000000000000000000000000000000000000000000000000000000000000000000000000000000000000000000000000000000000000000000000000000000000000000000000000000000000000000000000000000000000000000000000000000000000000000000000000000000000000000000000000000000000000000000000000000000000000000000000000000000000000000000000000000000000000000000000000000000000000000000000000000000000000000000000000000000000000000000000000000000000000000000000000000 
	Parameter ap_ST_fsm_state558 bound to: 607'b0000000000000000000000000000000000000000000000000000000000000000000000000000000000000000000000000000000000000000000001000000000000000000000000000000000000000000000000000000000000000000000000000000000000000000000000000000000000000000000000000000000000000000000000000000000000000000000000000000000000000000000000000000000000000000000000000000000000000000000000000000000000000000000000000000000000000000000000000000000000000000000000000000000000000000000000000000000000000000000000000000000000000000000000000000000000000000000000000000000000000000000000000000000000000000000000000000000000000000000000000000000 
	Parameter ap_ST_fsm_state559 bound to: 607'b0000000000000000000000000000000000000000000000000000000000000000000000000000000000000000000000000000000000000000000010000000000000000000000000000000000000000000000000000000000000000000000000000000000000000000000000000000000000000000000000000000000000000000000000000000000000000000000000000000000000000000000000000000000000000000000000000000000000000000000000000000000000000000000000000000000000000000000000000000000000000000000000000000000000000000000000000000000000000000000000000000000000000000000000000000000000000000000000000000000000000000000000000000000000000000000000000000000000000000000000000000000 
	Parameter ap_ST_fsm_state560 bound to: 607'b0000000000000000000000000000000000000000000000000000000000000000000000000000000000000000000000000000000000000000000100000000000000000000000000000000000000000000000000000000000000000000000000000000000000000000000000000000000000000000000000000000000000000000000000000000000000000000000000000000000000000000000000000000000000000000000000000000000000000000000000000000000000000000000000000000000000000000000000000000000000000000000000000000000000000000000000000000000000000000000000000000000000000000000000000000000000000000000000000000000000000000000000000000000000000000000000000000000000000000000000000000000 
	Parameter ap_ST_fsm_state561 bound to: 607'b0000000000000000000000000000000000000000000000000000000000000000000000000000000000000000000000000000000000000000001000000000000000000000000000000000000000000000000000000000000000000000000000000000000000000000000000000000000000000000000000000000000000000000000000000000000000000000000000000000000000000000000000000000000000000000000000000000000000000000000000000000000000000000000000000000000000000000000000000000000000000000000000000000000000000000000000000000000000000000000000000000000000000000000000000000000000000000000000000000000000000000000000000000000000000000000000000000000000000000000000000000000 
	Parameter ap_ST_fsm_state562 bound to: 607'b0000000000000000000000000000000000000000000000000000000000000000000000000000000000000000000000000000000000000000010000000000000000000000000000000000000000000000000000000000000000000000000000000000000000000000000000000000000000000000000000000000000000000000000000000000000000000000000000000000000000000000000000000000000000000000000000000000000000000000000000000000000000000000000000000000000000000000000000000000000000000000000000000000000000000000000000000000000000000000000000000000000000000000000000000000000000000000000000000000000000000000000000000000000000000000000000000000000000000000000000000000000 
	Parameter ap_ST_fsm_state563 bound to: 607'b0000000000000000000000000000000000000000000000000000000000000000000000000000000000000000000000000000000000000000100000000000000000000000000000000000000000000000000000000000000000000000000000000000000000000000000000000000000000000000000000000000000000000000000000000000000000000000000000000000000000000000000000000000000000000000000000000000000000000000000000000000000000000000000000000000000000000000000000000000000000000000000000000000000000000000000000000000000000000000000000000000000000000000000000000000000000000000000000000000000000000000000000000000000000000000000000000000000000000000000000000000000 
	Parameter ap_ST_fsm_state564 bound to: 607'b0000000000000000000000000000000000000000000000000000000000000000000000000000000000000000000000000000000000000001000000000000000000000000000000000000000000000000000000000000000000000000000000000000000000000000000000000000000000000000000000000000000000000000000000000000000000000000000000000000000000000000000000000000000000000000000000000000000000000000000000000000000000000000000000000000000000000000000000000000000000000000000000000000000000000000000000000000000000000000000000000000000000000000000000000000000000000000000000000000000000000000000000000000000000000000000000000000000000000000000000000000000 
	Parameter ap_ST_fsm_state565 bound to: 607'b0000000000000000000000000000000000000000000000000000000000000000000000000000000000000000000000000000000000000010000000000000000000000000000000000000000000000000000000000000000000000000000000000000000000000000000000000000000000000000000000000000000000000000000000000000000000000000000000000000000000000000000000000000000000000000000000000000000000000000000000000000000000000000000000000000000000000000000000000000000000000000000000000000000000000000000000000000000000000000000000000000000000000000000000000000000000000000000000000000000000000000000000000000000000000000000000000000000000000000000000000000000 
	Parameter ap_ST_fsm_state566 bound to: 607'b0000000000000000000000000000000000000000000000000000000000000000000000000000000000000000000000000000000000000100000000000000000000000000000000000000000000000000000000000000000000000000000000000000000000000000000000000000000000000000000000000000000000000000000000000000000000000000000000000000000000000000000000000000000000000000000000000000000000000000000000000000000000000000000000000000000000000000000000000000000000000000000000000000000000000000000000000000000000000000000000000000000000000000000000000000000000000000000000000000000000000000000000000000000000000000000000000000000000000000000000000000000 
	Parameter ap_ST_fsm_state567 bound to: 607'b0000000000000000000000000000000000000000000000000000000000000000000000000000000000000000000000000000000000001000000000000000000000000000000000000000000000000000000000000000000000000000000000000000000000000000000000000000000000000000000000000000000000000000000000000000000000000000000000000000000000000000000000000000000000000000000000000000000000000000000000000000000000000000000000000000000000000000000000000000000000000000000000000000000000000000000000000000000000000000000000000000000000000000000000000000000000000000000000000000000000000000000000000000000000000000000000000000000000000000000000000000000 
	Parameter ap_ST_fsm_state568 bound to: 607'b0000000000000000000000000000000000000000000000000000000000000000000000000000000000000000000000000000000000010000000000000000000000000000000000000000000000000000000000000000000000000000000000000000000000000000000000000000000000000000000000000000000000000000000000000000000000000000000000000000000000000000000000000000000000000000000000000000000000000000000000000000000000000000000000000000000000000000000000000000000000000000000000000000000000000000000000000000000000000000000000000000000000000000000000000000000000000000000000000000000000000000000000000000000000000000000000000000000000000000000000000000000 
	Parameter ap_ST_fsm_state569 bound to: 607'b0000000000000000000000000000000000000000000000000000000000000000000000000000000000000000000000000000000000100000000000000000000000000000000000000000000000000000000000000000000000000000000000000000000000000000000000000000000000000000000000000000000000000000000000000000000000000000000000000000000000000000000000000000000000000000000000000000000000000000000000000000000000000000000000000000000000000000000000000000000000000000000000000000000000000000000000000000000000000000000000000000000000000000000000000000000000000000000000000000000000000000000000000000000000000000000000000000000000000000000000000000000 
	Parameter ap_ST_fsm_state570 bound to: 607'b0000000000000000000000000000000000000000000000000000000000000000000000000000000000000000000000000000000001000000000000000000000000000000000000000000000000000000000000000000000000000000000000000000000000000000000000000000000000000000000000000000000000000000000000000000000000000000000000000000000000000000000000000000000000000000000000000000000000000000000000000000000000000000000000000000000000000000000000000000000000000000000000000000000000000000000000000000000000000000000000000000000000000000000000000000000000000000000000000000000000000000000000000000000000000000000000000000000000000000000000000000000 
	Parameter ap_ST_fsm_state571 bound to: 607'b0000000000000000000000000000000000000000000000000000000000000000000000000000000000000000000000000000000010000000000000000000000000000000000000000000000000000000000000000000000000000000000000000000000000000000000000000000000000000000000000000000000000000000000000000000000000000000000000000000000000000000000000000000000000000000000000000000000000000000000000000000000000000000000000000000000000000000000000000000000000000000000000000000000000000000000000000000000000000000000000000000000000000000000000000000000000000000000000000000000000000000000000000000000000000000000000000000000000000000000000000000000 
	Parameter ap_ST_fsm_state572 bound to: 607'b0000000000000000000000000000000000000000000000000000000000000000000000000000000000000000000000000000000100000000000000000000000000000000000000000000000000000000000000000000000000000000000000000000000000000000000000000000000000000000000000000000000000000000000000000000000000000000000000000000000000000000000000000000000000000000000000000000000000000000000000000000000000000000000000000000000000000000000000000000000000000000000000000000000000000000000000000000000000000000000000000000000000000000000000000000000000000000000000000000000000000000000000000000000000000000000000000000000000000000000000000000000 
	Parameter ap_ST_fsm_state573 bound to: 607'b0000000000000000000000000000000000000000000000000000000000000000000000000000000000000000000000000000001000000000000000000000000000000000000000000000000000000000000000000000000000000000000000000000000000000000000000000000000000000000000000000000000000000000000000000000000000000000000000000000000000000000000000000000000000000000000000000000000000000000000000000000000000000000000000000000000000000000000000000000000000000000000000000000000000000000000000000000000000000000000000000000000000000000000000000000000000000000000000000000000000000000000000000000000000000000000000000000000000000000000000000000000 
	Parameter ap_ST_fsm_state574 bound to: 607'b0000000000000000000000000000000000000000000000000000000000000000000000000000000000000000000000000000010000000000000000000000000000000000000000000000000000000000000000000000000000000000000000000000000000000000000000000000000000000000000000000000000000000000000000000000000000000000000000000000000000000000000000000000000000000000000000000000000000000000000000000000000000000000000000000000000000000000000000000000000000000000000000000000000000000000000000000000000000000000000000000000000000000000000000000000000000000000000000000000000000000000000000000000000000000000000000000000000000000000000000000000000 
	Parameter ap_ST_fsm_state575 bound to: 607'b0000000000000000000000000000000000000000000000000000000000000000000000000000000000000000000000000000100000000000000000000000000000000000000000000000000000000000000000000000000000000000000000000000000000000000000000000000000000000000000000000000000000000000000000000000000000000000000000000000000000000000000000000000000000000000000000000000000000000000000000000000000000000000000000000000000000000000000000000000000000000000000000000000000000000000000000000000000000000000000000000000000000000000000000000000000000000000000000000000000000000000000000000000000000000000000000000000000000000000000000000000000 
	Parameter ap_ST_fsm_state576 bound to: 607'b0000000000000000000000000000000000000000000000000000000000000000000000000000000000000000000000000001000000000000000000000000000000000000000000000000000000000000000000000000000000000000000000000000000000000000000000000000000000000000000000000000000000000000000000000000000000000000000000000000000000000000000000000000000000000000000000000000000000000000000000000000000000000000000000000000000000000000000000000000000000000000000000000000000000000000000000000000000000000000000000000000000000000000000000000000000000000000000000000000000000000000000000000000000000000000000000000000000000000000000000000000000 
	Parameter ap_ST_fsm_state577 bound to: 607'b0000000000000000000000000000000000000000000000000000000000000000000000000000000000000000000000000010000000000000000000000000000000000000000000000000000000000000000000000000000000000000000000000000000000000000000000000000000000000000000000000000000000000000000000000000000000000000000000000000000000000000000000000000000000000000000000000000000000000000000000000000000000000000000000000000000000000000000000000000000000000000000000000000000000000000000000000000000000000000000000000000000000000000000000000000000000000000000000000000000000000000000000000000000000000000000000000000000000000000000000000000000 
	Parameter ap_ST_fsm_state578 bound to: 607'b0000000000000000000000000000000000000000000000000000000000000000000000000000000000000000000000000100000000000000000000000000000000000000000000000000000000000000000000000000000000000000000000000000000000000000000000000000000000000000000000000000000000000000000000000000000000000000000000000000000000000000000000000000000000000000000000000000000000000000000000000000000000000000000000000000000000000000000000000000000000000000000000000000000000000000000000000000000000000000000000000000000000000000000000000000000000000000000000000000000000000000000000000000000000000000000000000000000000000000000000000000000 
	Parameter ap_ST_fsm_state579 bound to: 607'b0000000000000000000000000000000000000000000000000000000000000000000000000000000000000000000000001000000000000000000000000000000000000000000000000000000000000000000000000000000000000000000000000000000000000000000000000000000000000000000000000000000000000000000000000000000000000000000000000000000000000000000000000000000000000000000000000000000000000000000000000000000000000000000000000000000000000000000000000000000000000000000000000000000000000000000000000000000000000000000000000000000000000000000000000000000000000000000000000000000000000000000000000000000000000000000000000000000000000000000000000000000 
	Parameter ap_ST_fsm_state580 bound to: 607'b0000000000000000000000000000000000000000000000000000000000000000000000000000000000000000000000010000000000000000000000000000000000000000000000000000000000000000000000000000000000000000000000000000000000000000000000000000000000000000000000000000000000000000000000000000000000000000000000000000000000000000000000000000000000000000000000000000000000000000000000000000000000000000000000000000000000000000000000000000000000000000000000000000000000000000000000000000000000000000000000000000000000000000000000000000000000000000000000000000000000000000000000000000000000000000000000000000000000000000000000000000000 
	Parameter ap_ST_fsm_state581 bound to: 607'b0000000000000000000000000000000000000000000000000000000000000000000000000000000000000000000000100000000000000000000000000000000000000000000000000000000000000000000000000000000000000000000000000000000000000000000000000000000000000000000000000000000000000000000000000000000000000000000000000000000000000000000000000000000000000000000000000000000000000000000000000000000000000000000000000000000000000000000000000000000000000000000000000000000000000000000000000000000000000000000000000000000000000000000000000000000000000000000000000000000000000000000000000000000000000000000000000000000000000000000000000000000 
	Parameter ap_ST_fsm_state582 bound to: 607'b0000000000000000000000000000000000000000000000000000000000000000000000000000000000000000000001000000000000000000000000000000000000000000000000000000000000000000000000000000000000000000000000000000000000000000000000000000000000000000000000000000000000000000000000000000000000000000000000000000000000000000000000000000000000000000000000000000000000000000000000000000000000000000000000000000000000000000000000000000000000000000000000000000000000000000000000000000000000000000000000000000000000000000000000000000000000000000000000000000000000000000000000000000000000000000000000000000000000000000000000000000000 
	Parameter ap_ST_fsm_state583 bound to: 607'b0000000000000000000000000000000000000000000000000000000000000000000000000000000000000000000010000000000000000000000000000000000000000000000000000000000000000000000000000000000000000000000000000000000000000000000000000000000000000000000000000000000000000000000000000000000000000000000000000000000000000000000000000000000000000000000000000000000000000000000000000000000000000000000000000000000000000000000000000000000000000000000000000000000000000000000000000000000000000000000000000000000000000000000000000000000000000000000000000000000000000000000000000000000000000000000000000000000000000000000000000000000 
	Parameter ap_ST_fsm_state584 bound to: 607'b0000000000000000000000000000000000000000000000000000000000000000000000000000000000000000000100000000000000000000000000000000000000000000000000000000000000000000000000000000000000000000000000000000000000000000000000000000000000000000000000000000000000000000000000000000000000000000000000000000000000000000000000000000000000000000000000000000000000000000000000000000000000000000000000000000000000000000000000000000000000000000000000000000000000000000000000000000000000000000000000000000000000000000000000000000000000000000000000000000000000000000000000000000000000000000000000000000000000000000000000000000000 
	Parameter ap_ST_fsm_state585 bound to: 607'b0000000000000000000000000000000000000000000000000000000000000000000000000000000000000000001000000000000000000000000000000000000000000000000000000000000000000000000000000000000000000000000000000000000000000000000000000000000000000000000000000000000000000000000000000000000000000000000000000000000000000000000000000000000000000000000000000000000000000000000000000000000000000000000000000000000000000000000000000000000000000000000000000000000000000000000000000000000000000000000000000000000000000000000000000000000000000000000000000000000000000000000000000000000000000000000000000000000000000000000000000000000 
	Parameter ap_ST_fsm_state586 bound to: 607'b0000000000000000000000000000000000000000000000000000000000000000000000000000000000000000010000000000000000000000000000000000000000000000000000000000000000000000000000000000000000000000000000000000000000000000000000000000000000000000000000000000000000000000000000000000000000000000000000000000000000000000000000000000000000000000000000000000000000000000000000000000000000000000000000000000000000000000000000000000000000000000000000000000000000000000000000000000000000000000000000000000000000000000000000000000000000000000000000000000000000000000000000000000000000000000000000000000000000000000000000000000000 
	Parameter ap_ST_fsm_state587 bound to: 607'b0000000000000000000000000000000000000000000000000000000000000000000000000000000000000000100000000000000000000000000000000000000000000000000000000000000000000000000000000000000000000000000000000000000000000000000000000000000000000000000000000000000000000000000000000000000000000000000000000000000000000000000000000000000000000000000000000000000000000000000000000000000000000000000000000000000000000000000000000000000000000000000000000000000000000000000000000000000000000000000000000000000000000000000000000000000000000000000000000000000000000000000000000000000000000000000000000000000000000000000000000000000 
	Parameter ap_ST_fsm_state588 bound to: 607'b0000000000000000000000000000000000000000000000000000000000000000000000000000000000000001000000000000000000000000000000000000000000000000000000000000000000000000000000000000000000000000000000000000000000000000000000000000000000000000000000000000000000000000000000000000000000000000000000000000000000000000000000000000000000000000000000000000000000000000000000000000000000000000000000000000000000000000000000000000000000000000000000000000000000000000000000000000000000000000000000000000000000000000000000000000000000000000000000000000000000000000000000000000000000000000000000000000000000000000000000000000000 
	Parameter ap_ST_fsm_state589 bound to: 607'b0000000000000000000000000000000000000000000000000000000000000000000000000000000000000010000000000000000000000000000000000000000000000000000000000000000000000000000000000000000000000000000000000000000000000000000000000000000000000000000000000000000000000000000000000000000000000000000000000000000000000000000000000000000000000000000000000000000000000000000000000000000000000000000000000000000000000000000000000000000000000000000000000000000000000000000000000000000000000000000000000000000000000000000000000000000000000000000000000000000000000000000000000000000000000000000000000000000000000000000000000000000 
	Parameter ap_ST_fsm_state590 bound to: 607'b0000000000000000000000000000000000000000000000000000000000000000000000000000000000000100000000000000000000000000000000000000000000000000000000000000000000000000000000000000000000000000000000000000000000000000000000000000000000000000000000000000000000000000000000000000000000000000000000000000000000000000000000000000000000000000000000000000000000000000000000000000000000000000000000000000000000000000000000000000000000000000000000000000000000000000000000000000000000000000000000000000000000000000000000000000000000000000000000000000000000000000000000000000000000000000000000000000000000000000000000000000000 
	Parameter ap_ST_fsm_state591 bound to: 607'b0000000000000000000000000000000000000000000000000000000000000000000000000000000000001000000000000000000000000000000000000000000000000000000000000000000000000000000000000000000000000000000000000000000000000000000000000000000000000000000000000000000000000000000000000000000000000000000000000000000000000000000000000000000000000000000000000000000000000000000000000000000000000000000000000000000000000000000000000000000000000000000000000000000000000000000000000000000000000000000000000000000000000000000000000000000000000000000000000000000000000000000000000000000000000000000000000000000000000000000000000000000 
	Parameter ap_ST_fsm_state592 bound to: 607'b0000000000000000000000000000000000000000000000000000000000000000000000000000000000010000000000000000000000000000000000000000000000000000000000000000000000000000000000000000000000000000000000000000000000000000000000000000000000000000000000000000000000000000000000000000000000000000000000000000000000000000000000000000000000000000000000000000000000000000000000000000000000000000000000000000000000000000000000000000000000000000000000000000000000000000000000000000000000000000000000000000000000000000000000000000000000000000000000000000000000000000000000000000000000000000000000000000000000000000000000000000000 
	Parameter ap_ST_fsm_state593 bound to: 607'b0000000000000000000000000000000000000000000000000000000000000000000000000000000000100000000000000000000000000000000000000000000000000000000000000000000000000000000000000000000000000000000000000000000000000000000000000000000000000000000000000000000000000000000000000000000000000000000000000000000000000000000000000000000000000000000000000000000000000000000000000000000000000000000000000000000000000000000000000000000000000000000000000000000000000000000000000000000000000000000000000000000000000000000000000000000000000000000000000000000000000000000000000000000000000000000000000000000000000000000000000000000 
	Parameter ap_ST_fsm_state594 bound to: 607'b0000000000000000000000000000000000000000000000000000000000000000000000000000000001000000000000000000000000000000000000000000000000000000000000000000000000000000000000000000000000000000000000000000000000000000000000000000000000000000000000000000000000000000000000000000000000000000000000000000000000000000000000000000000000000000000000000000000000000000000000000000000000000000000000000000000000000000000000000000000000000000000000000000000000000000000000000000000000000000000000000000000000000000000000000000000000000000000000000000000000000000000000000000000000000000000000000000000000000000000000000000000 
	Parameter ap_ST_fsm_state595 bound to: 607'b0000000000000000000000000000000000000000000000000000000000000000000000000000000010000000000000000000000000000000000000000000000000000000000000000000000000000000000000000000000000000000000000000000000000000000000000000000000000000000000000000000000000000000000000000000000000000000000000000000000000000000000000000000000000000000000000000000000000000000000000000000000000000000000000000000000000000000000000000000000000000000000000000000000000000000000000000000000000000000000000000000000000000000000000000000000000000000000000000000000000000000000000000000000000000000000000000000000000000000000000000000000 
	Parameter ap_ST_fsm_state596 bound to: 607'b0000000000000000000000000000000000000000000000000000000000000000000000000000000100000000000000000000000000000000000000000000000000000000000000000000000000000000000000000000000000000000000000000000000000000000000000000000000000000000000000000000000000000000000000000000000000000000000000000000000000000000000000000000000000000000000000000000000000000000000000000000000000000000000000000000000000000000000000000000000000000000000000000000000000000000000000000000000000000000000000000000000000000000000000000000000000000000000000000000000000000000000000000000000000000000000000000000000000000000000000000000000 
	Parameter ap_ST_fsm_state597 bound to: 607'b0000000000000000000000000000000000000000000000000000000000000000000000000000001000000000000000000000000000000000000000000000000000000000000000000000000000000000000000000000000000000000000000000000000000000000000000000000000000000000000000000000000000000000000000000000000000000000000000000000000000000000000000000000000000000000000000000000000000000000000000000000000000000000000000000000000000000000000000000000000000000000000000000000000000000000000000000000000000000000000000000000000000000000000000000000000000000000000000000000000000000000000000000000000000000000000000000000000000000000000000000000000 
	Parameter ap_ST_fsm_state598 bound to: 607'b0000000000000000000000000000000000000000000000000000000000000000000000000000010000000000000000000000000000000000000000000000000000000000000000000000000000000000000000000000000000000000000000000000000000000000000000000000000000000000000000000000000000000000000000000000000000000000000000000000000000000000000000000000000000000000000000000000000000000000000000000000000000000000000000000000000000000000000000000000000000000000000000000000000000000000000000000000000000000000000000000000000000000000000000000000000000000000000000000000000000000000000000000000000000000000000000000000000000000000000000000000000 
	Parameter ap_ST_fsm_state599 bound to: 607'b0000000000000000000000000000000000000000000000000000000000000000000000000000100000000000000000000000000000000000000000000000000000000000000000000000000000000000000000000000000000000000000000000000000000000000000000000000000000000000000000000000000000000000000000000000000000000000000000000000000000000000000000000000000000000000000000000000000000000000000000000000000000000000000000000000000000000000000000000000000000000000000000000000000000000000000000000000000000000000000000000000000000000000000000000000000000000000000000000000000000000000000000000000000000000000000000000000000000000000000000000000000 
	Parameter ap_ST_fsm_state600 bound to: 607'b0000000000000000000000000000000000000000000000000000000000000000000000000001000000000000000000000000000000000000000000000000000000000000000000000000000000000000000000000000000000000000000000000000000000000000000000000000000000000000000000000000000000000000000000000000000000000000000000000000000000000000000000000000000000000000000000000000000000000000000000000000000000000000000000000000000000000000000000000000000000000000000000000000000000000000000000000000000000000000000000000000000000000000000000000000000000000000000000000000000000000000000000000000000000000000000000000000000000000000000000000000000 
	Parameter ap_ST_fsm_state601 bound to: 607'b0000000000000000000000000000000000000000000000000000000000000000000000000010000000000000000000000000000000000000000000000000000000000000000000000000000000000000000000000000000000000000000000000000000000000000000000000000000000000000000000000000000000000000000000000000000000000000000000000000000000000000000000000000000000000000000000000000000000000000000000000000000000000000000000000000000000000000000000000000000000000000000000000000000000000000000000000000000000000000000000000000000000000000000000000000000000000000000000000000000000000000000000000000000000000000000000000000000000000000000000000000000 
	Parameter ap_ST_fsm_state602 bound to: 607'b0000000000000000000000000000000000000000000000000000000000000000000000000100000000000000000000000000000000000000000000000000000000000000000000000000000000000000000000000000000000000000000000000000000000000000000000000000000000000000000000000000000000000000000000000000000000000000000000000000000000000000000000000000000000000000000000000000000000000000000000000000000000000000000000000000000000000000000000000000000000000000000000000000000000000000000000000000000000000000000000000000000000000000000000000000000000000000000000000000000000000000000000000000000000000000000000000000000000000000000000000000000 
	Parameter ap_ST_fsm_state603 bound to: 607'b0000000000000000000000000000000000000000000000000000000000000000000000001000000000000000000000000000000000000000000000000000000000000000000000000000000000000000000000000000000000000000000000000000000000000000000000000000000000000000000000000000000000000000000000000000000000000000000000000000000000000000000000000000000000000000000000000000000000000000000000000000000000000000000000000000000000000000000000000000000000000000000000000000000000000000000000000000000000000000000000000000000000000000000000000000000000000000000000000000000000000000000000000000000000000000000000000000000000000000000000000000000 
	Parameter ap_ST_fsm_state604 bound to: 607'b0000000000000000000000000000000000000000000000000000000000000000000000010000000000000000000000000000000000000000000000000000000000000000000000000000000000000000000000000000000000000000000000000000000000000000000000000000000000000000000000000000000000000000000000000000000000000000000000000000000000000000000000000000000000000000000000000000000000000000000000000000000000000000000000000000000000000000000000000000000000000000000000000000000000000000000000000000000000000000000000000000000000000000000000000000000000000000000000000000000000000000000000000000000000000000000000000000000000000000000000000000000 
	Parameter ap_ST_fsm_state605 bound to: 607'b0000000000000000000000000000000000000000000000000000000000000000000000100000000000000000000000000000000000000000000000000000000000000000000000000000000000000000000000000000000000000000000000000000000000000000000000000000000000000000000000000000000000000000000000000000000000000000000000000000000000000000000000000000000000000000000000000000000000000000000000000000000000000000000000000000000000000000000000000000000000000000000000000000000000000000000000000000000000000000000000000000000000000000000000000000000000000000000000000000000000000000000000000000000000000000000000000000000000000000000000000000000 
	Parameter ap_ST_fsm_state606 bound to: 607'b0000000000000000000000000000000000000000000000000000000000000000000001000000000000000000000000000000000000000000000000000000000000000000000000000000000000000000000000000000000000000000000000000000000000000000000000000000000000000000000000000000000000000000000000000000000000000000000000000000000000000000000000000000000000000000000000000000000000000000000000000000000000000000000000000000000000000000000000000000000000000000000000000000000000000000000000000000000000000000000000000000000000000000000000000000000000000000000000000000000000000000000000000000000000000000000000000000000000000000000000000000000 
	Parameter ap_ST_fsm_state607 bound to: 607'b0000000000000000000000000000000000000000000000000000000000000000000010000000000000000000000000000000000000000000000000000000000000000000000000000000000000000000000000000000000000000000000000000000000000000000000000000000000000000000000000000000000000000000000000000000000000000000000000000000000000000000000000000000000000000000000000000000000000000000000000000000000000000000000000000000000000000000000000000000000000000000000000000000000000000000000000000000000000000000000000000000000000000000000000000000000000000000000000000000000000000000000000000000000000000000000000000000000000000000000000000000000 
	Parameter ap_ST_fsm_state608 bound to: 607'b0000000000000000000000000000000000000000000000000000000000000000000100000000000000000000000000000000000000000000000000000000000000000000000000000000000000000000000000000000000000000000000000000000000000000000000000000000000000000000000000000000000000000000000000000000000000000000000000000000000000000000000000000000000000000000000000000000000000000000000000000000000000000000000000000000000000000000000000000000000000000000000000000000000000000000000000000000000000000000000000000000000000000000000000000000000000000000000000000000000000000000000000000000000000000000000000000000000000000000000000000000000 
	Parameter ap_ST_fsm_state609 bound to: 607'b0000000000000000000000000000000000000000000000000000000000000000001000000000000000000000000000000000000000000000000000000000000000000000000000000000000000000000000000000000000000000000000000000000000000000000000000000000000000000000000000000000000000000000000000000000000000000000000000000000000000000000000000000000000000000000000000000000000000000000000000000000000000000000000000000000000000000000000000000000000000000000000000000000000000000000000000000000000000000000000000000000000000000000000000000000000000000000000000000000000000000000000000000000000000000000000000000000000000000000000000000000000 
	Parameter ap_ST_fsm_state610 bound to: 607'b0000000000000000000000000000000000000000000000000000000000000000010000000000000000000000000000000000000000000000000000000000000000000000000000000000000000000000000000000000000000000000000000000000000000000000000000000000000000000000000000000000000000000000000000000000000000000000000000000000000000000000000000000000000000000000000000000000000000000000000000000000000000000000000000000000000000000000000000000000000000000000000000000000000000000000000000000000000000000000000000000000000000000000000000000000000000000000000000000000000000000000000000000000000000000000000000000000000000000000000000000000000 
	Parameter ap_ST_fsm_state611 bound to: 607'b0000000000000000000000000000000000000000000000000000000000000000100000000000000000000000000000000000000000000000000000000000000000000000000000000000000000000000000000000000000000000000000000000000000000000000000000000000000000000000000000000000000000000000000000000000000000000000000000000000000000000000000000000000000000000000000000000000000000000000000000000000000000000000000000000000000000000000000000000000000000000000000000000000000000000000000000000000000000000000000000000000000000000000000000000000000000000000000000000000000000000000000000000000000000000000000000000000000000000000000000000000000 
	Parameter ap_ST_fsm_state612 bound to: 607'b0000000000000000000000000000000000000000000000000000000000000001000000000000000000000000000000000000000000000000000000000000000000000000000000000000000000000000000000000000000000000000000000000000000000000000000000000000000000000000000000000000000000000000000000000000000000000000000000000000000000000000000000000000000000000000000000000000000000000000000000000000000000000000000000000000000000000000000000000000000000000000000000000000000000000000000000000000000000000000000000000000000000000000000000000000000000000000000000000000000000000000000000000000000000000000000000000000000000000000000000000000000 
	Parameter ap_ST_fsm_state613 bound to: 607'b0000000000000000000000000000000000000000000000000000000000000010000000000000000000000000000000000000000000000000000000000000000000000000000000000000000000000000000000000000000000000000000000000000000000000000000000000000000000000000000000000000000000000000000000000000000000000000000000000000000000000000000000000000000000000000000000000000000000000000000000000000000000000000000000000000000000000000000000000000000000000000000000000000000000000000000000000000000000000000000000000000000000000000000000000000000000000000000000000000000000000000000000000000000000000000000000000000000000000000000000000000000 
	Parameter ap_ST_fsm_state614 bound to: 607'b0000000000000000000000000000000000000000000000000000000000000100000000000000000000000000000000000000000000000000000000000000000000000000000000000000000000000000000000000000000000000000000000000000000000000000000000000000000000000000000000000000000000000000000000000000000000000000000000000000000000000000000000000000000000000000000000000000000000000000000000000000000000000000000000000000000000000000000000000000000000000000000000000000000000000000000000000000000000000000000000000000000000000000000000000000000000000000000000000000000000000000000000000000000000000000000000000000000000000000000000000000000 
	Parameter ap_ST_fsm_state615 bound to: 607'b0000000000000000000000000000000000000000000000000000000000001000000000000000000000000000000000000000000000000000000000000000000000000000000000000000000000000000000000000000000000000000000000000000000000000000000000000000000000000000000000000000000000000000000000000000000000000000000000000000000000000000000000000000000000000000000000000000000000000000000000000000000000000000000000000000000000000000000000000000000000000000000000000000000000000000000000000000000000000000000000000000000000000000000000000000000000000000000000000000000000000000000000000000000000000000000000000000000000000000000000000000000 
	Parameter ap_ST_fsm_state616 bound to: 607'b0000000000000000000000000000000000000000000000000000000000010000000000000000000000000000000000000000000000000000000000000000000000000000000000000000000000000000000000000000000000000000000000000000000000000000000000000000000000000000000000000000000000000000000000000000000000000000000000000000000000000000000000000000000000000000000000000000000000000000000000000000000000000000000000000000000000000000000000000000000000000000000000000000000000000000000000000000000000000000000000000000000000000000000000000000000000000000000000000000000000000000000000000000000000000000000000000000000000000000000000000000000 
	Parameter ap_ST_fsm_state617 bound to: 607'b0000000000000000000000000000000000000000000000000000000000100000000000000000000000000000000000000000000000000000000000000000000000000000000000000000000000000000000000000000000000000000000000000000000000000000000000000000000000000000000000000000000000000000000000000000000000000000000000000000000000000000000000000000000000000000000000000000000000000000000000000000000000000000000000000000000000000000000000000000000000000000000000000000000000000000000000000000000000000000000000000000000000000000000000000000000000000000000000000000000000000000000000000000000000000000000000000000000000000000000000000000000 
	Parameter ap_ST_fsm_state618 bound to: 607'b0000000000000000000000000000000000000000000000000000000001000000000000000000000000000000000000000000000000000000000000000000000000000000000000000000000000000000000000000000000000000000000000000000000000000000000000000000000000000000000000000000000000000000000000000000000000000000000000000000000000000000000000000000000000000000000000000000000000000000000000000000000000000000000000000000000000000000000000000000000000000000000000000000000000000000000000000000000000000000000000000000000000000000000000000000000000000000000000000000000000000000000000000000000000000000000000000000000000000000000000000000000 
	Parameter ap_ST_fsm_state619 bound to: 607'b0000000000000000000000000000000000000000000000000000000010000000000000000000000000000000000000000000000000000000000000000000000000000000000000000000000000000000000000000000000000000000000000000000000000000000000000000000000000000000000000000000000000000000000000000000000000000000000000000000000000000000000000000000000000000000000000000000000000000000000000000000000000000000000000000000000000000000000000000000000000000000000000000000000000000000000000000000000000000000000000000000000000000000000000000000000000000000000000000000000000000000000000000000000000000000000000000000000000000000000000000000000 
	Parameter ap_ST_fsm_state620 bound to: 607'b0000000000000000000000000000000000000000000000000000000100000000000000000000000000000000000000000000000000000000000000000000000000000000000000000000000000000000000000000000000000000000000000000000000000000000000000000000000000000000000000000000000000000000000000000000000000000000000000000000000000000000000000000000000000000000000000000000000000000000000000000000000000000000000000000000000000000000000000000000000000000000000000000000000000000000000000000000000000000000000000000000000000000000000000000000000000000000000000000000000000000000000000000000000000000000000000000000000000000000000000000000000 
	Parameter ap_ST_fsm_state621 bound to: 607'b0000000000000000000000000000000000000000000000000000001000000000000000000000000000000000000000000000000000000000000000000000000000000000000000000000000000000000000000000000000000000000000000000000000000000000000000000000000000000000000000000000000000000000000000000000000000000000000000000000000000000000000000000000000000000000000000000000000000000000000000000000000000000000000000000000000000000000000000000000000000000000000000000000000000000000000000000000000000000000000000000000000000000000000000000000000000000000000000000000000000000000000000000000000000000000000000000000000000000000000000000000000 
	Parameter ap_ST_fsm_state622 bound to: 607'b0000000000000000000000000000000000000000000000000000010000000000000000000000000000000000000000000000000000000000000000000000000000000000000000000000000000000000000000000000000000000000000000000000000000000000000000000000000000000000000000000000000000000000000000000000000000000000000000000000000000000000000000000000000000000000000000000000000000000000000000000000000000000000000000000000000000000000000000000000000000000000000000000000000000000000000000000000000000000000000000000000000000000000000000000000000000000000000000000000000000000000000000000000000000000000000000000000000000000000000000000000000 
	Parameter ap_ST_fsm_state623 bound to: 607'b0000000000000000000000000000000000000000000000000000100000000000000000000000000000000000000000000000000000000000000000000000000000000000000000000000000000000000000000000000000000000000000000000000000000000000000000000000000000000000000000000000000000000000000000000000000000000000000000000000000000000000000000000000000000000000000000000000000000000000000000000000000000000000000000000000000000000000000000000000000000000000000000000000000000000000000000000000000000000000000000000000000000000000000000000000000000000000000000000000000000000000000000000000000000000000000000000000000000000000000000000000000 
	Parameter ap_ST_fsm_state624 bound to: 607'b0000000000000000000000000000000000000000000000000001000000000000000000000000000000000000000000000000000000000000000000000000000000000000000000000000000000000000000000000000000000000000000000000000000000000000000000000000000000000000000000000000000000000000000000000000000000000000000000000000000000000000000000000000000000000000000000000000000000000000000000000000000000000000000000000000000000000000000000000000000000000000000000000000000000000000000000000000000000000000000000000000000000000000000000000000000000000000000000000000000000000000000000000000000000000000000000000000000000000000000000000000000 
	Parameter ap_ST_fsm_state625 bound to: 607'b0000000000000000000000000000000000000000000000000010000000000000000000000000000000000000000000000000000000000000000000000000000000000000000000000000000000000000000000000000000000000000000000000000000000000000000000000000000000000000000000000000000000000000000000000000000000000000000000000000000000000000000000000000000000000000000000000000000000000000000000000000000000000000000000000000000000000000000000000000000000000000000000000000000000000000000000000000000000000000000000000000000000000000000000000000000000000000000000000000000000000000000000000000000000000000000000000000000000000000000000000000000 
	Parameter ap_ST_fsm_state626 bound to: 607'b0000000000000000000000000000000000000000000000000100000000000000000000000000000000000000000000000000000000000000000000000000000000000000000000000000000000000000000000000000000000000000000000000000000000000000000000000000000000000000000000000000000000000000000000000000000000000000000000000000000000000000000000000000000000000000000000000000000000000000000000000000000000000000000000000000000000000000000000000000000000000000000000000000000000000000000000000000000000000000000000000000000000000000000000000000000000000000000000000000000000000000000000000000000000000000000000000000000000000000000000000000000 
	Parameter ap_ST_fsm_state627 bound to: 607'b0000000000000000000000000000000000000000000000001000000000000000000000000000000000000000000000000000000000000000000000000000000000000000000000000000000000000000000000000000000000000000000000000000000000000000000000000000000000000000000000000000000000000000000000000000000000000000000000000000000000000000000000000000000000000000000000000000000000000000000000000000000000000000000000000000000000000000000000000000000000000000000000000000000000000000000000000000000000000000000000000000000000000000000000000000000000000000000000000000000000000000000000000000000000000000000000000000000000000000000000000000000 
	Parameter ap_ST_fsm_state628 bound to: 607'b0000000000000000000000000000000000000000000000010000000000000000000000000000000000000000000000000000000000000000000000000000000000000000000000000000000000000000000000000000000000000000000000000000000000000000000000000000000000000000000000000000000000000000000000000000000000000000000000000000000000000000000000000000000000000000000000000000000000000000000000000000000000000000000000000000000000000000000000000000000000000000000000000000000000000000000000000000000000000000000000000000000000000000000000000000000000000000000000000000000000000000000000000000000000000000000000000000000000000000000000000000000 
	Parameter ap_ST_fsm_state629 bound to: 607'b0000000000000000000000000000000000000000000000100000000000000000000000000000000000000000000000000000000000000000000000000000000000000000000000000000000000000000000000000000000000000000000000000000000000000000000000000000000000000000000000000000000000000000000000000000000000000000000000000000000000000000000000000000000000000000000000000000000000000000000000000000000000000000000000000000000000000000000000000000000000000000000000000000000000000000000000000000000000000000000000000000000000000000000000000000000000000000000000000000000000000000000000000000000000000000000000000000000000000000000000000000000 
	Parameter ap_ST_fsm_state630 bound to: 607'b0000000000000000000000000000000000000000000001000000000000000000000000000000000000000000000000000000000000000000000000000000000000000000000000000000000000000000000000000000000000000000000000000000000000000000000000000000000000000000000000000000000000000000000000000000000000000000000000000000000000000000000000000000000000000000000000000000000000000000000000000000000000000000000000000000000000000000000000000000000000000000000000000000000000000000000000000000000000000000000000000000000000000000000000000000000000000000000000000000000000000000000000000000000000000000000000000000000000000000000000000000000 
	Parameter ap_ST_fsm_state631 bound to: 607'b0000000000000000000000000000000000000000000010000000000000000000000000000000000000000000000000000000000000000000000000000000000000000000000000000000000000000000000000000000000000000000000000000000000000000000000000000000000000000000000000000000000000000000000000000000000000000000000000000000000000000000000000000000000000000000000000000000000000000000000000000000000000000000000000000000000000000000000000000000000000000000000000000000000000000000000000000000000000000000000000000000000000000000000000000000000000000000000000000000000000000000000000000000000000000000000000000000000000000000000000000000000 
	Parameter ap_ST_fsm_state632 bound to: 607'b0000000000000000000000000000000000000000000100000000000000000000000000000000000000000000000000000000000000000000000000000000000000000000000000000000000000000000000000000000000000000000000000000000000000000000000000000000000000000000000000000000000000000000000000000000000000000000000000000000000000000000000000000000000000000000000000000000000000000000000000000000000000000000000000000000000000000000000000000000000000000000000000000000000000000000000000000000000000000000000000000000000000000000000000000000000000000000000000000000000000000000000000000000000000000000000000000000000000000000000000000000000 
	Parameter ap_ST_fsm_state633 bound to: 607'b0000000000000000000000000000000000000000001000000000000000000000000000000000000000000000000000000000000000000000000000000000000000000000000000000000000000000000000000000000000000000000000000000000000000000000000000000000000000000000000000000000000000000000000000000000000000000000000000000000000000000000000000000000000000000000000000000000000000000000000000000000000000000000000000000000000000000000000000000000000000000000000000000000000000000000000000000000000000000000000000000000000000000000000000000000000000000000000000000000000000000000000000000000000000000000000000000000000000000000000000000000000 
	Parameter ap_ST_fsm_state634 bound to: 607'b0000000000000000000000000000000000000000010000000000000000000000000000000000000000000000000000000000000000000000000000000000000000000000000000000000000000000000000000000000000000000000000000000000000000000000000000000000000000000000000000000000000000000000000000000000000000000000000000000000000000000000000000000000000000000000000000000000000000000000000000000000000000000000000000000000000000000000000000000000000000000000000000000000000000000000000000000000000000000000000000000000000000000000000000000000000000000000000000000000000000000000000000000000000000000000000000000000000000000000000000000000000 
	Parameter ap_ST_fsm_state635 bound to: 607'b0000000000000000000000000000000000000000100000000000000000000000000000000000000000000000000000000000000000000000000000000000000000000000000000000000000000000000000000000000000000000000000000000000000000000000000000000000000000000000000000000000000000000000000000000000000000000000000000000000000000000000000000000000000000000000000000000000000000000000000000000000000000000000000000000000000000000000000000000000000000000000000000000000000000000000000000000000000000000000000000000000000000000000000000000000000000000000000000000000000000000000000000000000000000000000000000000000000000000000000000000000000 
	Parameter ap_ST_fsm_state636 bound to: 607'b0000000000000000000000000000000000000001000000000000000000000000000000000000000000000000000000000000000000000000000000000000000000000000000000000000000000000000000000000000000000000000000000000000000000000000000000000000000000000000000000000000000000000000000000000000000000000000000000000000000000000000000000000000000000000000000000000000000000000000000000000000000000000000000000000000000000000000000000000000000000000000000000000000000000000000000000000000000000000000000000000000000000000000000000000000000000000000000000000000000000000000000000000000000000000000000000000000000000000000000000000000000 
	Parameter ap_ST_fsm_state637 bound to: 607'b0000000000000000000000000000000000000010000000000000000000000000000000000000000000000000000000000000000000000000000000000000000000000000000000000000000000000000000000000000000000000000000000000000000000000000000000000000000000000000000000000000000000000000000000000000000000000000000000000000000000000000000000000000000000000000000000000000000000000000000000000000000000000000000000000000000000000000000000000000000000000000000000000000000000000000000000000000000000000000000000000000000000000000000000000000000000000000000000000000000000000000000000000000000000000000000000000000000000000000000000000000000 
	Parameter ap_ST_fsm_state638 bound to: 607'b0000000000000000000000000000000000000100000000000000000000000000000000000000000000000000000000000000000000000000000000000000000000000000000000000000000000000000000000000000000000000000000000000000000000000000000000000000000000000000000000000000000000000000000000000000000000000000000000000000000000000000000000000000000000000000000000000000000000000000000000000000000000000000000000000000000000000000000000000000000000000000000000000000000000000000000000000000000000000000000000000000000000000000000000000000000000000000000000000000000000000000000000000000000000000000000000000000000000000000000000000000000 
	Parameter ap_ST_fsm_state639 bound to: 607'b0000000000000000000000000000000000001000000000000000000000000000000000000000000000000000000000000000000000000000000000000000000000000000000000000000000000000000000000000000000000000000000000000000000000000000000000000000000000000000000000000000000000000000000000000000000000000000000000000000000000000000000000000000000000000000000000000000000000000000000000000000000000000000000000000000000000000000000000000000000000000000000000000000000000000000000000000000000000000000000000000000000000000000000000000000000000000000000000000000000000000000000000000000000000000000000000000000000000000000000000000000000 
	Parameter ap_ST_fsm_state640 bound to: 607'b0000000000000000000000000000000000010000000000000000000000000000000000000000000000000000000000000000000000000000000000000000000000000000000000000000000000000000000000000000000000000000000000000000000000000000000000000000000000000000000000000000000000000000000000000000000000000000000000000000000000000000000000000000000000000000000000000000000000000000000000000000000000000000000000000000000000000000000000000000000000000000000000000000000000000000000000000000000000000000000000000000000000000000000000000000000000000000000000000000000000000000000000000000000000000000000000000000000000000000000000000000000 
	Parameter ap_ST_fsm_state641 bound to: 607'b0000000000000000000000000000000000100000000000000000000000000000000000000000000000000000000000000000000000000000000000000000000000000000000000000000000000000000000000000000000000000000000000000000000000000000000000000000000000000000000000000000000000000000000000000000000000000000000000000000000000000000000000000000000000000000000000000000000000000000000000000000000000000000000000000000000000000000000000000000000000000000000000000000000000000000000000000000000000000000000000000000000000000000000000000000000000000000000000000000000000000000000000000000000000000000000000000000000000000000000000000000000 
	Parameter ap_ST_fsm_state642 bound to: 607'b0000000000000000000000000000000001000000000000000000000000000000000000000000000000000000000000000000000000000000000000000000000000000000000000000000000000000000000000000000000000000000000000000000000000000000000000000000000000000000000000000000000000000000000000000000000000000000000000000000000000000000000000000000000000000000000000000000000000000000000000000000000000000000000000000000000000000000000000000000000000000000000000000000000000000000000000000000000000000000000000000000000000000000000000000000000000000000000000000000000000000000000000000000000000000000000000000000000000000000000000000000000 
	Parameter ap_ST_fsm_state643 bound to: 607'b0000000000000000000000000000000010000000000000000000000000000000000000000000000000000000000000000000000000000000000000000000000000000000000000000000000000000000000000000000000000000000000000000000000000000000000000000000000000000000000000000000000000000000000000000000000000000000000000000000000000000000000000000000000000000000000000000000000000000000000000000000000000000000000000000000000000000000000000000000000000000000000000000000000000000000000000000000000000000000000000000000000000000000000000000000000000000000000000000000000000000000000000000000000000000000000000000000000000000000000000000000000 
	Parameter ap_ST_fsm_state644 bound to: 607'b0000000000000000000000000000000100000000000000000000000000000000000000000000000000000000000000000000000000000000000000000000000000000000000000000000000000000000000000000000000000000000000000000000000000000000000000000000000000000000000000000000000000000000000000000000000000000000000000000000000000000000000000000000000000000000000000000000000000000000000000000000000000000000000000000000000000000000000000000000000000000000000000000000000000000000000000000000000000000000000000000000000000000000000000000000000000000000000000000000000000000000000000000000000000000000000000000000000000000000000000000000000 
	Parameter ap_ST_fsm_state645 bound to: 607'b0000000000000000000000000000001000000000000000000000000000000000000000000000000000000000000000000000000000000000000000000000000000000000000000000000000000000000000000000000000000000000000000000000000000000000000000000000000000000000000000000000000000000000000000000000000000000000000000000000000000000000000000000000000000000000000000000000000000000000000000000000000000000000000000000000000000000000000000000000000000000000000000000000000000000000000000000000000000000000000000000000000000000000000000000000000000000000000000000000000000000000000000000000000000000000000000000000000000000000000000000000000 
	Parameter ap_ST_fsm_state646 bound to: 607'b0000000000000000000000000000010000000000000000000000000000000000000000000000000000000000000000000000000000000000000000000000000000000000000000000000000000000000000000000000000000000000000000000000000000000000000000000000000000000000000000000000000000000000000000000000000000000000000000000000000000000000000000000000000000000000000000000000000000000000000000000000000000000000000000000000000000000000000000000000000000000000000000000000000000000000000000000000000000000000000000000000000000000000000000000000000000000000000000000000000000000000000000000000000000000000000000000000000000000000000000000000000 
	Parameter ap_ST_fsm_state647 bound to: 607'b0000000000000000000000000000100000000000000000000000000000000000000000000000000000000000000000000000000000000000000000000000000000000000000000000000000000000000000000000000000000000000000000000000000000000000000000000000000000000000000000000000000000000000000000000000000000000000000000000000000000000000000000000000000000000000000000000000000000000000000000000000000000000000000000000000000000000000000000000000000000000000000000000000000000000000000000000000000000000000000000000000000000000000000000000000000000000000000000000000000000000000000000000000000000000000000000000000000000000000000000000000000 
	Parameter ap_ST_fsm_state648 bound to: 607'b0000000000000000000000000001000000000000000000000000000000000000000000000000000000000000000000000000000000000000000000000000000000000000000000000000000000000000000000000000000000000000000000000000000000000000000000000000000000000000000000000000000000000000000000000000000000000000000000000000000000000000000000000000000000000000000000000000000000000000000000000000000000000000000000000000000000000000000000000000000000000000000000000000000000000000000000000000000000000000000000000000000000000000000000000000000000000000000000000000000000000000000000000000000000000000000000000000000000000000000000000000000 
	Parameter ap_ST_fsm_state649 bound to: 607'b0000000000000000000000000010000000000000000000000000000000000000000000000000000000000000000000000000000000000000000000000000000000000000000000000000000000000000000000000000000000000000000000000000000000000000000000000000000000000000000000000000000000000000000000000000000000000000000000000000000000000000000000000000000000000000000000000000000000000000000000000000000000000000000000000000000000000000000000000000000000000000000000000000000000000000000000000000000000000000000000000000000000000000000000000000000000000000000000000000000000000000000000000000000000000000000000000000000000000000000000000000000 
	Parameter ap_ST_fsm_state650 bound to: 607'b0000000000000000000000000100000000000000000000000000000000000000000000000000000000000000000000000000000000000000000000000000000000000000000000000000000000000000000000000000000000000000000000000000000000000000000000000000000000000000000000000000000000000000000000000000000000000000000000000000000000000000000000000000000000000000000000000000000000000000000000000000000000000000000000000000000000000000000000000000000000000000000000000000000000000000000000000000000000000000000000000000000000000000000000000000000000000000000000000000000000000000000000000000000000000000000000000000000000000000000000000000000 
	Parameter ap_ST_fsm_state651 bound to: 607'b0000000000000000000000001000000000000000000000000000000000000000000000000000000000000000000000000000000000000000000000000000000000000000000000000000000000000000000000000000000000000000000000000000000000000000000000000000000000000000000000000000000000000000000000000000000000000000000000000000000000000000000000000000000000000000000000000000000000000000000000000000000000000000000000000000000000000000000000000000000000000000000000000000000000000000000000000000000000000000000000000000000000000000000000000000000000000000000000000000000000000000000000000000000000000000000000000000000000000000000000000000000 
	Parameter ap_ST_fsm_state652 bound to: 607'b0000000000000000000000010000000000000000000000000000000000000000000000000000000000000000000000000000000000000000000000000000000000000000000000000000000000000000000000000000000000000000000000000000000000000000000000000000000000000000000000000000000000000000000000000000000000000000000000000000000000000000000000000000000000000000000000000000000000000000000000000000000000000000000000000000000000000000000000000000000000000000000000000000000000000000000000000000000000000000000000000000000000000000000000000000000000000000000000000000000000000000000000000000000000000000000000000000000000000000000000000000000 
	Parameter ap_ST_fsm_state653 bound to: 607'b0000000000000000000000100000000000000000000000000000000000000000000000000000000000000000000000000000000000000000000000000000000000000000000000000000000000000000000000000000000000000000000000000000000000000000000000000000000000000000000000000000000000000000000000000000000000000000000000000000000000000000000000000000000000000000000000000000000000000000000000000000000000000000000000000000000000000000000000000000000000000000000000000000000000000000000000000000000000000000000000000000000000000000000000000000000000000000000000000000000000000000000000000000000000000000000000000000000000000000000000000000000 
	Parameter ap_ST_fsm_state654 bound to: 607'b0000000000000000000001000000000000000000000000000000000000000000000000000000000000000000000000000000000000000000000000000000000000000000000000000000000000000000000000000000000000000000000000000000000000000000000000000000000000000000000000000000000000000000000000000000000000000000000000000000000000000000000000000000000000000000000000000000000000000000000000000000000000000000000000000000000000000000000000000000000000000000000000000000000000000000000000000000000000000000000000000000000000000000000000000000000000000000000000000000000000000000000000000000000000000000000000000000000000000000000000000000000 
	Parameter ap_ST_fsm_state655 bound to: 607'b0000000000000000000010000000000000000000000000000000000000000000000000000000000000000000000000000000000000000000000000000000000000000000000000000000000000000000000000000000000000000000000000000000000000000000000000000000000000000000000000000000000000000000000000000000000000000000000000000000000000000000000000000000000000000000000000000000000000000000000000000000000000000000000000000000000000000000000000000000000000000000000000000000000000000000000000000000000000000000000000000000000000000000000000000000000000000000000000000000000000000000000000000000000000000000000000000000000000000000000000000000000 
	Parameter ap_ST_fsm_state656 bound to: 607'b0000000000000000000100000000000000000000000000000000000000000000000000000000000000000000000000000000000000000000000000000000000000000000000000000000000000000000000000000000000000000000000000000000000000000000000000000000000000000000000000000000000000000000000000000000000000000000000000000000000000000000000000000000000000000000000000000000000000000000000000000000000000000000000000000000000000000000000000000000000000000000000000000000000000000000000000000000000000000000000000000000000000000000000000000000000000000000000000000000000000000000000000000000000000000000000000000000000000000000000000000000000 
	Parameter ap_ST_fsm_state657 bound to: 607'b0000000000000000001000000000000000000000000000000000000000000000000000000000000000000000000000000000000000000000000000000000000000000000000000000000000000000000000000000000000000000000000000000000000000000000000000000000000000000000000000000000000000000000000000000000000000000000000000000000000000000000000000000000000000000000000000000000000000000000000000000000000000000000000000000000000000000000000000000000000000000000000000000000000000000000000000000000000000000000000000000000000000000000000000000000000000000000000000000000000000000000000000000000000000000000000000000000000000000000000000000000000 
	Parameter ap_ST_fsm_state658 bound to: 607'b0000000000000000010000000000000000000000000000000000000000000000000000000000000000000000000000000000000000000000000000000000000000000000000000000000000000000000000000000000000000000000000000000000000000000000000000000000000000000000000000000000000000000000000000000000000000000000000000000000000000000000000000000000000000000000000000000000000000000000000000000000000000000000000000000000000000000000000000000000000000000000000000000000000000000000000000000000000000000000000000000000000000000000000000000000000000000000000000000000000000000000000000000000000000000000000000000000000000000000000000000000000 
	Parameter ap_ST_fsm_state659 bound to: 607'b0000000000000000100000000000000000000000000000000000000000000000000000000000000000000000000000000000000000000000000000000000000000000000000000000000000000000000000000000000000000000000000000000000000000000000000000000000000000000000000000000000000000000000000000000000000000000000000000000000000000000000000000000000000000000000000000000000000000000000000000000000000000000000000000000000000000000000000000000000000000000000000000000000000000000000000000000000000000000000000000000000000000000000000000000000000000000000000000000000000000000000000000000000000000000000000000000000000000000000000000000000000 
	Parameter ap_ST_fsm_state660 bound to: 607'b0000000000000001000000000000000000000000000000000000000000000000000000000000000000000000000000000000000000000000000000000000000000000000000000000000000000000000000000000000000000000000000000000000000000000000000000000000000000000000000000000000000000000000000000000000000000000000000000000000000000000000000000000000000000000000000000000000000000000000000000000000000000000000000000000000000000000000000000000000000000000000000000000000000000000000000000000000000000000000000000000000000000000000000000000000000000000000000000000000000000000000000000000000000000000000000000000000000000000000000000000000000 
	Parameter ap_ST_fsm_state661 bound to: 607'b0000000000000010000000000000000000000000000000000000000000000000000000000000000000000000000000000000000000000000000000000000000000000000000000000000000000000000000000000000000000000000000000000000000000000000000000000000000000000000000000000000000000000000000000000000000000000000000000000000000000000000000000000000000000000000000000000000000000000000000000000000000000000000000000000000000000000000000000000000000000000000000000000000000000000000000000000000000000000000000000000000000000000000000000000000000000000000000000000000000000000000000000000000000000000000000000000000000000000000000000000000000 
	Parameter ap_ST_fsm_state662 bound to: 607'b0000000000000100000000000000000000000000000000000000000000000000000000000000000000000000000000000000000000000000000000000000000000000000000000000000000000000000000000000000000000000000000000000000000000000000000000000000000000000000000000000000000000000000000000000000000000000000000000000000000000000000000000000000000000000000000000000000000000000000000000000000000000000000000000000000000000000000000000000000000000000000000000000000000000000000000000000000000000000000000000000000000000000000000000000000000000000000000000000000000000000000000000000000000000000000000000000000000000000000000000000000000 
	Parameter ap_ST_fsm_state663 bound to: 607'b0000000000001000000000000000000000000000000000000000000000000000000000000000000000000000000000000000000000000000000000000000000000000000000000000000000000000000000000000000000000000000000000000000000000000000000000000000000000000000000000000000000000000000000000000000000000000000000000000000000000000000000000000000000000000000000000000000000000000000000000000000000000000000000000000000000000000000000000000000000000000000000000000000000000000000000000000000000000000000000000000000000000000000000000000000000000000000000000000000000000000000000000000000000000000000000000000000000000000000000000000000000 
	Parameter ap_ST_fsm_state664 bound to: 607'b0000000000010000000000000000000000000000000000000000000000000000000000000000000000000000000000000000000000000000000000000000000000000000000000000000000000000000000000000000000000000000000000000000000000000000000000000000000000000000000000000000000000000000000000000000000000000000000000000000000000000000000000000000000000000000000000000000000000000000000000000000000000000000000000000000000000000000000000000000000000000000000000000000000000000000000000000000000000000000000000000000000000000000000000000000000000000000000000000000000000000000000000000000000000000000000000000000000000000000000000000000000 
	Parameter ap_ST_fsm_state665 bound to: 607'b0000000000100000000000000000000000000000000000000000000000000000000000000000000000000000000000000000000000000000000000000000000000000000000000000000000000000000000000000000000000000000000000000000000000000000000000000000000000000000000000000000000000000000000000000000000000000000000000000000000000000000000000000000000000000000000000000000000000000000000000000000000000000000000000000000000000000000000000000000000000000000000000000000000000000000000000000000000000000000000000000000000000000000000000000000000000000000000000000000000000000000000000000000000000000000000000000000000000000000000000000000000 
	Parameter ap_ST_fsm_state666 bound to: 607'b0000000001000000000000000000000000000000000000000000000000000000000000000000000000000000000000000000000000000000000000000000000000000000000000000000000000000000000000000000000000000000000000000000000000000000000000000000000000000000000000000000000000000000000000000000000000000000000000000000000000000000000000000000000000000000000000000000000000000000000000000000000000000000000000000000000000000000000000000000000000000000000000000000000000000000000000000000000000000000000000000000000000000000000000000000000000000000000000000000000000000000000000000000000000000000000000000000000000000000000000000000000 
	Parameter ap_ST_fsm_state667 bound to: 607'b0000000010000000000000000000000000000000000000000000000000000000000000000000000000000000000000000000000000000000000000000000000000000000000000000000000000000000000000000000000000000000000000000000000000000000000000000000000000000000000000000000000000000000000000000000000000000000000000000000000000000000000000000000000000000000000000000000000000000000000000000000000000000000000000000000000000000000000000000000000000000000000000000000000000000000000000000000000000000000000000000000000000000000000000000000000000000000000000000000000000000000000000000000000000000000000000000000000000000000000000000000000 
	Parameter ap_ST_fsm_state668 bound to: 607'b0000000100000000000000000000000000000000000000000000000000000000000000000000000000000000000000000000000000000000000000000000000000000000000000000000000000000000000000000000000000000000000000000000000000000000000000000000000000000000000000000000000000000000000000000000000000000000000000000000000000000000000000000000000000000000000000000000000000000000000000000000000000000000000000000000000000000000000000000000000000000000000000000000000000000000000000000000000000000000000000000000000000000000000000000000000000000000000000000000000000000000000000000000000000000000000000000000000000000000000000000000000 
	Parameter ap_ST_fsm_state669 bound to: 607'b0000001000000000000000000000000000000000000000000000000000000000000000000000000000000000000000000000000000000000000000000000000000000000000000000000000000000000000000000000000000000000000000000000000000000000000000000000000000000000000000000000000000000000000000000000000000000000000000000000000000000000000000000000000000000000000000000000000000000000000000000000000000000000000000000000000000000000000000000000000000000000000000000000000000000000000000000000000000000000000000000000000000000000000000000000000000000000000000000000000000000000000000000000000000000000000000000000000000000000000000000000000 
	Parameter ap_ST_fsm_state670 bound to: 607'b0000010000000000000000000000000000000000000000000000000000000000000000000000000000000000000000000000000000000000000000000000000000000000000000000000000000000000000000000000000000000000000000000000000000000000000000000000000000000000000000000000000000000000000000000000000000000000000000000000000000000000000000000000000000000000000000000000000000000000000000000000000000000000000000000000000000000000000000000000000000000000000000000000000000000000000000000000000000000000000000000000000000000000000000000000000000000000000000000000000000000000000000000000000000000000000000000000000000000000000000000000000 
	Parameter ap_ST_fsm_state671 bound to: 607'b0000100000000000000000000000000000000000000000000000000000000000000000000000000000000000000000000000000000000000000000000000000000000000000000000000000000000000000000000000000000000000000000000000000000000000000000000000000000000000000000000000000000000000000000000000000000000000000000000000000000000000000000000000000000000000000000000000000000000000000000000000000000000000000000000000000000000000000000000000000000000000000000000000000000000000000000000000000000000000000000000000000000000000000000000000000000000000000000000000000000000000000000000000000000000000000000000000000000000000000000000000000 
	Parameter ap_ST_fsm_state672 bound to: 607'b0001000000000000000000000000000000000000000000000000000000000000000000000000000000000000000000000000000000000000000000000000000000000000000000000000000000000000000000000000000000000000000000000000000000000000000000000000000000000000000000000000000000000000000000000000000000000000000000000000000000000000000000000000000000000000000000000000000000000000000000000000000000000000000000000000000000000000000000000000000000000000000000000000000000000000000000000000000000000000000000000000000000000000000000000000000000000000000000000000000000000000000000000000000000000000000000000000000000000000000000000000000 
	Parameter ap_ST_fsm_state673 bound to: 607'b0010000000000000000000000000000000000000000000000000000000000000000000000000000000000000000000000000000000000000000000000000000000000000000000000000000000000000000000000000000000000000000000000000000000000000000000000000000000000000000000000000000000000000000000000000000000000000000000000000000000000000000000000000000000000000000000000000000000000000000000000000000000000000000000000000000000000000000000000000000000000000000000000000000000000000000000000000000000000000000000000000000000000000000000000000000000000000000000000000000000000000000000000000000000000000000000000000000000000000000000000000000 
	Parameter ap_ST_fsm_state674 bound to: 607'b0100000000000000000000000000000000000000000000000000000000000000000000000000000000000000000000000000000000000000000000000000000000000000000000000000000000000000000000000000000000000000000000000000000000000000000000000000000000000000000000000000000000000000000000000000000000000000000000000000000000000000000000000000000000000000000000000000000000000000000000000000000000000000000000000000000000000000000000000000000000000000000000000000000000000000000000000000000000000000000000000000000000000000000000000000000000000000000000000000000000000000000000000000000000000000000000000000000000000000000000000000000 
	Parameter ap_ST_fsm_state675 bound to: 607'b1000000000000000000000000000000000000000000000000000000000000000000000000000000000000000000000000000000000000000000000000000000000000000000000000000000000000000000000000000000000000000000000000000000000000000000000000000000000000000000000000000000000000000000000000000000000000000000000000000000000000000000000000000000000000000000000000000000000000000000000000000000000000000000000000000000000000000000000000000000000000000000000000000000000000000000000000000000000000000000000000000000000000000000000000000000000000000000000000000000000000000000000000000000000000000000000000000000000000000000000000000000 
INFO: [Synth 8-6157] synthesizing module 'system_top_p_shadowquilt_main_loop_make_verticle_strip_current_z_i_index_V' [c:/Projects/ParticleCoverHLS/solution1/impl/verilog/project.gen/sources_1/bd/bd_0/ipshared/6953/hdl/verilog/system_top_p_shadowquilt_main_loop_make_verticle_strip_current_z_i_index_V.v:37]
	Parameter DataWidth bound to: 32 - type: integer 
	Parameter AddressRange bound to: 5 - type: integer 
	Parameter AddressWidth bound to: 3 - type: integer 
INFO: [Synth 8-6157] synthesizing module 'system_top_p_shadowquilt_main_loop_make_verticle_strip_current_z_i_index_V_ram' [c:/Projects/ParticleCoverHLS/solution1/impl/verilog/project.gen/sources_1/bd/bd_0/ipshared/6953/hdl/verilog/system_top_p_shadowquilt_main_loop_make_verticle_strip_current_z_i_index_V.v:6]
	Parameter DWIDTH bound to: 32 - type: integer 
	Parameter AWIDTH bound to: 3 - type: integer 
	Parameter MEM_SIZE bound to: 5 - type: integer 
INFO: [Synth 8-6155] done synthesizing module 'system_top_p_shadowquilt_main_loop_make_verticle_strip_current_z_i_index_V_ram' (19#1) [c:/Projects/ParticleCoverHLS/solution1/impl/verilog/project.gen/sources_1/bd/bd_0/ipshared/6953/hdl/verilog/system_top_p_shadowquilt_main_loop_make_verticle_strip_current_z_i_index_V.v:6]
INFO: [Synth 8-6155] done synthesizing module 'system_top_p_shadowquilt_main_loop_make_verticle_strip_current_z_i_index_V' (20#1) [c:/Projects/ParticleCoverHLS/solution1/impl/verilog/project.gen/sources_1/bd/bd_0/ipshared/6953/hdl/verilog/system_top_p_shadowquilt_main_loop_make_verticle_strip_current_z_i_index_V.v:37]
INFO: [Synth 8-6157] synthesizing module 'system_top_p_shadowquilt_main_loop_make_verticle_strip_new_z_i_index_V' [c:/Projects/ParticleCoverHLS/solution1/impl/verilog/project.gen/sources_1/bd/bd_0/ipshared/6953/hdl/verilog/system_top_p_shadowquilt_main_loop_make_verticle_strip_new_z_i_index_V.v:52]
	Parameter DataWidth bound to: 32 - type: integer 
	Parameter AddressRange bound to: 5 - type: integer 
	Parameter AddressWidth bound to: 3 - type: integer 
INFO: [Synth 8-6157] synthesizing module 'system_top_p_shadowquilt_main_loop_make_verticle_strip_new_z_i_index_V_ram' [c:/Projects/ParticleCoverHLS/solution1/impl/verilog/project.gen/sources_1/bd/bd_0/ipshared/6953/hdl/verilog/system_top_p_shadowquilt_main_loop_make_verticle_strip_new_z_i_index_V.v:6]
	Parameter DWIDTH bound to: 32 - type: integer 
	Parameter AWIDTH bound to: 3 - type: integer 
	Parameter MEM_SIZE bound to: 5 - type: integer 
INFO: [Synth 8-6155] done synthesizing module 'system_top_p_shadowquilt_main_loop_make_verticle_strip_new_z_i_index_V_ram' (21#1) [c:/Projects/ParticleCoverHLS/solution1/impl/verilog/project.gen/sources_1/bd/bd_0/ipshared/6953/hdl/verilog/system_top_p_shadowquilt_main_loop_make_verticle_strip_new_z_i_index_V.v:6]
INFO: [Synth 8-6155] done synthesizing module 'system_top_p_shadowquilt_main_loop_make_verticle_strip_new_z_i_index_V' (22#1) [c:/Projects/ParticleCoverHLS/solution1/impl/verilog/project.gen/sources_1/bd/bd_0/ipshared/6953/hdl/verilog/system_top_p_shadowquilt_main_loop_make_verticle_strip_new_z_i_index_V.v:52]
INFO: [Synth 8-6157] synthesizing module 'system_top_makePatch_alignedToLine' [c:/Projects/ParticleCoverHLS/solution1/impl/verilog/project.gen/sources_1/bd/bd_0/ipshared/6953/hdl/verilog/system_top_makePatch_alignedToLine.v:10]
	Parameter ap_ST_fsm_state1 bound to: 14'b00000000000001 
	Parameter ap_ST_fsm_state2 bound to: 14'b00000000000010 
	Parameter ap_ST_fsm_state3 bound to: 14'b00000000000100 
	Parameter ap_ST_fsm_state4 bound to: 14'b00000000001000 
	Parameter ap_ST_fsm_state5 bound to: 14'b00000000010000 
	Parameter ap_ST_fsm_state6 bound to: 14'b00000000100000 
	Parameter ap_ST_fsm_state7 bound to: 14'b00000001000000 
	Parameter ap_ST_fsm_state8 bound to: 14'b00000010000000 
	Parameter ap_ST_fsm_state9 bound to: 14'b00000100000000 
	Parameter ap_ST_fsm_state10 bound to: 14'b00001000000000 
	Parameter ap_ST_fsm_state11 bound to: 14'b00010000000000 
	Parameter ap_ST_fsm_state12 bound to: 14'b00100000000000 
	Parameter ap_ST_fsm_pp0_stage0 bound to: 14'b01000000000000 
	Parameter ap_ST_fsm_state15 bound to: 14'b10000000000000 
INFO: [Synth 8-6157] synthesizing module 'system_top_makePatch_alignedToLine_init_patch_V' [c:/Projects/ParticleCoverHLS/solution1/impl/verilog/project.gen/sources_1/bd/bd_0/ipshared/6953/hdl/verilog/system_top_makePatch_alignedToLine_init_patch_V.v:52]
	Parameter DataWidth bound to: 96 - type: integer 
	Parameter AddressRange bound to: 80 - type: integer 
	Parameter AddressWidth bound to: 7 - type: integer 
INFO: [Synth 8-6157] synthesizing module 'system_top_makePatch_alignedToLine_init_patch_V_ram' [c:/Projects/ParticleCoverHLS/solution1/impl/verilog/project.gen/sources_1/bd/bd_0/ipshared/6953/hdl/verilog/system_top_makePatch_alignedToLine_init_patch_V.v:6]
	Parameter DWIDTH bound to: 96 - type: integer 
	Parameter AWIDTH bound to: 7 - type: integer 
	Parameter MEM_SIZE bound to: 80 - type: integer 
INFO: [Synth 8-6155] done synthesizing module 'system_top_makePatch_alignedToLine_init_patch_V_ram' (23#1) [c:/Projects/ParticleCoverHLS/solution1/impl/verilog/project.gen/sources_1/bd/bd_0/ipshared/6953/hdl/verilog/system_top_makePatch_alignedToLine_init_patch_V.v:6]
INFO: [Synth 8-6155] done synthesizing module 'system_top_makePatch_alignedToLine_init_patch_V' (24#1) [c:/Projects/ParticleCoverHLS/solution1/impl/verilog/project.gen/sources_1/bd/bd_0/ipshared/6953/hdl/verilog/system_top_makePatch_alignedToLine_init_patch_V.v:52]
INFO: [Synth 8-6157] synthesizing module 'system_top_alignedtoline_per_layer_loop8' [c:/Projects/ParticleCoverHLS/solution1/impl/verilog/project.gen/sources_1/bd/bd_0/ipshared/6953/hdl/verilog/system_top_alignedtoline_per_layer_loop8.v:10]
	Parameter ap_ST_fsm_state1 bound to: 45'b000000000000000000000000000000000000000000001 
	Parameter ap_ST_fsm_state2 bound to: 45'b000000000000000000000000000000000000000000010 
	Parameter ap_ST_fsm_state3 bound to: 45'b000000000000000000000000000000000000000000100 
	Parameter ap_ST_fsm_state4 bound to: 45'b000000000000000000000000000000000000000001000 
	Parameter ap_ST_fsm_state5 bound to: 45'b000000000000000000000000000000000000000010000 
	Parameter ap_ST_fsm_state6 bound to: 45'b000000000000000000000000000000000000000100000 
	Parameter ap_ST_fsm_state7 bound to: 45'b000000000000000000000000000000000000001000000 
	Parameter ap_ST_fsm_state8 bound to: 45'b000000000000000000000000000000000000010000000 
	Parameter ap_ST_fsm_state9 bound to: 45'b000000000000000000000000000000000000100000000 
	Parameter ap_ST_fsm_state10 bound to: 45'b000000000000000000000000000000000001000000000 
	Parameter ap_ST_fsm_state11 bound to: 45'b000000000000000000000000000000000010000000000 
	Parameter ap_ST_fsm_state12 bound to: 45'b000000000000000000000000000000000100000000000 
	Parameter ap_ST_fsm_state13 bound to: 45'b000000000000000000000000000000001000000000000 
	Parameter ap_ST_fsm_state14 bound to: 45'b000000000000000000000000000000010000000000000 
	Parameter ap_ST_fsm_state15 bound to: 45'b000000000000000000000000000000100000000000000 
	Parameter ap_ST_fsm_state16 bound to: 45'b000000000000000000000000000001000000000000000 
	Parameter ap_ST_fsm_state17 bound to: 45'b000000000000000000000000000010000000000000000 
	Parameter ap_ST_fsm_state18 bound to: 45'b000000000000000000000000000100000000000000000 
	Parameter ap_ST_fsm_state19 bound to: 45'b000000000000000000000000001000000000000000000 
	Parameter ap_ST_fsm_state20 bound to: 45'b000000000000000000000000010000000000000000000 
	Parameter ap_ST_fsm_state21 bound to: 45'b000000000000000000000000100000000000000000000 
	Parameter ap_ST_fsm_state22 bound to: 45'b000000000000000000000001000000000000000000000 
	Parameter ap_ST_fsm_state23 bound to: 45'b000000000000000000000010000000000000000000000 
	Parameter ap_ST_fsm_state24 bound to: 45'b000000000000000000000100000000000000000000000 
	Parameter ap_ST_fsm_state25 bound to: 45'b000000000000000000001000000000000000000000000 
	Parameter ap_ST_fsm_state26 bound to: 45'b000000000000000000010000000000000000000000000 
	Parameter ap_ST_fsm_state27 bound to: 45'b000000000000000000100000000000000000000000000 
	Parameter ap_ST_fsm_state28 bound to: 45'b000000000000000001000000000000000000000000000 
	Parameter ap_ST_fsm_state29 bound to: 45'b000000000000000010000000000000000000000000000 
	Parameter ap_ST_fsm_state30 bound to: 45'b000000000000000100000000000000000000000000000 
	Parameter ap_ST_fsm_state31 bound to: 45'b000000000000001000000000000000000000000000000 
	Parameter ap_ST_fsm_state32 bound to: 45'b000000000000010000000000000000000000000000000 
	Parameter ap_ST_fsm_state33 bound to: 45'b000000000000100000000000000000000000000000000 
	Parameter ap_ST_fsm_state34 bound to: 45'b000000000001000000000000000000000000000000000 
	Parameter ap_ST_fsm_state35 bound to: 45'b000000000010000000000000000000000000000000000 
	Parameter ap_ST_fsm_state36 bound to: 45'b000000000100000000000000000000000000000000000 
	Parameter ap_ST_fsm_state37 bound to: 45'b000000001000000000000000000000000000000000000 
	Parameter ap_ST_fsm_state38 bound to: 45'b000000010000000000000000000000000000000000000 
	Parameter ap_ST_fsm_state39 bound to: 45'b000000100000000000000000000000000000000000000 
	Parameter ap_ST_fsm_state40 bound to: 45'b000001000000000000000000000000000000000000000 
	Parameter ap_ST_fsm_state41 bound to: 45'b000010000000000000000000000000000000000000000 
	Parameter ap_ST_fsm_state42 bound to: 45'b000100000000000000000000000000000000000000000 
	Parameter ap_ST_fsm_state43 bound to: 45'b001000000000000000000000000000000000000000000 
	Parameter ap_ST_fsm_state44 bound to: 45'b010000000000000000000000000000000000000000000 
	Parameter ap_ST_fsm_state45 bound to: 45'b100000000000000000000000000000000000000000000 
INFO: [Synth 8-6157] synthesizing module 'system_top_alignedtoline_per_layer_loop8_get_radiiradii' [c:/Projects/ParticleCoverHLS/solution1/impl/verilog/project.gen/sources_1/bd/bd_0/ipshared/6953/hdl/verilog/system_top_alignedtoline_per_layer_loop8_get_radiiradii.v:39]
	Parameter DataWidth bound to: 32 - type: integer 
	Parameter AddressRange bound to: 5 - type: integer 
	Parameter AddressWidth bound to: 3 - type: integer 
INFO: [Synth 8-6157] synthesizing module 'system_top_alignedtoline_per_layer_loop8_get_radiiradii_rom' [c:/Projects/ParticleCoverHLS/solution1/impl/verilog/project.gen/sources_1/bd/bd_0/ipshared/6953/hdl/verilog/system_top_alignedtoline_per_layer_loop8_get_radiiradii.v:6]
	Parameter DWIDTH bound to: 32 - type: integer 
	Parameter AWIDTH bound to: 3 - type: integer 
	Parameter MEM_SIZE bound to: 5 - type: integer 
INFO: [Synth 8-3876] $readmem data file './system_top_alignedtoline_per_layer_loop8_get_radiiradii_rom.dat' is read successfully [c:/Projects/ParticleCoverHLS/solution1/impl/verilog/project.gen/sources_1/bd/bd_0/ipshared/6953/hdl/verilog/system_top_alignedtoline_per_layer_loop8_get_radiiradii.v:21]
INFO: [Synth 8-6155] done synthesizing module 'system_top_alignedtoline_per_layer_loop8_get_radiiradii_rom' (25#1) [c:/Projects/ParticleCoverHLS/solution1/impl/verilog/project.gen/sources_1/bd/bd_0/ipshared/6953/hdl/verilog/system_top_alignedtoline_per_layer_loop8_get_radiiradii.v:6]
INFO: [Synth 8-6155] done synthesizing module 'system_top_alignedtoline_per_layer_loop8_get_radiiradii' (26#1) [c:/Projects/ParticleCoverHLS/solution1/impl/verilog/project.gen/sources_1/bd/bd_0/ipshared/6953/hdl/verilog/system_top_alignedtoline_per_layer_loop8_get_radiiradii.v:39]
INFO: [Synth 8-6157] synthesizing module 'system_top_p_find_boundaries_and_starting_index_and_value9' [c:/Projects/ParticleCoverHLS/solution1/impl/verilog/project.gen/sources_1/bd/bd_0/ipshared/6953/hdl/verilog/system_top_p_find_boundaries_and_starting_index_and_value9.v:10]
INFO: [Synth 8-6157] synthesizing module 'system_top_p_find_boundaries_and_starting_index_and_value_entry65' [c:/Projects/ParticleCoverHLS/solution1/impl/verilog/project.gen/sources_1/bd/bd_0/ipshared/6953/hdl/verilog/system_top_p_find_boundaries_and_starting_index_and_value_entry65.v:10]
	Parameter ap_ST_fsm_state1 bound to: 1'b1 
INFO: [Synth 8-6155] done synthesizing module 'system_top_p_find_boundaries_and_starting_index_and_value_entry65' (27#1) [c:/Projects/ParticleCoverHLS/solution1/impl/verilog/project.gen/sources_1/bd/bd_0/ipshared/6953/hdl/verilog/system_top_p_find_boundaries_and_starting_index_and_value_entry65.v:10]
INFO: [Synth 8-6157] synthesizing module 'system_top_p_find_left_and_right_boundaries11' [c:/Projects/ParticleCoverHLS/solution1/impl/verilog/project.gen/sources_1/bd/bd_0/ipshared/6953/hdl/verilog/system_top_p_find_left_and_right_boundaries11.v:10]
	Parameter ap_ST_fsm_state1 bound to: 15'b000000000000001 
	Parameter ap_ST_fsm_state2 bound to: 15'b000000000000010 
	Parameter ap_ST_fsm_pp0_stage0 bound to: 15'b000000000000100 
	Parameter ap_ST_fsm_pp0_stage1 bound to: 15'b000000000001000 
	Parameter ap_ST_fsm_pp0_stage2 bound to: 15'b000000000010000 
	Parameter ap_ST_fsm_pp0_stage3 bound to: 15'b000000000100000 
	Parameter ap_ST_fsm_pp0_stage4 bound to: 15'b000000001000000 
	Parameter ap_ST_fsm_pp0_stage5 bound to: 15'b000000010000000 
	Parameter ap_ST_fsm_pp0_stage6 bound to: 15'b000000100000000 
	Parameter ap_ST_fsm_pp0_stage7 bound to: 15'b000001000000000 
	Parameter ap_ST_fsm_pp0_stage8 bound to: 15'b000010000000000 
	Parameter ap_ST_fsm_pp0_stage9 bound to: 15'b000100000000000 
	Parameter ap_ST_fsm_pp0_stage10 bound to: 15'b001000000000000 
	Parameter ap_ST_fsm_pp0_stage11 bound to: 15'b010000000000000 
	Parameter ap_ST_fsm_state25 bound to: 15'b100000000000000 
INFO: [Synth 8-6157] synthesizing module 'system_top_p_find_left_and_right_boundaries11_get_trapezoid_edgestrapezoid_edges' [c:/Projects/ParticleCoverHLS/solution1/impl/verilog/project.gen/sources_1/bd/bd_0/ipshared/6953/hdl/verilog/system_top_p_find_left_and_right_boundaries11_get_trapezoid_edgestrapezoid_edges.v:39]
	Parameter DataWidth bound to: 32 - type: integer 
	Parameter AddressRange bound to: 5 - type: integer 
	Parameter AddressWidth bound to: 3 - type: integer 
INFO: [Synth 8-6157] synthesizing module 'system_top_p_find_left_and_right_boundaries11_get_trapezoid_edgestrapezoid_edges_rom' [c:/Projects/ParticleCoverHLS/solution1/impl/verilog/project.gen/sources_1/bd/bd_0/ipshared/6953/hdl/verilog/system_top_p_find_left_and_right_boundaries11_get_trapezoid_edgestrapezoid_edges.v:6]
	Parameter DWIDTH bound to: 32 - type: integer 
	Parameter AWIDTH bound to: 3 - type: integer 
	Parameter MEM_SIZE bound to: 5 - type: integer 
INFO: [Synth 8-3876] $readmem data file './system_top_p_find_left_and_right_boundaries11_get_trapezoid_edgestrapezoid_edges_rom.dat' is read successfully [c:/Projects/ParticleCoverHLS/solution1/impl/verilog/project.gen/sources_1/bd/bd_0/ipshared/6953/hdl/verilog/system_top_p_find_left_and_right_boundaries11_get_trapezoid_edgestrapezoid_edges.v:21]
INFO: [Synth 8-6155] done synthesizing module 'system_top_p_find_left_and_right_boundaries11_get_trapezoid_edgestrapezoid_edges_rom' (28#1) [c:/Projects/ParticleCoverHLS/solution1/impl/verilog/project.gen/sources_1/bd/bd_0/ipshared/6953/hdl/verilog/system_top_p_find_left_and_right_boundaries11_get_trapezoid_edgestrapezoid_edges.v:6]
INFO: [Synth 8-6155] done synthesizing module 'system_top_p_find_left_and_right_boundaries11_get_trapezoid_edgestrapezoid_edges' (29#1) [c:/Projects/ParticleCoverHLS/solution1/impl/verilog/project.gen/sources_1/bd/bd_0/ipshared/6953/hdl/verilog/system_top_p_find_left_and_right_boundaries11_get_trapezoid_edgestrapezoid_edges.v:39]
INFO: [Synth 8-6157] synthesizing module 'system_top_faddfsub_32ns_32ns_32_4_full_dsp_1' [c:/Projects/ParticleCoverHLS/solution1/impl/verilog/project.gen/sources_1/bd/bd_0/ipshared/6953/hdl/verilog/system_top_faddfsub_32ns_32ns_32_4_full_dsp_1.v:8]
	Parameter ID bound to: 1 - type: integer 
	Parameter NUM_STAGE bound to: 4 - type: integer 
	Parameter din0_WIDTH bound to: 32 - type: integer 
	Parameter din1_WIDTH bound to: 32 - type: integer 
	Parameter dout_WIDTH bound to: 32 - type: integer 
INFO: [Synth 8-6157] synthesizing module 'system_top_ap_faddfsub_2_full_dsp_32' [c:/Projects/ParticleCoverHLS/solution1/impl/verilog/project.gen/sources_1/bd/bd_0/ipshared/6953/hdl/ip/system_top_ap_faddfsub_2_full_dsp_32.v:60]
INFO: [Synth 8-6157] synthesizing module 'LUT1' [C:/Xilinx/Vivado/2020.2/scripts/rt/data/unisim_comp.v:39137]
INFO: [Synth 8-6155] done synthesizing module 'LUT1' (30#1) [C:/Xilinx/Vivado/2020.2/scripts/rt/data/unisim_comp.v:39137]
INFO: [Synth 8-6155] done synthesizing module 'system_top_ap_faddfsub_2_full_dsp_32' (49#1) [c:/Projects/ParticleCoverHLS/solution1/impl/verilog/project.gen/sources_1/bd/bd_0/ipshared/6953/hdl/ip/system_top_ap_faddfsub_2_full_dsp_32.v:60]
INFO: [Synth 8-6155] done synthesizing module 'system_top_faddfsub_32ns_32ns_32_4_full_dsp_1' (50#1) [c:/Projects/ParticleCoverHLS/solution1/impl/verilog/project.gen/sources_1/bd/bd_0/ipshared/6953/hdl/verilog/system_top_faddfsub_32ns_32ns_32_4_full_dsp_1.v:8]
INFO: [Synth 8-6157] synthesizing module 'system_top_fpext_32ns_64_2_no_dsp_1' [c:/Projects/ParticleCoverHLS/solution1/impl/verilog/project.gen/sources_1/bd/bd_0/ipshared/6953/hdl/verilog/system_top_fpext_32ns_64_2_no_dsp_1.v:8]
	Parameter ID bound to: 1 - type: integer 
	Parameter NUM_STAGE bound to: 2 - type: integer 
	Parameter din0_WIDTH bound to: 32 - type: integer 
	Parameter dout_WIDTH bound to: 64 - type: integer 
INFO: [Synth 8-6157] synthesizing module 'system_top_ap_fpext_0_no_dsp_32' [c:/Projects/ParticleCoverHLS/solution1/impl/verilog/project.gen/sources_1/bd/bd_0/ipshared/6953/hdl/ip/system_top_ap_fpext_0_no_dsp_32.v:60]
INFO: [Synth 8-6155] done synthesizing module 'system_top_ap_fpext_0_no_dsp_32' (53#1) [c:/Projects/ParticleCoverHLS/solution1/impl/verilog/project.gen/sources_1/bd/bd_0/ipshared/6953/hdl/ip/system_top_ap_fpext_0_no_dsp_32.v:60]
INFO: [Synth 8-6155] done synthesizing module 'system_top_fpext_32ns_64_2_no_dsp_1' (54#1) [c:/Projects/ParticleCoverHLS/solution1/impl/verilog/project.gen/sources_1/bd/bd_0/ipshared/6953/hdl/verilog/system_top_fpext_32ns_64_2_no_dsp_1.v:8]
INFO: [Synth 8-6155] done synthesizing module 'system_top_p_find_left_and_right_boundaries11' (55#1) [c:/Projects/ParticleCoverHLS/solution1/impl/verilog/project.gen/sources_1/bd/bd_0/ipshared/6953/hdl/verilog/system_top_p_find_left_and_right_boundaries11.v:10]
INFO: [Synth 8-6157] synthesizing module 'system_top_p_find_starting_index_and_value10' [c:/Projects/ParticleCoverHLS/solution1/impl/verilog/project.gen/sources_1/bd/bd_0/ipshared/6953/hdl/verilog/system_top_p_find_starting_index_and_value10.v:10]
	Parameter ap_ST_fsm_state1 bound to: 7'b0000001 
	Parameter ap_ST_fsm_state2 bound to: 7'b0000010 
	Parameter ap_ST_fsm_pp0_stage0 bound to: 7'b0000100 
	Parameter ap_ST_fsm_pp0_stage1 bound to: 7'b0001000 
	Parameter ap_ST_fsm_pp0_stage2 bound to: 7'b0010000 
	Parameter ap_ST_fsm_pp0_stage3 bound to: 7'b0100000 
	Parameter ap_ST_fsm_state13 bound to: 7'b1000000 
INFO: [Synth 8-6157] synthesizing module 'system_top_fsub_32ns_32ns_32_4_full_dsp_1' [c:/Projects/ParticleCoverHLS/solution1/impl/verilog/project.gen/sources_1/bd/bd_0/ipshared/6953/hdl/verilog/system_top_fsub_32ns_32ns_32_4_full_dsp_1.v:8]
	Parameter ID bound to: 1 - type: integer 
	Parameter NUM_STAGE bound to: 4 - type: integer 
	Parameter din0_WIDTH bound to: 32 - type: integer 
	Parameter din1_WIDTH bound to: 32 - type: integer 
	Parameter dout_WIDTH bound to: 32 - type: integer 
INFO: [Synth 8-6157] synthesizing module 'system_top_ap_fsub_2_full_dsp_32' [c:/Projects/ParticleCoverHLS/solution1/impl/verilog/project.gen/sources_1/bd/bd_0/ipshared/6953/hdl/ip/system_top_ap_fsub_2_full_dsp_32.v:60]
INFO: [Synth 8-6155] done synthesizing module 'system_top_ap_fsub_2_full_dsp_32' (56#1) [c:/Projects/ParticleCoverHLS/solution1/impl/verilog/project.gen/sources_1/bd/bd_0/ipshared/6953/hdl/ip/system_top_ap_fsub_2_full_dsp_32.v:60]
INFO: [Synth 8-6155] done synthesizing module 'system_top_fsub_32ns_32ns_32_4_full_dsp_1' (57#1) [c:/Projects/ParticleCoverHLS/solution1/impl/verilog/project.gen/sources_1/bd/bd_0/ipshared/6953/hdl/verilog/system_top_fsub_32ns_32ns_32_4_full_dsp_1.v:8]
INFO: [Synth 8-6157] synthesizing module 'system_top_fcmp_32ns_32ns_1_2_no_dsp_1' [c:/Projects/ParticleCoverHLS/solution1/impl/verilog/project.gen/sources_1/bd/bd_0/ipshared/6953/hdl/verilog/system_top_fcmp_32ns_32ns_1_2_no_dsp_1.v:8]
	Parameter ID bound to: 1 - type: integer 
	Parameter NUM_STAGE bound to: 2 - type: integer 
	Parameter din0_WIDTH bound to: 32 - type: integer 
	Parameter din1_WIDTH bound to: 32 - type: integer 
	Parameter dout_WIDTH bound to: 1 - type: integer 
	Parameter AP_OEQ bound to: 5'b00001 
	Parameter AP_OGT bound to: 5'b00010 
	Parameter AP_OGE bound to: 5'b00011 
	Parameter AP_OLT bound to: 5'b00100 
	Parameter AP_OLE bound to: 5'b00101 
	Parameter AP_ONE bound to: 5'b00110 
	Parameter AP_UNO bound to: 5'b01000 
	Parameter OP_EQ bound to: 8'b00010100 
	Parameter OP_GT bound to: 8'b00100100 
	Parameter OP_GE bound to: 8'b00110100 
	Parameter OP_LT bound to: 8'b00001100 
	Parameter OP_LE bound to: 8'b00011100 
	Parameter OP_NE bound to: 8'b00101100 
	Parameter OP_UO bound to: 8'b00000100 
INFO: [Synth 8-6157] synthesizing module 'system_top_ap_fcmp_0_no_dsp_32' [c:/Projects/ParticleCoverHLS/solution1/impl/verilog/project.gen/sources_1/bd/bd_0/ipshared/6953/hdl/ip/system_top_ap_fcmp_0_no_dsp_32.v:60]
INFO: [Synth 8-6155] done synthesizing module 'system_top_ap_fcmp_0_no_dsp_32' (61#1) [c:/Projects/ParticleCoverHLS/solution1/impl/verilog/project.gen/sources_1/bd/bd_0/ipshared/6953/hdl/ip/system_top_ap_fcmp_0_no_dsp_32.v:60]
INFO: [Synth 8-6155] done synthesizing module 'system_top_fcmp_32ns_32ns_1_2_no_dsp_1' (62#1) [c:/Projects/ParticleCoverHLS/solution1/impl/verilog/project.gen/sources_1/bd/bd_0/ipshared/6953/hdl/verilog/system_top_fcmp_32ns_32ns_1_2_no_dsp_1.v:8]
INFO: [Synth 8-6155] done synthesizing module 'system_top_p_find_starting_index_and_value10' (63#1) [c:/Projects/ParticleCoverHLS/solution1/impl/verilog/project.gen/sources_1/bd/bd_0/ipshared/6953/hdl/verilog/system_top_p_find_starting_index_and_value10.v:10]
INFO: [Synth 8-6157] synthesizing module 'system_top_fifo_w32_d2_S' [c:/Projects/ParticleCoverHLS/solution1/impl/verilog/project.gen/sources_1/bd/bd_0/ipshared/6953/hdl/verilog/system_top_fifo_w32_d2_S.v:42]
	Parameter MEM_STYLE bound to: shiftreg - type: string 
	Parameter DATA_WIDTH bound to: 32 - type: integer 
	Parameter ADDR_WIDTH bound to: 1 - type: integer 
	Parameter DEPTH bound to: 2'b10 
INFO: [Synth 8-6157] synthesizing module 'system_top_fifo_w32_d2_S_shiftReg' [c:/Projects/ParticleCoverHLS/solution1/impl/verilog/project.gen/sources_1/bd/bd_0/ipshared/6953/hdl/verilog/system_top_fifo_w32_d2_S.v:8]
	Parameter DATA_WIDTH bound to: 32 - type: integer 
	Parameter ADDR_WIDTH bound to: 1 - type: integer 
	Parameter DEPTH bound to: 2'b10 
INFO: [Synth 8-6155] done synthesizing module 'system_top_fifo_w32_d2_S_shiftReg' (64#1) [c:/Projects/ParticleCoverHLS/solution1/impl/verilog/project.gen/sources_1/bd/bd_0/ipshared/6953/hdl/verilog/system_top_fifo_w32_d2_S.v:8]
INFO: [Synth 8-6155] done synthesizing module 'system_top_fifo_w32_d2_S' (65#1) [c:/Projects/ParticleCoverHLS/solution1/impl/verilog/project.gen/sources_1/bd/bd_0/ipshared/6953/hdl/verilog/system_top_fifo_w32_d2_S.v:42]
INFO: [Synth 8-6157] synthesizing module 'system_top_fifo_w3_d2_S' [c:/Projects/ParticleCoverHLS/solution1/impl/verilog/project.gen/sources_1/bd/bd_0/ipshared/6953/hdl/verilog/system_top_fifo_w3_d2_S.v:42]
	Parameter MEM_STYLE bound to: shiftreg - type: string 
	Parameter DATA_WIDTH bound to: 3 - type: integer 
	Parameter ADDR_WIDTH bound to: 1 - type: integer 
	Parameter DEPTH bound to: 2'b10 
INFO: [Synth 8-6157] synthesizing module 'system_top_fifo_w3_d2_S_shiftReg' [c:/Projects/ParticleCoverHLS/solution1/impl/verilog/project.gen/sources_1/bd/bd_0/ipshared/6953/hdl/verilog/system_top_fifo_w3_d2_S.v:8]
	Parameter DATA_WIDTH bound to: 3 - type: integer 
	Parameter ADDR_WIDTH bound to: 1 - type: integer 
	Parameter DEPTH bound to: 2'b10 
INFO: [Synth 8-6155] done synthesizing module 'system_top_fifo_w3_d2_S_shiftReg' (66#1) [c:/Projects/ParticleCoverHLS/solution1/impl/verilog/project.gen/sources_1/bd/bd_0/ipshared/6953/hdl/verilog/system_top_fifo_w3_d2_S.v:8]
INFO: [Synth 8-6155] done synthesizing module 'system_top_fifo_w3_d2_S' (67#1) [c:/Projects/ParticleCoverHLS/solution1/impl/verilog/project.gen/sources_1/bd/bd_0/ipshared/6953/hdl/verilog/system_top_fifo_w3_d2_S.v:42]
INFO: [Synth 8-6155] done synthesizing module 'system_top_p_find_boundaries_and_starting_index_and_value9' (68#1) [c:/Projects/ParticleCoverHLS/solution1/impl/verilog/project.gen/sources_1/bd/bd_0/ipshared/6953/hdl/verilog/system_top_p_find_boundaries_and_starting_index_and_value9.v:10]
INFO: [Synth 8-6157] synthesizing module 'system_top_dcmp_64ns_64ns_1_2_no_dsp_1' [c:/Projects/ParticleCoverHLS/solution1/impl/verilog/project.gen/sources_1/bd/bd_0/ipshared/6953/hdl/verilog/system_top_dcmp_64ns_64ns_1_2_no_dsp_1.v:8]
	Parameter ID bound to: 1 - type: integer 
	Parameter NUM_STAGE bound to: 2 - type: integer 
	Parameter din0_WIDTH bound to: 64 - type: integer 
	Parameter din1_WIDTH bound to: 64 - type: integer 
	Parameter dout_WIDTH bound to: 1 - type: integer 
	Parameter AP_OEQ bound to: 5'b00001 
	Parameter AP_OGT bound to: 5'b00010 
	Parameter AP_OGE bound to: 5'b00011 
	Parameter AP_OLT bound to: 5'b00100 
	Parameter AP_OLE bound to: 5'b00101 
	Parameter AP_ONE bound to: 5'b00110 
	Parameter AP_UNO bound to: 5'b01000 
	Parameter OP_EQ bound to: 8'b00010100 
	Parameter OP_GT bound to: 8'b00100100 
	Parameter OP_GE bound to: 8'b00110100 
	Parameter OP_LT bound to: 8'b00001100 
	Parameter OP_LE bound to: 8'b00011100 
	Parameter OP_NE bound to: 8'b00101100 
	Parameter OP_UO bound to: 8'b00000100 
INFO: [Synth 8-6157] synthesizing module 'system_top_ap_dcmp_0_no_dsp_64' [c:/Projects/ParticleCoverHLS/solution1/impl/verilog/project.gen/sources_1/bd/bd_0/ipshared/6953/hdl/ip/system_top_ap_dcmp_0_no_dsp_64.v:60]
INFO: [Synth 8-6155] done synthesizing module 'system_top_ap_dcmp_0_no_dsp_64' (69#1) [c:/Projects/ParticleCoverHLS/solution1/impl/verilog/project.gen/sources_1/bd/bd_0/ipshared/6953/hdl/ip/system_top_ap_dcmp_0_no_dsp_64.v:60]
INFO: [Synth 8-6155] done synthesizing module 'system_top_dcmp_64ns_64ns_1_2_no_dsp_1' (70#1) [c:/Projects/ParticleCoverHLS/solution1/impl/verilog/project.gen/sources_1/bd/bd_0/ipshared/6953/hdl/verilog/system_top_dcmp_64ns_64ns_1_2_no_dsp_1.v:8]
INFO: [Synth 8-6157] synthesizing module 'system_top_mul_33s_25ns_58_1_1' [c:/Projects/ParticleCoverHLS/solution1/impl/verilog/project.gen/sources_1/bd/bd_0/ipshared/6953/hdl/verilog/system_top_mul_33s_25ns_58_1_1.v:16]
	Parameter ID bound to: 1 - type: integer 
	Parameter NUM_STAGE bound to: 1 - type: integer 
	Parameter din0_WIDTH bound to: 33 - type: integer 
	Parameter din1_WIDTH bound to: 25 - type: integer 
	Parameter dout_WIDTH bound to: 58 - type: integer 
INFO: [Synth 8-6157] synthesizing module 'system_top_mul_33s_25ns_58_1_1_Multiplier_0' [c:/Projects/ParticleCoverHLS/solution1/impl/verilog/project.gen/sources_1/bd/bd_0/ipshared/6953/hdl/verilog/system_top_mul_33s_25ns_58_1_1.v:8]
INFO: [Synth 8-6155] done synthesizing module 'system_top_mul_33s_25ns_58_1_1_Multiplier_0' (71#1) [c:/Projects/ParticleCoverHLS/solution1/impl/verilog/project.gen/sources_1/bd/bd_0/ipshared/6953/hdl/verilog/system_top_mul_33s_25ns_58_1_1.v:8]
INFO: [Synth 8-6155] done synthesizing module 'system_top_mul_33s_25ns_58_1_1' (72#1) [c:/Projects/ParticleCoverHLS/solution1/impl/verilog/project.gen/sources_1/bd/bd_0/ipshared/6953/hdl/verilog/system_top_mul_33s_25ns_58_1_1.v:16]
INFO: [Synth 8-6157] synthesizing module 'system_top_mul_78s_108ns_185_3_1' [c:/Projects/ParticleCoverHLS/solution1/impl/verilog/project.gen/sources_1/bd/bd_0/ipshared/6953/hdl/verilog/system_top_mul_78s_108ns_185_3_1.v:31]
	Parameter ID bound to: 1 - type: integer 
	Parameter NUM_STAGE bound to: 3 - type: integer 
	Parameter din0_WIDTH bound to: 78 - type: integer 
	Parameter din1_WIDTH bound to: 108 - type: integer 
	Parameter dout_WIDTH bound to: 185 - type: integer 
INFO: [Synth 8-6157] synthesizing module 'system_top_mul_78s_108ns_185_3_1_Multiplier_1' [c:/Projects/ParticleCoverHLS/solution1/impl/verilog/project.gen/sources_1/bd/bd_0/ipshared/6953/hdl/verilog/system_top_mul_78s_108ns_185_3_1.v:8]
INFO: [Synth 8-6155] done synthesizing module 'system_top_mul_78s_108ns_185_3_1_Multiplier_1' (73#1) [c:/Projects/ParticleCoverHLS/solution1/impl/verilog/project.gen/sources_1/bd/bd_0/ipshared/6953/hdl/verilog/system_top_mul_78s_108ns_185_3_1.v:8]
INFO: [Synth 8-6155] done synthesizing module 'system_top_mul_78s_108ns_185_3_1' (74#1) [c:/Projects/ParticleCoverHLS/solution1/impl/verilog/project.gen/sources_1/bd/bd_0/ipshared/6953/hdl/verilog/system_top_mul_78s_108ns_185_3_1.v:31]
INFO: [Synth 8-6155] done synthesizing module 'system_top_alignedtoline_per_layer_loop8' (75#1) [c:/Projects/ParticleCoverHLS/solution1/impl/verilog/project.gen/sources_1/bd/bd_0/ipshared/6953/hdl/verilog/system_top_alignedtoline_per_layer_loop8.v:10]
INFO: [Synth 8-6157] synthesizing module 'system_top_patch_buffer_add_patch7' [c:/Projects/ParticleCoverHLS/solution1/impl/verilog/project.gen/sources_1/bd/bd_0/ipshared/6953/hdl/verilog/system_top_patch_buffer_add_patch7.v:10]
	Parameter ap_ST_fsm_state1 bound to: 75'b000000000000000000000000000000000000000000000000000000000000000000000000001 
	Parameter ap_ST_fsm_state2 bound to: 75'b000000000000000000000000000000000000000000000000000000000000000000000000010 
	Parameter ap_ST_fsm_state3 bound to: 75'b000000000000000000000000000000000000000000000000000000000000000000000000100 
	Parameter ap_ST_fsm_state4 bound to: 75'b000000000000000000000000000000000000000000000000000000000000000000000001000 
	Parameter ap_ST_fsm_state5 bound to: 75'b000000000000000000000000000000000000000000000000000000000000000000000010000 
	Parameter ap_ST_fsm_state6 bound to: 75'b000000000000000000000000000000000000000000000000000000000000000000000100000 
	Parameter ap_ST_fsm_state7 bound to: 75'b000000000000000000000000000000000000000000000000000000000000000000001000000 
	Parameter ap_ST_fsm_state8 bound to: 75'b000000000000000000000000000000000000000000000000000000000000000000010000000 
	Parameter ap_ST_fsm_state9 bound to: 75'b000000000000000000000000000000000000000000000000000000000000000000100000000 
	Parameter ap_ST_fsm_state10 bound to: 75'b000000000000000000000000000000000000000000000000000000000000000001000000000 
	Parameter ap_ST_fsm_state11 bound to: 75'b000000000000000000000000000000000000000000000000000000000000000010000000000 
	Parameter ap_ST_fsm_state12 bound to: 75'b000000000000000000000000000000000000000000000000000000000000000100000000000 
	Parameter ap_ST_fsm_state13 bound to: 75'b000000000000000000000000000000000000000000000000000000000000001000000000000 
	Parameter ap_ST_fsm_state14 bound to: 75'b000000000000000000000000000000000000000000000000000000000000010000000000000 
	Parameter ap_ST_fsm_state15 bound to: 75'b000000000000000000000000000000000000000000000000000000000000100000000000000 
	Parameter ap_ST_fsm_state16 bound to: 75'b000000000000000000000000000000000000000000000000000000000001000000000000000 
	Parameter ap_ST_fsm_state17 bound to: 75'b000000000000000000000000000000000000000000000000000000000010000000000000000 
	Parameter ap_ST_fsm_state18 bound to: 75'b000000000000000000000000000000000000000000000000000000000100000000000000000 
	Parameter ap_ST_fsm_state19 bound to: 75'b000000000000000000000000000000000000000000000000000000001000000000000000000 
	Parameter ap_ST_fsm_state20 bound to: 75'b000000000000000000000000000000000000000000000000000000010000000000000000000 
	Parameter ap_ST_fsm_state21 bound to: 75'b000000000000000000000000000000000000000000000000000000100000000000000000000 
	Parameter ap_ST_fsm_state22 bound to: 75'b000000000000000000000000000000000000000000000000000001000000000000000000000 
	Parameter ap_ST_fsm_state23 bound to: 75'b000000000000000000000000000000000000000000000000000010000000000000000000000 
	Parameter ap_ST_fsm_state24 bound to: 75'b000000000000000000000000000000000000000000000000000100000000000000000000000 
	Parameter ap_ST_fsm_state25 bound to: 75'b000000000000000000000000000000000000000000000000001000000000000000000000000 
	Parameter ap_ST_fsm_state26 bound to: 75'b000000000000000000000000000000000000000000000000010000000000000000000000000 
	Parameter ap_ST_fsm_state27 bound to: 75'b000000000000000000000000000000000000000000000000100000000000000000000000000 
	Parameter ap_ST_fsm_state28 bound to: 75'b000000000000000000000000000000000000000000000001000000000000000000000000000 
	Parameter ap_ST_fsm_state29 bound to: 75'b000000000000000000000000000000000000000000000010000000000000000000000000000 
	Parameter ap_ST_fsm_state30 bound to: 75'b000000000000000000000000000000000000000000000100000000000000000000000000000 
	Parameter ap_ST_fsm_state31 bound to: 75'b000000000000000000000000000000000000000000001000000000000000000000000000000 
	Parameter ap_ST_fsm_state32 bound to: 75'b000000000000000000000000000000000000000000010000000000000000000000000000000 
	Parameter ap_ST_fsm_state33 bound to: 75'b000000000000000000000000000000000000000000100000000000000000000000000000000 
	Parameter ap_ST_fsm_state34 bound to: 75'b000000000000000000000000000000000000000001000000000000000000000000000000000 
	Parameter ap_ST_fsm_state35 bound to: 75'b000000000000000000000000000000000000000010000000000000000000000000000000000 
	Parameter ap_ST_fsm_state36 bound to: 75'b000000000000000000000000000000000000000100000000000000000000000000000000000 
	Parameter ap_ST_fsm_state37 bound to: 75'b000000000000000000000000000000000000001000000000000000000000000000000000000 
	Parameter ap_ST_fsm_state38 bound to: 75'b000000000000000000000000000000000000010000000000000000000000000000000000000 
	Parameter ap_ST_fsm_state39 bound to: 75'b000000000000000000000000000000000000100000000000000000000000000000000000000 
	Parameter ap_ST_fsm_state40 bound to: 75'b000000000000000000000000000000000001000000000000000000000000000000000000000 
	Parameter ap_ST_fsm_state41 bound to: 75'b000000000000000000000000000000000010000000000000000000000000000000000000000 
	Parameter ap_ST_fsm_state42 bound to: 75'b000000000000000000000000000000000100000000000000000000000000000000000000000 
	Parameter ap_ST_fsm_state43 bound to: 75'b000000000000000000000000000000001000000000000000000000000000000000000000000 
	Parameter ap_ST_fsm_state44 bound to: 75'b000000000000000000000000000000010000000000000000000000000000000000000000000 
	Parameter ap_ST_fsm_state45 bound to: 75'b000000000000000000000000000000100000000000000000000000000000000000000000000 
	Parameter ap_ST_fsm_state46 bound to: 75'b000000000000000000000000000001000000000000000000000000000000000000000000000 
	Parameter ap_ST_fsm_state47 bound to: 75'b000000000000000000000000000010000000000000000000000000000000000000000000000 
	Parameter ap_ST_fsm_state48 bound to: 75'b000000000000000000000000000100000000000000000000000000000000000000000000000 
	Parameter ap_ST_fsm_state49 bound to: 75'b000000000000000000000000001000000000000000000000000000000000000000000000000 
	Parameter ap_ST_fsm_state50 bound to: 75'b000000000000000000000000010000000000000000000000000000000000000000000000000 
	Parameter ap_ST_fsm_state51 bound to: 75'b000000000000000000000000100000000000000000000000000000000000000000000000000 
	Parameter ap_ST_fsm_state52 bound to: 75'b000000000000000000000001000000000000000000000000000000000000000000000000000 
	Parameter ap_ST_fsm_state53 bound to: 75'b000000000000000000000010000000000000000000000000000000000000000000000000000 
	Parameter ap_ST_fsm_state54 bound to: 75'b000000000000000000000100000000000000000000000000000000000000000000000000000 
	Parameter ap_ST_fsm_state55 bound to: 75'b000000000000000000001000000000000000000000000000000000000000000000000000000 
	Parameter ap_ST_fsm_state56 bound to: 75'b000000000000000000010000000000000000000000000000000000000000000000000000000 
	Parameter ap_ST_fsm_state57 bound to: 75'b000000000000000000100000000000000000000000000000000000000000000000000000000 
	Parameter ap_ST_fsm_state58 bound to: 75'b000000000000000001000000000000000000000000000000000000000000000000000000000 
	Parameter ap_ST_fsm_state59 bound to: 75'b000000000000000010000000000000000000000000000000000000000000000000000000000 
	Parameter ap_ST_fsm_state60 bound to: 75'b000000000000000100000000000000000000000000000000000000000000000000000000000 
	Parameter ap_ST_fsm_state61 bound to: 75'b000000000000001000000000000000000000000000000000000000000000000000000000000 
	Parameter ap_ST_fsm_state62 bound to: 75'b000000000000010000000000000000000000000000000000000000000000000000000000000 
	Parameter ap_ST_fsm_state63 bound to: 75'b000000000000100000000000000000000000000000000000000000000000000000000000000 
	Parameter ap_ST_fsm_state64 bound to: 75'b000000000001000000000000000000000000000000000000000000000000000000000000000 
	Parameter ap_ST_fsm_state65 bound to: 75'b000000000010000000000000000000000000000000000000000000000000000000000000000 
	Parameter ap_ST_fsm_state66 bound to: 75'b000000000100000000000000000000000000000000000000000000000000000000000000000 
	Parameter ap_ST_fsm_state67 bound to: 75'b000000001000000000000000000000000000000000000000000000000000000000000000000 
	Parameter ap_ST_fsm_state68 bound to: 75'b000000010000000000000000000000000000000000000000000000000000000000000000000 
	Parameter ap_ST_fsm_state69 bound to: 75'b000000100000000000000000000000000000000000000000000000000000000000000000000 
	Parameter ap_ST_fsm_state70 bound to: 75'b000001000000000000000000000000000000000000000000000000000000000000000000000 
	Parameter ap_ST_fsm_state71 bound to: 75'b000010000000000000000000000000000000000000000000000000000000000000000000000 
	Parameter ap_ST_fsm_state72 bound to: 75'b000100000000000000000000000000000000000000000000000000000000000000000000000 
	Parameter ap_ST_fsm_state73 bound to: 75'b001000000000000000000000000000000000000000000000000000000000000000000000000 
	Parameter ap_ST_fsm_state74 bound to: 75'b010000000000000000000000000000000000000000000000000000000000000000000000000 
	Parameter ap_ST_fsm_state75 bound to: 75'b100000000000000000000000000000000000000000000000000000000000000000000000000 
INFO: [Synth 8-6157] synthesizing module 'system_top_urem_32ns_3ns_32_36_seq_1' [c:/Projects/ParticleCoverHLS/solution1/impl/verilog/project.gen/sources_1/bd/bd_0/ipshared/6953/hdl/verilog/system_top_urem_32ns_3ns_32_36_seq_1.v:154]
	Parameter ID bound to: 1 - type: integer 
	Parameter NUM_STAGE bound to: 36 - type: integer 
	Parameter din0_WIDTH bound to: 32 - type: integer 
	Parameter din1_WIDTH bound to: 3 - type: integer 
	Parameter dout_WIDTH bound to: 32 - type: integer 
INFO: [Synth 8-6157] synthesizing module 'system_top_urem_32ns_3ns_32_36_seq_1_div' [c:/Projects/ParticleCoverHLS/solution1/impl/verilog/project.gen/sources_1/bd/bd_0/ipshared/6953/hdl/verilog/system_top_urem_32ns_3ns_32_36_seq_1.v:82]
	Parameter in0_WIDTH bound to: 32 - type: integer 
	Parameter in1_WIDTH bound to: 3 - type: integer 
	Parameter out_WIDTH bound to: 32 - type: integer 
INFO: [Synth 8-6157] synthesizing module 'system_top_urem_32ns_3ns_32_36_seq_1_div_u' [c:/Projects/ParticleCoverHLS/solution1/impl/verilog/project.gen/sources_1/bd/bd_0/ipshared/6953/hdl/verilog/system_top_urem_32ns_3ns_32_36_seq_1.v:7]
	Parameter in0_WIDTH bound to: 32 - type: integer 
	Parameter in1_WIDTH bound to: 3 - type: integer 
	Parameter out_WIDTH bound to: 32 - type: integer 
	Parameter cal_WIDTH bound to: 32 - type: integer 
INFO: [Synth 8-6155] done synthesizing module 'system_top_urem_32ns_3ns_32_36_seq_1_div_u' (76#1) [c:/Projects/ParticleCoverHLS/solution1/impl/verilog/project.gen/sources_1/bd/bd_0/ipshared/6953/hdl/verilog/system_top_urem_32ns_3ns_32_36_seq_1.v:7]
INFO: [Synth 8-6155] done synthesizing module 'system_top_urem_32ns_3ns_32_36_seq_1_div' (77#1) [c:/Projects/ParticleCoverHLS/solution1/impl/verilog/project.gen/sources_1/bd/bd_0/ipshared/6953/hdl/verilog/system_top_urem_32ns_3ns_32_36_seq_1.v:82]
INFO: [Synth 8-6155] done synthesizing module 'system_top_urem_32ns_3ns_32_36_seq_1' (78#1) [c:/Projects/ParticleCoverHLS/solution1/impl/verilog/project.gen/sources_1/bd/bd_0/ipshared/6953/hdl/verilog/system_top_urem_32ns_3ns_32_36_seq_1.v:154]
INFO: [Synth 8-6155] done synthesizing module 'system_top_patch_buffer_add_patch7' (79#1) [c:/Projects/ParticleCoverHLS/solution1/impl/verilog/project.gen/sources_1/bd/bd_0/ipshared/6953/hdl/verilog/system_top_patch_buffer_add_patch7.v:10]
INFO: [Synth 8-6155] done synthesizing module 'system_top_makePatch_alignedToLine' (80#1) [c:/Projects/ParticleCoverHLS/solution1/impl/verilog/project.gen/sources_1/bd/bd_0/ipshared/6953/hdl/verilog/system_top_makePatch_alignedToLine.v:10]
INFO: [Synth 8-6157] synthesizing module 'system_top_getParallelograms' [c:/Projects/ParticleCoverHLS/solution1/impl/verilog/project.gen/sources_1/bd/bd_0/ipshared/6953/hdl/verilog/system_top_getParallelograms.v:10]
	Parameter ap_ST_fsm_state1 bound to: 14'b00000000000001 
	Parameter ap_ST_fsm_state2 bound to: 14'b00000000000010 
	Parameter ap_ST_fsm_state3 bound to: 14'b00000000000100 
	Parameter ap_ST_fsm_state4 bound to: 14'b00000000001000 
	Parameter ap_ST_fsm_state5 bound to: 14'b00000000010000 
	Parameter ap_ST_fsm_pp0_stage0 bound to: 14'b00000000100000 
	Parameter ap_ST_fsm_pp0_stage1 bound to: 14'b00000001000000 
	Parameter ap_ST_fsm_pp0_stage2 bound to: 14'b00000010000000 
	Parameter ap_ST_fsm_pp0_stage3 bound to: 14'b00000100000000 
	Parameter ap_ST_fsm_pp0_stage4 bound to: 14'b00001000000000 
	Parameter ap_ST_fsm_pp0_stage5 bound to: 14'b00010000000000 
	Parameter ap_ST_fsm_pp0_stage6 bound to: 14'b00100000000000 
	Parameter ap_ST_fsm_pp0_stage7 bound to: 14'b01000000000000 
	Parameter ap_ST_fsm_state72 bound to: 14'b10000000000000 
INFO: [Synth 8-6157] synthesizing module 'system_top_getParallelograms_get_parallelogram_slopesparallelogram_slopes' [c:/Projects/ParticleCoverHLS/solution1/impl/verilog/project.gen/sources_1/bd/bd_0/ipshared/6953/hdl/verilog/system_top_getParallelograms_get_parallelogram_slopesparallelogram_slopes.v:39]
	Parameter DataWidth bound to: 32 - type: integer 
	Parameter AddressRange bound to: 4 - type: integer 
	Parameter AddressWidth bound to: 2 - type: integer 
INFO: [Synth 8-6157] synthesizing module 'system_top_getParallelograms_get_parallelogram_slopesparallelogram_slopes_rom' [c:/Projects/ParticleCoverHLS/solution1/impl/verilog/project.gen/sources_1/bd/bd_0/ipshared/6953/hdl/verilog/system_top_getParallelograms_get_parallelogram_slopesparallelogram_slopes.v:6]
	Parameter DWIDTH bound to: 32 - type: integer 
	Parameter AWIDTH bound to: 2 - type: integer 
	Parameter MEM_SIZE bound to: 4 - type: integer 
INFO: [Synth 8-3876] $readmem data file './system_top_getParallelograms_get_parallelogram_slopesparallelogram_slopes_rom.dat' is read successfully [c:/Projects/ParticleCoverHLS/solution1/impl/verilog/project.gen/sources_1/bd/bd_0/ipshared/6953/hdl/verilog/system_top_getParallelograms_get_parallelogram_slopesparallelogram_slopes.v:21]
INFO: [Synth 8-6155] done synthesizing module 'system_top_getParallelograms_get_parallelogram_slopesparallelogram_slopes_rom' (81#1) [c:/Projects/ParticleCoverHLS/solution1/impl/verilog/project.gen/sources_1/bd/bd_0/ipshared/6953/hdl/verilog/system_top_getParallelograms_get_parallelogram_slopesparallelogram_slopes.v:6]
INFO: [Synth 8-6155] done synthesizing module 'system_top_getParallelograms_get_parallelogram_slopesparallelogram_slopes' (82#1) [c:/Projects/ParticleCoverHLS/solution1/impl/verilog/project.gen/sources_1/bd/bd_0/ipshared/6953/hdl/verilog/system_top_getParallelograms_get_parallelogram_slopesparallelogram_slopes.v:39]
INFO: [Synth 8-6157] synthesizing module 'system_top_straightLineProjectorFromLayerIJtoK' [c:/Projects/ParticleCoverHLS/solution1/impl/verilog/project.gen/sources_1/bd/bd_0/ipshared/6953/hdl/verilog/system_top_straightLineProjectorFromLayerIJtoK.v:10]
	Parameter ap_ST_fsm_pp0_stage0 bound to: 1'b1 
INFO: [Synth 8-6157] synthesizing module 'system_top_straightLineProjectorFromLayerIJtoK_get_radiiradii' [c:/Projects/ParticleCoverHLS/solution1/impl/verilog/project.gen/sources_1/bd/bd_0/ipshared/6953/hdl/verilog/system_top_straightLineProjectorFromLayerIJtoK_get_radiiradii.v:67]
	Parameter DataWidth bound to: 32 - type: integer 
	Parameter AddressRange bound to: 5 - type: integer 
	Parameter AddressWidth bound to: 3 - type: integer 
INFO: [Synth 8-6157] synthesizing module 'system_top_straightLineProjectorFromLayerIJtoK_get_radiiradii_rom' [c:/Projects/ParticleCoverHLS/solution1/impl/verilog/project.gen/sources_1/bd/bd_0/ipshared/6953/hdl/verilog/system_top_straightLineProjectorFromLayerIJtoK_get_radiiradii.v:6]
	Parameter DWIDTH bound to: 32 - type: integer 
	Parameter AWIDTH bound to: 3 - type: integer 
	Parameter MEM_SIZE bound to: 5 - type: integer 
INFO: [Synth 8-3876] $readmem data file './system_top_straightLineProjectorFromLayerIJtoK_get_radiiradii_rom.dat' is read successfully [c:/Projects/ParticleCoverHLS/solution1/impl/verilog/project.gen/sources_1/bd/bd_0/ipshared/6953/hdl/verilog/system_top_straightLineProjectorFromLayerIJtoK_get_radiiradii.v:28]
INFO: [Synth 8-3876] $readmem data file './system_top_straightLineProjectorFromLayerIJtoK_get_radiiradii_rom.dat' is read successfully [c:/Projects/ParticleCoverHLS/solution1/impl/verilog/project.gen/sources_1/bd/bd_0/ipshared/6953/hdl/verilog/system_top_straightLineProjectorFromLayerIJtoK_get_radiiradii.v:29]
INFO: [Synth 8-6155] done synthesizing module 'system_top_straightLineProjectorFromLayerIJtoK_get_radiiradii_rom' (83#1) [c:/Projects/ParticleCoverHLS/solution1/impl/verilog/project.gen/sources_1/bd/bd_0/ipshared/6953/hdl/verilog/system_top_straightLineProjectorFromLayerIJtoK_get_radiiradii.v:6]
INFO: [Synth 8-6155] done synthesizing module 'system_top_straightLineProjectorFromLayerIJtoK_get_radiiradii' (84#1) [c:/Projects/ParticleCoverHLS/solution1/impl/verilog/project.gen/sources_1/bd/bd_0/ipshared/6953/hdl/verilog/system_top_straightLineProjectorFromLayerIJtoK_get_radiiradii.v:67]
INFO: [Synth 8-6157] synthesizing module 'system_top_sdiv_46ns_26s_32_50_1' [c:/Projects/ParticleCoverHLS/solution1/impl/verilog/project.gen/sources_1/bd/bd_0/ipshared/6953/hdl/verilog/system_top_sdiv_46ns_26s_32_50_1.v:152]
	Parameter ID bound to: 1 - type: integer 
	Parameter NUM_STAGE bound to: 50 - type: integer 
	Parameter din0_WIDTH bound to: 46 - type: integer 
	Parameter din1_WIDTH bound to: 26 - type: integer 
	Parameter dout_WIDTH bound to: 32 - type: integer 
INFO: [Synth 8-6157] synthesizing module 'system_top_sdiv_46ns_26s_32_50_1_div' [c:/Projects/ParticleCoverHLS/solution1/impl/verilog/project.gen/sources_1/bd/bd_0/ipshared/6953/hdl/verilog/system_top_sdiv_46ns_26s_32_50_1.v:73]
	Parameter in0_WIDTH bound to: 46 - type: integer 
	Parameter in1_WIDTH bound to: 26 - type: integer 
	Parameter out_WIDTH bound to: 32 - type: integer 
INFO: [Synth 8-6157] synthesizing module 'system_top_sdiv_46ns_26s_32_50_1_div_u' [c:/Projects/ParticleCoverHLS/solution1/impl/verilog/project.gen/sources_1/bd/bd_0/ipshared/6953/hdl/verilog/system_top_sdiv_46ns_26s_32_50_1.v:7]
	Parameter in0_WIDTH bound to: 46 - type: integer 
	Parameter in1_WIDTH bound to: 26 - type: integer 
	Parameter out_WIDTH bound to: 32 - type: integer 
	Parameter cal_WIDTH bound to: 46 - type: integer 
INFO: [Synth 8-6155] done synthesizing module 'system_top_sdiv_46ns_26s_32_50_1_div_u' (85#1) [c:/Projects/ParticleCoverHLS/solution1/impl/verilog/project.gen/sources_1/bd/bd_0/ipshared/6953/hdl/verilog/system_top_sdiv_46ns_26s_32_50_1.v:7]
INFO: [Synth 8-6155] done synthesizing module 'system_top_sdiv_46ns_26s_32_50_1_div' (86#1) [c:/Projects/ParticleCoverHLS/solution1/impl/verilog/project.gen/sources_1/bd/bd_0/ipshared/6953/hdl/verilog/system_top_sdiv_46ns_26s_32_50_1.v:73]
INFO: [Synth 8-6155] done synthesizing module 'system_top_sdiv_46ns_26s_32_50_1' (87#1) [c:/Projects/ParticleCoverHLS/solution1/impl/verilog/project.gen/sources_1/bd/bd_0/ipshared/6953/hdl/verilog/system_top_sdiv_46ns_26s_32_50_1.v:152]
INFO: [Synth 8-6157] synthesizing module 'system_top_mul_33s_32s_52_1_1' [c:/Projects/ParticleCoverHLS/solution1/impl/verilog/project.gen/sources_1/bd/bd_0/ipshared/6953/hdl/verilog/system_top_mul_33s_32s_52_1_1.v:16]
	Parameter ID bound to: 1 - type: integer 
	Parameter NUM_STAGE bound to: 1 - type: integer 
	Parameter din0_WIDTH bound to: 33 - type: integer 
	Parameter din1_WIDTH bound to: 32 - type: integer 
	Parameter dout_WIDTH bound to: 52 - type: integer 
INFO: [Synth 8-6157] synthesizing module 'system_top_mul_33s_32s_52_1_1_Multiplier_2' [c:/Projects/ParticleCoverHLS/solution1/impl/verilog/project.gen/sources_1/bd/bd_0/ipshared/6953/hdl/verilog/system_top_mul_33s_32s_52_1_1.v:8]
INFO: [Synth 8-6155] done synthesizing module 'system_top_mul_33s_32s_52_1_1_Multiplier_2' (88#1) [c:/Projects/ParticleCoverHLS/solution1/impl/verilog/project.gen/sources_1/bd/bd_0/ipshared/6953/hdl/verilog/system_top_mul_33s_32s_52_1_1.v:8]
INFO: [Synth 8-6155] done synthesizing module 'system_top_mul_33s_32s_52_1_1' (89#1) [c:/Projects/ParticleCoverHLS/solution1/impl/verilog/project.gen/sources_1/bd/bd_0/ipshared/6953/hdl/verilog/system_top_mul_33s_32s_52_1_1.v:16]
INFO: [Synth 8-6155] done synthesizing module 'system_top_straightLineProjectorFromLayerIJtoK' (90#1) [c:/Projects/ParticleCoverHLS/solution1/impl/verilog/project.gen/sources_1/bd/bd_0/ipshared/6953/hdl/verilog/system_top_straightLineProjectorFromLayerIJtoK.v:10]
INFO: [Synth 8-6155] done synthesizing module 'system_top_getParallelograms' (91#1) [c:/Projects/ParticleCoverHLS/solution1/impl/verilog/project.gen/sources_1/bd/bd_0/ipshared/6953/hdl/verilog/system_top_getParallelograms.v:10]
INFO: [Synth 8-6157] synthesizing module 'system_top_getShadows' [c:/Projects/ParticleCoverHLS/solution1/impl/verilog/project.gen/sources_1/bd/bd_0/ipshared/6953/hdl/verilog/system_top_getShadows.v:10]
	Parameter ap_ST_fsm_state1 bound to: 10'b0000000001 
	Parameter ap_ST_fsm_pp0_stage0 bound to: 10'b0000000010 
	Parameter ap_ST_fsm_pp0_stage1 bound to: 10'b0000000100 
	Parameter ap_ST_fsm_pp0_stage2 bound to: 10'b0000001000 
	Parameter ap_ST_fsm_pp0_stage3 bound to: 10'b0000010000 
	Parameter ap_ST_fsm_pp0_stage4 bound to: 10'b0000100000 
	Parameter ap_ST_fsm_pp0_stage5 bound to: 10'b0001000000 
	Parameter ap_ST_fsm_pp0_stage6 bound to: 10'b0010000000 
	Parameter ap_ST_fsm_pp0_stage7 bound to: 10'b0100000000 
	Parameter ap_ST_fsm_state68 bound to: 10'b1000000000 
INFO: [Synth 8-6155] done synthesizing module 'system_top_getShadows' (92#1) [c:/Projects/ParticleCoverHLS/solution1/impl/verilog/project.gen/sources_1/bd/bd_0/ipshared/6953/hdl/verilog/system_top_getShadows.v:10]
INFO: [Synth 8-6157] synthesizing module 'system_top_get_acceptanceCorners' [c:/Projects/ParticleCoverHLS/solution1/impl/verilog/project.gen/sources_1/bd/bd_0/ipshared/6953/hdl/verilog/system_top_get_acceptanceCorners.v:10]
	Parameter ap_ST_fsm_state1 bound to: 10'b0000000001 
	Parameter ap_ST_fsm_state2 bound to: 10'b0000000010 
	Parameter ap_ST_fsm_state3 bound to: 10'b0000000100 
	Parameter ap_ST_fsm_pp0_stage0 bound to: 10'b0000001000 
	Parameter ap_ST_fsm_state6 bound to: 10'b0000010000 
	Parameter ap_ST_fsm_state7 bound to: 10'b0000100000 
	Parameter ap_ST_fsm_state8 bound to: 10'b0001000000 
	Parameter ap_ST_fsm_state9 bound to: 10'b0010000000 
	Parameter ap_ST_fsm_state10 bound to: 10'b0100000000 
	Parameter ap_ST_fsm_state11 bound to: 10'b1000000000 
INFO: [Synth 8-6157] synthesizing module 'system_top_get_acceptanceCorners_a_corner_list_V' [c:/Projects/ParticleCoverHLS/solution1/impl/verilog/project.gen/sources_1/bd/bd_0/ipshared/6953/hdl/verilog/system_top_get_acceptanceCorners_a_corner_list_V.v:50]
	Parameter DataWidth bound to: 32 - type: integer 
	Parameter AddressRange bound to: 4 - type: integer 
	Parameter AddressWidth bound to: 2 - type: integer 
INFO: [Synth 8-6157] synthesizing module 'system_top_get_acceptanceCorners_a_corner_list_V_ram' [c:/Projects/ParticleCoverHLS/solution1/impl/verilog/project.gen/sources_1/bd/bd_0/ipshared/6953/hdl/verilog/system_top_get_acceptanceCorners_a_corner_list_V.v:6]
	Parameter DWIDTH bound to: 32 - type: integer 
	Parameter AWIDTH bound to: 2 - type: integer 
	Parameter MEM_SIZE bound to: 4 - type: integer 
INFO: [Synth 8-6155] done synthesizing module 'system_top_get_acceptanceCorners_a_corner_list_V_ram' (93#1) [c:/Projects/ParticleCoverHLS/solution1/impl/verilog/project.gen/sources_1/bd/bd_0/ipshared/6953/hdl/verilog/system_top_get_acceptanceCorners_a_corner_list_V.v:6]
INFO: [Synth 8-6155] done synthesizing module 'system_top_get_acceptanceCorners_a_corner_list_V' (94#1) [c:/Projects/ParticleCoverHLS/solution1/impl/verilog/project.gen/sources_1/bd/bd_0/ipshared/6953/hdl/verilog/system_top_get_acceptanceCorners_a_corner_list_V.v:50]
INFO: [Synth 8-6155] done synthesizing module 'system_top_get_acceptanceCorners' (95#1) [c:/Projects/ParticleCoverHLS/solution1/impl/verilog/project.gen/sources_1/bd/bd_0/ipshared/6953/hdl/verilog/system_top_get_acceptanceCorners.v:10]
INFO: [Synth 8-6157] synthesizing module 'system_top_get_index_from_z' [c:/Projects/ParticleCoverHLS/solution1/impl/verilog/project.gen/sources_1/bd/bd_0/ipshared/6953/hdl/verilog/system_top_get_index_from_z.v:10]
	Parameter ap_ST_fsm_state1 bound to: 4'b0001 
	Parameter ap_ST_fsm_state2 bound to: 4'b0010 
	Parameter ap_ST_fsm_pp0_stage0 bound to: 4'b0100 
	Parameter ap_ST_fsm_state6 bound to: 4'b1000 
INFO: [Synth 8-6155] done synthesizing module 'system_top_get_index_from_z' (96#1) [c:/Projects/ParticleCoverHLS/solution1/impl/verilog/project.gen/sources_1/bd/bd_0/ipshared/6953/hdl/verilog/system_top_get_index_from_z.v:10]
INFO: [Synth 8-6157] synthesizing module 'system_top_mul_33s_32s_64_1_1' [c:/Projects/ParticleCoverHLS/solution1/impl/verilog/project.gen/sources_1/bd/bd_0/ipshared/6953/hdl/verilog/system_top_mul_33s_32s_64_1_1.v:16]
	Parameter ID bound to: 1 - type: integer 
	Parameter NUM_STAGE bound to: 1 - type: integer 
	Parameter din0_WIDTH bound to: 33 - type: integer 
	Parameter din1_WIDTH bound to: 32 - type: integer 
	Parameter dout_WIDTH bound to: 64 - type: integer 
INFO: [Synth 8-6157] synthesizing module 'system_top_mul_33s_32s_64_1_1_Multiplier_3' [c:/Projects/ParticleCoverHLS/solution1/impl/verilog/project.gen/sources_1/bd/bd_0/ipshared/6953/hdl/verilog/system_top_mul_33s_32s_64_1_1.v:8]
INFO: [Synth 8-6155] done synthesizing module 'system_top_mul_33s_32s_64_1_1_Multiplier_3' (97#1) [c:/Projects/ParticleCoverHLS/solution1/impl/verilog/project.gen/sources_1/bd/bd_0/ipshared/6953/hdl/verilog/system_top_mul_33s_32s_64_1_1.v:8]
INFO: [Synth 8-6155] done synthesizing module 'system_top_mul_33s_32s_64_1_1' (98#1) [c:/Projects/ParticleCoverHLS/solution1/impl/verilog/project.gen/sources_1/bd/bd_0/ipshared/6953/hdl/verilog/system_top_mul_33s_32s_64_1_1.v:16]
INFO: [Synth 8-6155] done synthesizing module 'system_top_p_shadowquilt_main_loop_make_verticle_strip' (99#1) [c:/Projects/ParticleCoverHLS/solution1/impl/verilog/project.gen/sources_1/bd/bd_0/ipshared/6953/hdl/verilog/system_top_p_shadowquilt_main_loop_make_verticle_strip.v:10]
INFO: [Synth 8-6155] done synthesizing module 'system_top' (100#1) [c:/Projects/ParticleCoverHLS/solution1/impl/verilog/project.gen/sources_1/bd/bd_0/ipshared/6953/hdl/verilog/system_top.v:12]
INFO: [Synth 8-6155] done synthesizing module 'bd_0_hls_inst_0' (101#1) [c:/Projects/ParticleCoverHLS/solution1/impl/verilog/project.gen/sources_1/bd/bd_0/ip/bd_0_hls_inst_0/synth/bd_0_hls_inst_0.v:58]
---------------------------------------------------------------------------------
Finished RTL Elaboration : Time (s): cpu = 00:00:10 ; elapsed = 00:00:10 . Memory (MB): peak = 1487.273 ; gain = 377.547
---------------------------------------------------------------------------------
---------------------------------------------------------------------------------
Start Handling Custom Attributes
---------------------------------------------------------------------------------
---------------------------------------------------------------------------------
Finished Handling Custom Attributes : Time (s): cpu = 00:00:11 ; elapsed = 00:00:11 . Memory (MB): peak = 1487.273 ; gain = 377.547
---------------------------------------------------------------------------------
---------------------------------------------------------------------------------
Finished RTL Optimization Phase 1 : Time (s): cpu = 00:00:11 ; elapsed = 00:00:11 . Memory (MB): peak = 1487.273 ; gain = 377.547
---------------------------------------------------------------------------------
Netlist sorting complete. Time (s): cpu = 00:00:02 ; elapsed = 00:00:01 . Memory (MB): peak = 1510.152 ; gain = 7.164
INFO: [Netlist 29-17] Analyzing 316 Unisim elements for replacement
INFO: [Netlist 29-28] Unisim Transformation completed in 0 CPU seconds
INFO: [Project 1-570] Preparing netlist for logic optimization

Processing XDC Constraints
Initializing timing engine
Parsing XDC File [c:/Projects/ParticleCoverHLS/solution1/impl/verilog/project.gen/sources_1/bd/bd_0/ip/bd_0_hls_inst_0/constraints/system_top_ooc.xdc] for cell 'inst'
Finished Parsing XDC File [c:/Projects/ParticleCoverHLS/solution1/impl/verilog/project.gen/sources_1/bd/bd_0/ip/bd_0_hls_inst_0/constraints/system_top_ooc.xdc] for cell 'inst'
Parsing XDC File [C:/Projects/ParticleCoverHLS/solution1/impl/verilog/project.runs/bd_0_hls_inst_0_synth_1/dont_touch.xdc]
Finished Parsing XDC File [C:/Projects/ParticleCoverHLS/solution1/impl/verilog/project.runs/bd_0_hls_inst_0_synth_1/dont_touch.xdc]
Completed Processing XDC Constraints

Netlist sorting complete. Time (s): cpu = 00:00:00 ; elapsed = 00:00:00.008 . Memory (MB): peak = 2133.652 ; gain = 0.000
INFO: [Project 1-111] Unisim Transformation Summary:
  A total of 22 instances were transformed.
  FDE => FDRE: 22 instances

Constraint Validation Runtime : Time (s): cpu = 00:00:01 ; elapsed = 00:00:00.549 . Memory (MB): peak = 2159.520 ; gain = 25.867
---------------------------------------------------------------------------------
Finished Constraint Validation : Time (s): cpu = 00:00:26 ; elapsed = 00:00:26 . Memory (MB): peak = 2159.520 ; gain = 1049.793
---------------------------------------------------------------------------------
---------------------------------------------------------------------------------
Start Loading Part and Timing Information
---------------------------------------------------------------------------------
Loading part: xc7z030sbg485-3
---------------------------------------------------------------------------------
Finished Loading Part and Timing Information : Time (s): cpu = 00:00:26 ; elapsed = 00:00:26 . Memory (MB): peak = 2159.520 ; gain = 1049.793
---------------------------------------------------------------------------------
---------------------------------------------------------------------------------
Start Applying 'set_property' XDC Constraints
---------------------------------------------------------------------------------
Applied set_property KEEP_HIERARCHY = SOFT for inst. (constraint file  C:/Projects/ParticleCoverHLS/solution1/impl/verilog/project.runs/bd_0_hls_inst_0_synth_1/dont_touch.xdc, line 9).
---------------------------------------------------------------------------------
Finished applying 'set_property' XDC Constraints : Time (s): cpu = 00:00:26 ; elapsed = 00:00:26 . Memory (MB): peak = 2159.520 ; gain = 1049.793
---------------------------------------------------------------------------------
INFO: [Synth 8-4490] FSM extraction disabled for register 'ap_CS_fsm_reg' through user attribute
INFO: [Synth 8-4490] FSM extraction disabled for register 'ap_CS_fsm_reg' through user attribute
INFO: [Synth 8-4490] FSM extraction disabled for register 'ap_CS_fsm_reg' through user attribute
INFO: [Synth 8-4490] FSM extraction disabled for register 'ap_CS_fsm_reg' through user attribute
INFO: [Synth 8-4490] FSM extraction disabled for register 'ap_CS_fsm_reg' through user attribute
INFO: [Synth 8-4490] FSM extraction disabled for register 'ap_CS_fsm_reg' through user attribute
INFO: [Synth 8-4490] FSM extraction disabled for register 'ap_CS_fsm_reg' through user attribute
INFO: [Synth 8-4490] FSM extraction disabled for register 'ap_CS_fsm_reg' through user attribute
INFO: [Synth 8-4490] FSM extraction disabled for register 'ap_CS_fsm_reg' through user attribute
INFO: [Synth 8-4490] FSM extraction disabled for register 'ap_CS_fsm_reg' through user attribute
INFO: [Synth 8-4490] FSM extraction disabled for register 'ap_CS_fsm_reg' through user attribute
INFO: [Synth 8-4490] FSM extraction disabled for register 'ap_CS_fsm_reg' through user attribute
INFO: [Synth 8-4490] FSM extraction disabled for register 'ap_CS_fsm_reg' through user attribute
INFO: [Synth 8-4490] FSM extraction disabled for register 'ap_CS_fsm_reg' through user attribute
INFO: [Synth 8-4490] FSM extraction disabled for register 'ap_CS_fsm_reg' through user attribute
INFO: [Synth 8-3971] The signal "system_top_patch_buffer_V_ram:/ram_reg" was recognized as a true dual port RAM template.
INFO: [Synth 8-3971] The signal "system_top_p_shadowquilt_main_loop_make_verticle_strip_new_z_i_index_V_ram:/ram_reg" was recognized as a true dual port RAM template.
INFO: [Synth 8-3971] The signal "system_top_makePatch_alignedToLine_init_patch_V_ram:/ram_reg" was recognized as a true dual port RAM template.
INFO: [Synth 8-3971] The signal "system_top_get_acceptanceCorners_a_corner_list_V_ram:/ram_reg" was recognized as a true dual port RAM template.
---------------------------------------------------------------------------------
Finished RTL Optimization Phase 2 : Time (s): cpu = 00:00:31 ; elapsed = 00:00:31 . Memory (MB): peak = 2159.520 ; gain = 1049.793
---------------------------------------------------------------------------------
INFO: [Synth 8-223] decloning instance 'flt_add_dsp:/DSP48E1_BODY.ALIGN_ADD/SUB_DELAY' (delay__parameterized0) to 'flt_add_dsp:/DSP48E1_BODY.ALIGN_ADD/SUB_ADD_IP_DELAY'
INFO: [Synth 8-223] decloning instance 'inst/grp_p_shadowquilt_main_loop_make_verticle_strip_fu_565/grp_makePatch_alignedToLine_fu_1322/grp_alignedtoline_per_layer_loop8_fu_183/grp_p_find_boundaries_and_starting_index_and_value9_fu_922/p_find_left_and_right_boundaries11_U0/faddfsub_32ns_32ns_32_4_full_dsp_1_U6/system_top_ap_faddfsub_2_full_dsp_32_u/inst/i_synth/DELAY_DIVIDE_BY_ZERO' (delay__parameterized0) to 'inst/grp_p_shadowquilt_main_loop_make_verticle_strip_fu_565/grp_makePatch_alignedToLine_fu_1322/grp_alignedtoline_per_layer_loop8_fu_183/grp_p_find_boundaries_and_starting_index_and_value9_fu_922/p_find_left_and_right_boundaries11_U0/faddfsub_32ns_32ns_32_4_full_dsp_1_U6/system_top_ap_faddfsub_2_full_dsp_32_u/inst/i_synth/DELAY_ACCUM_OVERFLOW'
INFO: [Synth 8-223] decloning instance 'inst/grp_p_shadowquilt_main_loop_make_verticle_strip_fu_565/grp_makePatch_alignedToLine_fu_1322/grp_alignedtoline_per_layer_loop8_fu_183/grp_p_find_boundaries_and_starting_index_and_value9_fu_922/p_find_left_and_right_boundaries11_U0/faddfsub_32ns_32ns_32_4_full_dsp_1_U6/system_top_ap_faddfsub_2_full_dsp_32_u/inst/i_synth/DELAY_DIVIDE_BY_ZERO' (delay__parameterized0) to 'inst/grp_p_shadowquilt_main_loop_make_verticle_strip_fu_565/grp_makePatch_alignedToLine_fu_1322/grp_alignedtoline_per_layer_loop8_fu_183/grp_p_find_boundaries_and_starting_index_and_value9_fu_922/p_find_left_and_right_boundaries11_U0/faddfsub_32ns_32ns_32_4_full_dsp_1_U6/system_top_ap_faddfsub_2_full_dsp_32_u/inst/i_synth/DELAY_ACCUM_INPUT_OVERFLOW'
INFO: [Synth 8-223] decloning instance 'system_top_fpext_32ns_64_2_no_dsp_1:/system_top_ap_fpext_0_no_dsp_32_u/inst/i_synth/DELAY_INVALID_OP' (delay__parameterized0) to 'system_top_fpext_32ns_64_2_no_dsp_1:/system_top_ap_fpext_0_no_dsp_32_u/inst/i_synth/DELAY_DIVIDE_BY_ZERO'
INFO: [Synth 8-223] decloning instance 'system_top_fpext_32ns_64_2_no_dsp_1:/system_top_ap_fpext_0_no_dsp_32_u/inst/i_synth/DELAY_INVALID_OP' (delay__parameterized0) to 'system_top_fpext_32ns_64_2_no_dsp_1:/system_top_ap_fpext_0_no_dsp_32_u/inst/i_synth/DELAY_ACCUM_OVERFLOW'
INFO: [Synth 8-223] decloning instance 'system_top_fpext_32ns_64_2_no_dsp_1:/system_top_ap_fpext_0_no_dsp_32_u/inst/i_synth/DELAY_INVALID_OP' (delay__parameterized0) to 'system_top_fpext_32ns_64_2_no_dsp_1:/system_top_ap_fpext_0_no_dsp_32_u/inst/i_synth/DELAY_ACCUM_INPUT_OVERFLOW'
INFO: [Synth 8-223] decloning instance 'inst/grp_p_shadowquilt_main_loop_make_verticle_strip_fu_565/grp_makePatch_alignedToLine_fu_1322/grp_alignedtoline_per_layer_loop8_fu_183/grp_p_find_boundaries_and_starting_index_and_value9_fu_922/p_find_starting_index_and_value10_U0/fsub_32ns_32ns_32_4_full_dsp_1_U19/system_top_ap_fsub_2_full_dsp_32_u/inst/i_synth/DELAY_DIVIDE_BY_ZERO' (delay__parameterized0) to 'inst/grp_p_shadowquilt_main_loop_make_verticle_strip_fu_565/grp_makePatch_alignedToLine_fu_1322/grp_alignedtoline_per_layer_loop8_fu_183/grp_p_find_boundaries_and_starting_index_and_value9_fu_922/p_find_starting_index_and_value10_U0/fsub_32ns_32ns_32_4_full_dsp_1_U19/system_top_ap_fsub_2_full_dsp_32_u/inst/i_synth/DELAY_ACCUM_OVERFLOW'
INFO: [Synth 8-223] decloning instance 'inst/grp_p_shadowquilt_main_loop_make_verticle_strip_fu_565/grp_makePatch_alignedToLine_fu_1322/grp_alignedtoline_per_layer_loop8_fu_183/grp_p_find_boundaries_and_starting_index_and_value9_fu_922/p_find_starting_index_and_value10_U0/fsub_32ns_32ns_32_4_full_dsp_1_U19/system_top_ap_fsub_2_full_dsp_32_u/inst/i_synth/DELAY_DIVIDE_BY_ZERO' (delay__parameterized0) to 'inst/grp_p_shadowquilt_main_loop_make_verticle_strip_fu_565/grp_makePatch_alignedToLine_fu_1322/grp_alignedtoline_per_layer_loop8_fu_183/grp_p_find_boundaries_and_starting_index_and_value9_fu_922/p_find_starting_index_and_value10_U0/fsub_32ns_32ns_32_4_full_dsp_1_U19/system_top_ap_fsub_2_full_dsp_32_u/inst/i_synth/DELAY_ACCUM_INPUT_OVERFLOW'
INFO: [Synth 8-223] decloning instance 'inst/grp_p_shadowquilt_main_loop_make_verticle_strip_fu_565/grp_makePatch_alignedToLine_fu_1322/grp_alignedtoline_per_layer_loop8_fu_183/grp_p_find_boundaries_and_starting_index_and_value9_fu_922/p_find_starting_index_and_value10_U0/fcmp_32ns_32ns_1_2_no_dsp_1_U20/system_top_ap_fcmp_0_no_dsp_32_u/inst/i_synth/DELAY_DIVIDE_BY_ZERO' (delay__parameterized0) to 'inst/grp_p_shadowquilt_main_loop_make_verticle_strip_fu_565/grp_makePatch_alignedToLine_fu_1322/grp_alignedtoline_per_layer_loop8_fu_183/grp_p_find_boundaries_and_starting_index_and_value9_fu_922/p_find_starting_index_and_value10_U0/fcmp_32ns_32ns_1_2_no_dsp_1_U20/system_top_ap_fcmp_0_no_dsp_32_u/inst/i_synth/DELAY_OVERFLOW'
INFO: [Synth 8-223] decloning instance 'inst/grp_p_shadowquilt_main_loop_make_verticle_strip_fu_565/grp_makePatch_alignedToLine_fu_1322/grp_alignedtoline_per_layer_loop8_fu_183/grp_p_find_boundaries_and_starting_index_and_value9_fu_922/p_find_starting_index_and_value10_U0/fcmp_32ns_32ns_1_2_no_dsp_1_U20/system_top_ap_fcmp_0_no_dsp_32_u/inst/i_synth/DELAY_DIVIDE_BY_ZERO' (delay__parameterized0) to 'inst/grp_p_shadowquilt_main_loop_make_verticle_strip_fu_565/grp_makePatch_alignedToLine_fu_1322/grp_alignedtoline_per_layer_loop8_fu_183/grp_p_find_boundaries_and_starting_index_and_value9_fu_922/p_find_starting_index_and_value10_U0/fcmp_32ns_32ns_1_2_no_dsp_1_U20/system_top_ap_fcmp_0_no_dsp_32_u/inst/i_synth/DELAY_UNDERFLOW'
INFO: [Synth 8-223] decloning instance 'inst/grp_p_shadowquilt_main_loop_make_verticle_strip_fu_565/grp_makePatch_alignedToLine_fu_1322/grp_alignedtoline_per_layer_loop8_fu_183/grp_p_find_boundaries_and_starting_index_and_value9_fu_922/p_find_starting_index_and_value10_U0/fcmp_32ns_32ns_1_2_no_dsp_1_U20/system_top_ap_fcmp_0_no_dsp_32_u/inst/i_synth/DELAY_DIVIDE_BY_ZERO' (delay__parameterized0) to 'inst/grp_p_shadowquilt_main_loop_make_verticle_strip_fu_565/grp_makePatch_alignedToLine_fu_1322/grp_alignedtoline_per_layer_loop8_fu_183/grp_p_find_boundaries_and_starting_index_and_value9_fu_922/p_find_starting_index_and_value10_U0/fcmp_32ns_32ns_1_2_no_dsp_1_U20/system_top_ap_fcmp_0_no_dsp_32_u/inst/i_synth/DELAY_ACCUM_OVERFLOW'
INFO: [Synth 8-223] decloning instance 'inst/grp_p_shadowquilt_main_loop_make_verticle_strip_fu_565/grp_makePatch_alignedToLine_fu_1322/grp_alignedtoline_per_layer_loop8_fu_183/grp_p_find_boundaries_and_starting_index_and_value9_fu_922/p_find_starting_index_and_value10_U0/fcmp_32ns_32ns_1_2_no_dsp_1_U20/system_top_ap_fcmp_0_no_dsp_32_u/inst/i_synth/DELAY_DIVIDE_BY_ZERO' (delay__parameterized0) to 'inst/grp_p_shadowquilt_main_loop_make_verticle_strip_fu_565/grp_makePatch_alignedToLine_fu_1322/grp_alignedtoline_per_layer_loop8_fu_183/grp_p_find_boundaries_and_starting_index_and_value9_fu_922/p_find_starting_index_and_value10_U0/fcmp_32ns_32ns_1_2_no_dsp_1_U20/system_top_ap_fcmp_0_no_dsp_32_u/inst/i_synth/DELAY_ACCUM_INPUT_OVERFLOW'
INFO: [Synth 8-223] decloning instance 'inst/grp_p_shadowquilt_main_loop_make_verticle_strip_fu_565/grp_makePatch_alignedToLine_fu_1322/grp_alignedtoline_per_layer_loop8_fu_183/dcmp_64ns_64ns_1_2_no_dsp_1_U42/system_top_ap_dcmp_0_no_dsp_64_u/inst/i_synth/DELAY_DIVIDE_BY_ZERO' (delay__parameterized0) to 'inst/grp_p_shadowquilt_main_loop_make_verticle_strip_fu_565/grp_makePatch_alignedToLine_fu_1322/grp_alignedtoline_per_layer_loop8_fu_183/dcmp_64ns_64ns_1_2_no_dsp_1_U42/system_top_ap_dcmp_0_no_dsp_64_u/inst/i_synth/DELAY_OVERFLOW'
INFO: [Synth 8-223] decloning instance 'inst/grp_p_shadowquilt_main_loop_make_verticle_strip_fu_565/grp_makePatch_alignedToLine_fu_1322/grp_alignedtoline_per_layer_loop8_fu_183/dcmp_64ns_64ns_1_2_no_dsp_1_U42/system_top_ap_dcmp_0_no_dsp_64_u/inst/i_synth/DELAY_DIVIDE_BY_ZERO' (delay__parameterized0) to 'inst/grp_p_shadowquilt_main_loop_make_verticle_strip_fu_565/grp_makePatch_alignedToLine_fu_1322/grp_alignedtoline_per_layer_loop8_fu_183/dcmp_64ns_64ns_1_2_no_dsp_1_U42/system_top_ap_dcmp_0_no_dsp_64_u/inst/i_synth/DELAY_UNDERFLOW'
INFO: [Synth 8-223] decloning instance 'inst/grp_p_shadowquilt_main_loop_make_verticle_strip_fu_565/grp_makePatch_alignedToLine_fu_1322/grp_alignedtoline_per_layer_loop8_fu_183/dcmp_64ns_64ns_1_2_no_dsp_1_U42/system_top_ap_dcmp_0_no_dsp_64_u/inst/i_synth/DELAY_DIVIDE_BY_ZERO' (delay__parameterized0) to 'inst/grp_p_shadowquilt_main_loop_make_verticle_strip_fu_565/grp_makePatch_alignedToLine_fu_1322/grp_alignedtoline_per_layer_loop8_fu_183/dcmp_64ns_64ns_1_2_no_dsp_1_U42/system_top_ap_dcmp_0_no_dsp_64_u/inst/i_synth/DELAY_ACCUM_OVERFLOW'
INFO: [Synth 8-223] decloning instance 'inst/grp_p_shadowquilt_main_loop_make_verticle_strip_fu_565/grp_makePatch_alignedToLine_fu_1322/grp_alignedtoline_per_layer_loop8_fu_183/dcmp_64ns_64ns_1_2_no_dsp_1_U42/system_top_ap_dcmp_0_no_dsp_64_u/inst/i_synth/DELAY_DIVIDE_BY_ZERO' (delay__parameterized0) to 'inst/grp_p_shadowquilt_main_loop_make_verticle_strip_fu_565/grp_makePatch_alignedToLine_fu_1322/grp_alignedtoline_per_layer_loop8_fu_183/dcmp_64ns_64ns_1_2_no_dsp_1_U42/system_top_ap_dcmp_0_no_dsp_64_u/inst/i_synth/DELAY_ACCUM_INPUT_OVERFLOW'
---------------------------------------------------------------------------------
Start RTL Component Statistics 
---------------------------------------------------------------------------------
---------------------------------------------------------------------------------
Finished RTL Component Statistics 
---------------------------------------------------------------------------------
---------------------------------------------------------------------------------
Start Part Resource Summary
---------------------------------------------------------------------------------
Part Resources:
DSPs: 400 (col length:80)
BRAMs: 530 (col length: RAMB18 80 RAMB36 40)
---------------------------------------------------------------------------------
Finished Part Resource Summary
---------------------------------------------------------------------------------
---------------------------------------------------------------------------------
Start Cross Boundary and Area Optimization
---------------------------------------------------------------------------------
INFO: [Synth 8-3971] The signal "inst/init_patch_V_U/system_top_makePatch_alignedToLine_init_patch_V_ram_U/ram_reg" was recognized as a true dual port RAM template.
INFO: [Synth 8-3971] The signal "inst/new_z_i_index_V_U/system_top_p_shadowquilt_main_loop_make_verticle_strip_new_z_i_index_V_ram_U/ram_reg" was recognized as a true dual port RAM template.
INFO: [Synth 8-3971] The signal "inst/grp_p_shadowquilt_main_loop_make_verticle_strip_fu_565i_17_7/grp_get_acceptanceCorners_fu_1445/a_corner_list_V_U/system_top_get_acceptanceCorners_a_corner_list_V_ram_U/ram_reg" was recognized as a true dual port RAM template.
INFO: [Synth 8-3971] The signal "inst/grp_p_shadowquilt_main_loop_make_verticle_strip_fu_565i_17_7/grp_get_acceptanceCorners_fu_1445/b_corner_list_V_U/system_top_get_acceptanceCorners_a_corner_list_V_ram_U/ram_reg" was recognized as a true dual port RAM template.
INFO: [Synth 8-3971] The signal "inst/grp_p_shadowquilt_main_loop_make_verticle_strip_fu_565i_17_7/grp_get_acceptanceCorners_fu_1445/c_corner_list_V_U/system_top_get_acceptanceCorners_a_corner_list_V_ram_U/ram_reg" was recognized as a true dual port RAM template.
INFO: [Synth 8-3971] The signal "inst/grp_p_shadowquilt_main_loop_make_verticle_strip_fu_565i_17_7/grp_get_acceptanceCorners_fu_1445/d_corner_list_V_U/system_top_get_acceptanceCorners_a_corner_list_V_ram_U/ram_reg" was recognized as a true dual port RAM template.
INFO: [Synth 8-3971] The signal "inst/patch_buffer_V_U/system_top_patch_buffer_V_ram_U/ram_reg" was recognized as a true dual port RAM template.
---------------------------------------------------------------------------------
Finished Cross Boundary and Area Optimization : Time (s): cpu = 00:01:39 ; elapsed = 00:01:40 . Memory (MB): peak = 2159.520 ; gain = 1049.793
---------------------------------------------------------------------------------
---------------------------------------------------------------------------------
Start Applying XDC Timing Constraints
---------------------------------------------------------------------------------
---------------------------------------------------------------------------------
Finished Applying XDC Timing Constraints : Time (s): cpu = 00:01:45 ; elapsed = 00:01:46 . Memory (MB): peak = 2159.520 ; gain = 1049.793
---------------------------------------------------------------------------------
---------------------------------------------------------------------------------
Start Timing Optimization
---------------------------------------------------------------------------------
---------------------------------------------------------------------------------
Finished Timing Optimization : Time (s): cpu = 00:01:52 ; elapsed = 00:01:53 . Memory (MB): peak = 2159.520 ; gain = 1049.793
---------------------------------------------------------------------------------
---------------------------------------------------------------------------------
Start Technology Mapping
---------------------------------------------------------------------------------
INFO: [Synth 8-7052] The timing for the instance inst/grp_p_shadowquilt_main_loop_make_verticle_strip_fu_565/grp_makePatch_alignedToLine_fu_1322/init_patch_V_U/system_top_makePatch_alignedToLine_init_patch_V_ram_U/ram_reg_0 (implemented as a Block RAM) might be sub-optimal as no optional output register could be merged into the ram block. Providing additional output register may help in improving timing.
INFO: [Synth 8-7052] The timing for the instance inst/grp_p_shadowquilt_main_loop_make_verticle_strip_fu_565/grp_makePatch_alignedToLine_fu_1322/init_patch_V_U/system_top_makePatch_alignedToLine_init_patch_V_ram_U/ram_reg_0 (implemented as a Block RAM) might be sub-optimal as no optional output register could be merged into the ram block. Providing additional output register may help in improving timing.
INFO: [Synth 8-7052] The timing for the instance inst/grp_p_shadowquilt_main_loop_make_verticle_strip_fu_565/grp_makePatch_alignedToLine_fu_1322/init_patch_V_U/system_top_makePatch_alignedToLine_init_patch_V_ram_U/ram_reg_1 (implemented as a Block RAM) might be sub-optimal as no optional output register could be merged into the ram block. Providing additional output register may help in improving timing.
INFO: [Synth 8-7052] The timing for the instance inst/grp_p_shadowquilt_main_loop_make_verticle_strip_fu_565/grp_makePatch_alignedToLine_fu_1322/init_patch_V_U/system_top_makePatch_alignedToLine_init_patch_V_ram_U/ram_reg_2 (implemented as a Block RAM) might be sub-optimal as no optional output register could be merged into the ram block. Providing additional output register may help in improving timing.
INFO: [Synth 8-7052] The timing for the instance inst/grp_p_shadowquilt_main_loop_make_verticle_strip_fu_565/new_z_i_index_V_U/system_top_p_shadowquilt_main_loop_make_verticle_strip_new_z_i_index_V_ram_U/ram_reg (implemented as a Block RAM) might be sub-optimal as no optional output register could be merged into the ram block. Providing additional output register may help in improving timing.
INFO: [Synth 8-7052] The timing for the instance inst/grp_p_shadowquilt_main_loop_make_verticle_strip_fu_565/new_z_i_index_V_U/system_top_p_shadowquilt_main_loop_make_verticle_strip_new_z_i_index_V_ram_U/ram_reg (implemented as a Block RAM) might be sub-optimal as no optional output register could be merged into the ram block. Providing additional output register may help in improving timing.
INFO: [Synth 8-7052] The timing for the instance inst/grp_p_shadowquilt_main_loop_make_verticle_strip_fu_565/grp_get_acceptanceCorners_fu_1445/a_corner_list_V_U/system_top_get_acceptanceCorners_a_corner_list_V_ram_U/ram_reg (implemented as a Block RAM) might be sub-optimal as no optional output register could be merged into the ram block. Providing additional output register may help in improving timing.
INFO: [Synth 8-7052] The timing for the instance inst/grp_p_shadowquilt_main_loop_make_verticle_strip_fu_565/grp_get_acceptanceCorners_fu_1445/b_corner_list_V_U/system_top_get_acceptanceCorners_a_corner_list_V_ram_U/ram_reg (implemented as a Block RAM) might be sub-optimal as no optional output register could be merged into the ram block. Providing additional output register may help in improving timing.
INFO: [Synth 8-7052] The timing for the instance inst/grp_p_shadowquilt_main_loop_make_verticle_strip_fu_565/grp_get_acceptanceCorners_fu_1445/c_corner_list_V_U/system_top_get_acceptanceCorners_a_corner_list_V_ram_U/ram_reg (implemented as a Block RAM) might be sub-optimal as no optional output register could be merged into the ram block. Providing additional output register may help in improving timing.
INFO: [Synth 8-7052] The timing for the instance inst/grp_p_shadowquilt_main_loop_make_verticle_strip_fu_565/grp_get_acceptanceCorners_fu_1445/d_corner_list_V_U/system_top_get_acceptanceCorners_a_corner_list_V_ram_U/ram_reg (implemented as a Block RAM) might be sub-optimal as no optional output register could be merged into the ram block. Providing additional output register may help in improving timing.
INFO: [Synth 8-7052] The timing for the instance inst/patch_buffer_V_U/system_top_patch_buffer_V_ram_U/ram_reg (implemented as a Block RAM) might be sub-optimal as no optional output register could be merged into the ram block. Providing additional output register may help in improving timing.
INFO: [Synth 8-7052] The timing for the instance inst/patch_buffer_V_U/system_top_patch_buffer_V_ram_U/ram_reg (implemented as a Block RAM) might be sub-optimal as no optional output register could be merged into the ram block. Providing additional output register may help in improving timing.
---------------------------------------------------------------------------------
Finished Technology Mapping : Time (s): cpu = 00:02:23 ; elapsed = 00:02:24 . Memory (MB): peak = 2159.520 ; gain = 1049.793
---------------------------------------------------------------------------------
---------------------------------------------------------------------------------
Start IO Insertion
---------------------------------------------------------------------------------
---------------------------------------------------------------------------------
Start Flattening Before IO Insertion
---------------------------------------------------------------------------------
---------------------------------------------------------------------------------
Finished Flattening Before IO Insertion
---------------------------------------------------------------------------------
---------------------------------------------------------------------------------
Start Final Netlist Cleanup
---------------------------------------------------------------------------------
---------------------------------------------------------------------------------
Finished Final Netlist Cleanup
---------------------------------------------------------------------------------
---------------------------------------------------------------------------------
Finished IO Insertion : Time (s): cpu = 00:02:27 ; elapsed = 00:02:28 . Memory (MB): peak = 2159.520 ; gain = 1049.793
---------------------------------------------------------------------------------
---------------------------------------------------------------------------------
Start Renaming Generated Instances
---------------------------------------------------------------------------------
---------------------------------------------------------------------------------
Finished Renaming Generated Instances : Time (s): cpu = 00:02:27 ; elapsed = 00:02:28 . Memory (MB): peak = 2159.520 ; gain = 1049.793
---------------------------------------------------------------------------------
---------------------------------------------------------------------------------
Start Rebuilding User Hierarchy
---------------------------------------------------------------------------------
---------------------------------------------------------------------------------
Finished Rebuilding User Hierarchy : Time (s): cpu = 00:02:30 ; elapsed = 00:02:30 . Memory (MB): peak = 2159.520 ; gain = 1049.793
---------------------------------------------------------------------------------
---------------------------------------------------------------------------------
Start Renaming Generated Ports
---------------------------------------------------------------------------------
---------------------------------------------------------------------------------
Finished Renaming Generated Ports : Time (s): cpu = 00:02:30 ; elapsed = 00:02:30 . Memory (MB): peak = 2159.520 ; gain = 1049.793
---------------------------------------------------------------------------------
---------------------------------------------------------------------------------
Start Handling Custom Attributes
---------------------------------------------------------------------------------
---------------------------------------------------------------------------------
Finished Handling Custom Attributes : Time (s): cpu = 00:02:30 ; elapsed = 00:02:31 . Memory (MB): peak = 2159.520 ; gain = 1049.793
---------------------------------------------------------------------------------
---------------------------------------------------------------------------------
Start Renaming Generated Nets
---------------------------------------------------------------------------------
---------------------------------------------------------------------------------
Finished Renaming Generated Nets : Time (s): cpu = 00:02:30 ; elapsed = 00:02:31 . Memory (MB): peak = 2159.520 ; gain = 1049.793
---------------------------------------------------------------------------------
---------------------------------------------------------------------------------
Start Writing Synthesis Report
---------------------------------------------------------------------------------

Report BlackBoxes: 
+-+--------------+----------+
| |BlackBox name |Instances |
+-+--------------+----------+
+-+--------------+----------+

Report Cell Usage: 
+------+---------+------+
|      |Cell     |Count |
+------+---------+------+
|1     |CARRY4   |  2857|
|2     |DSP48E1  |    58|
|17    |LUT1     |  4546|
|18    |LUT2     |  4002|
|19    |LUT3     |  7168|
|20    |LUT4     |  3105|
|21    |LUT5     |  2614|
|22    |LUT6     |  4206|
|23    |MUXCY    |   246|
|24    |MUXF7    |    16|
|25    |MUXF8    |     3|
|26    |RAM16X1D |   128|
|27    |RAM16X1S |   389|
|28    |RAMB36E1 |     9|
|30    |SRL16E   |    55|
|31    |SRLC32E  |   579|
|32    |XORCY    |    34|
|33    |FDE      |    22|
|34    |FDRE     | 14909|
|35    |FDSE     |   175|
+------+---------+------+
---------------------------------------------------------------------------------
Finished Writing Synthesis Report : Time (s): cpu = 00:02:31 ; elapsed = 00:02:31 . Memory (MB): peak = 2159.520 ; gain = 1049.793
---------------------------------------------------------------------------------
Synthesis finished with 0 errors, 0 critical warnings and 0 warnings.
Synthesis Optimization Runtime : Time (s): cpu = 00:02:07 ; elapsed = 00:02:19 . Memory (MB): peak = 2159.520 ; gain = 377.547
Synthesis Optimization Complete : Time (s): cpu = 00:02:31 ; elapsed = 00:02:31 . Memory (MB): peak = 2159.520 ; gain = 1049.793
INFO: [Project 1-571] Translating synthesized netlist
Netlist sorting complete. Time (s): cpu = 00:00:00 ; elapsed = 00:00:00.545 . Memory (MB): peak = 2159.520 ; gain = 0.000
INFO: [Netlist 29-17] Analyzing 3762 Unisim elements for replacement
INFO: [Netlist 29-28] Unisim Transformation completed in 0 CPU seconds
INFO: [Project 1-570] Preparing netlist for logic optimization
INFO: [Opt 31-138] Pushed 0 inverter(s) to 0 load pin(s).
Netlist sorting complete. Time (s): cpu = 00:00:00 ; elapsed = 00:00:00.007 . Memory (MB): peak = 2159.520 ; gain = 0.000
INFO: [Project 1-111] Unisim Transformation Summary:
  A total of 606 instances were transformed.
  (MUXCY,XORCY) => CARRY4: 67 instances
  FDE => FDRE: 22 instances
  RAM16X1D => RAM32X1D (RAMD32(x2)): 128 instances
  RAM16X1S => RAM32X1S (RAMS32): 389 instances

INFO: [Common 17-83] Releasing license: Synthesis
235 Infos, 9 Warnings, 0 Critical Warnings and 0 Errors encountered.
synth_design completed successfully
synth_design: Time (s): cpu = 00:02:39 ; elapsed = 00:02:40 . Memory (MB): peak = 2159.520 ; gain = 1049.793
INFO: [Common 17-1381] The checkpoint 'C:/Projects/ParticleCoverHLS/solution1/impl/verilog/project.runs/bd_0_hls_inst_0_synth_1/bd_0_hls_inst_0.dcp' has been generated.
WARNING: [Common 17-576] 'use_project_ipc' is deprecated. This option is deprecated and no longer used.
INFO: [Coretcl 2-1648] Added synthesis output to IP cache for IP bd_0_hls_inst_0, cache-ID = 51ac61d5a7288e61
INFO: [Coretcl 2-1174] Renamed 315 cell refs.
INFO: [Common 17-1381] The checkpoint 'C:/Projects/ParticleCoverHLS/solution1/impl/verilog/project.runs/bd_0_hls_inst_0_synth_1/bd_0_hls_inst_0.dcp' has been generated.
INFO: [runtcl-4] Executing : report_utilization -file bd_0_hls_inst_0_utilization_synth.rpt -pb bd_0_hls_inst_0_utilization_synth.pb
INFO: [Common 17-206] Exiting Vivado at Sat Jul 20 20:46:31 2024...
